,Atha_C4H.orf,Atha_CPR1.orf,Atha_PAL1.orf,Ec_AROL.orf,Sc_ARO1.orf,Sc_ARO2.orf,Sc_ARO4_OFP.orf_0001,Sc_ARO8.orf_0001,Sc_ENO2.orf,Sc_FBA1.orf,Sc_GND1.orf,Sc_GND2.orf,Sc_PHA2.orf,Sc_RKI1.orf_0002,Sc_SOL3.orf_0001,Sc_SOL4.orf,Sc_TKL1.orf_0001,Sc_YHM2.orf,Sc_ZWF1.orf
Coum_Library1_Col275,5.208569578277678,4.495607940553331,5.068931757807924,4.54247450454365,0.0,4.58471086895187,2.9255478788689,4.27077192556323,0.0,0.0,0.0,0.0,0.0,4.28433067876482,0.0,0.0,4.27077192556323,0.0,0.0
Coum_Library4_Col009,5.208569578277678,4.495607940553331,5.301774587857065,4.54247450454365,0.0,0.0,2.9255478788689,4.27077192556323,0.0,4.19359602421655,4.837731946586496,0.0,4.58471086895187,4.66543134180047,0.0,5.205552565356442,4.48918487694287,4.647874866388481,0.0
Coum_Library4_Col166,5.208569578277678,4.495607940553331,4.887218015751893,4.54247450454365,4.45864804708195,0.0,2.9255478788689,0.0,4.66543134180047,0.0,0.0,0.0,0.0,0.0,0.0,0.0,4.647066113786595,4.45864804708195,5.09066053437317
Coum_Library1_Col568,5.208569578277678,4.8434705271522205,4.887218015751893,4.54247450454365,4.54247450454365,4.54247450454365,2.9255478788689,0.0,0.0,4.28433067876482,0.0,0.0,4.27077192556323,0.0,0.0,0.0,4.27077192556323,0.0,0.0
Coum_Library3_Col663,5.454634295969517,4.495607940553331,4.887218015751893,4.54247450454365,0.0,0.0,2.9255478788689,0.0,0.0,0.0,0.0,0.0,4.45864804708195,5.09066053437317,4.28433067876482,0.0,0.0,0.0,0.0
Coum_Library3_Col645,5.208569578277678,4.495607940553331,5.0510971793342625,4.54247450454365,0.0,0.0,2.9255478788689,4.19359602421655,0.0,0.0,0.0,4.90452256969246,4.45864804708195,0.0,4.6028417006994,0.0,4.66543134180047,0.0,0.0
Coum_Library1_Col629,5.208569578277678,4.495607940553331,5.0492213851422125,4.54247450454365,0.0,0.0,2.9255478788689,4.48918487694287,0.0,4.58471086895187,4.19359602421655,4.966461337464451,4.45864804708195,0.0,4.6028417006994,0.0,4.732479056638193,0.0,0.0
Coum_Library1_Col417,5.304748488056214,4.495607940553331,4.887218015751893,4.54247450454365,0.0,4.66543134180047,2.9255478788689,0.0,0.0,0.0,0.0,0.0,4.54247450454365,4.696005593776429,0.0,0.0,0.0,0.0,0.0
Coum_Library4_Col664,5.454634295969517,4.495607940553331,4.887218015751893,4.54247450454365,0.0,4.48918487694287,2.9255478788689,4.45864804708195,0.0,0.0,0.0,0.0,4.45864804708195,4.647066113786595,4.6028417006994,4.66543134180047,4.45864804708195,0.0,0.0
Coum_Library1_Col010,5.208569578277678,4.495607940553331,4.887218015751893,4.54247450454365,3.98171936647388,4.27077192556323,2.9255478788689,0.0,0.0,0.0,0.0,4.58471086895187,3.98171936647388,0.0,0.0,0.0,4.6028417006994,0.0,0.0
Coum_Library3_Col641,5.208569578277678,4.495607940553331,4.887218015751893,4.54247450454365,0.0,4.54247450454365,2.9255478788689,4.27077192556323,0.0,0.0,0.0,0.0,4.681207222692074,0.0,4.542358633891378,4.66543134180047,3.98171936647388,4.27077192556323,0.0
Coum_Library1_Col662,5.208569578277678,4.495607940553331,5.068931757807924,4.54247450454365,4.45864804708195,0.0,2.9255478788689,4.694596471345018,0.0,0.0,0.0,3.98171936647388,0.0,4.28433067876482,4.944819631075142,4.927973804236592,0.0,4.73277503858907,5.09066053437317
Coum_Library1_Col116,5.301206501961868,4.495607940553331,5.0492213851422125,4.54247450454365,0.0,0.0,2.9255478788689,4.58471086895187,0.0,0.0,0.0,3.98171936647388,0.0,0.0,0.0,0.0,0.0,4.6758211560466325,0.0
Coum_Library3_Col132,5.208569578277678,4.495607940553331,4.887218015751893,4.54247450454365,0.0,4.54247450454365,2.9255478788689,0.0,0.0,0.0,0.0,0.0,4.54847060365979,0.0,0.0,0.0,4.48918487694287,4.28433067876482,0.0
Coum_Library2_Col264,5.454634295969517,4.495607940553331,5.18343421145338,4.54247450454365,3.98171936647388,4.58471086895187,4.673265241568443,4.54247450454365,0.0,0.0,4.843388629555359,0.0,4.66543134180047,0.0,4.27077192556323,0.0,4.45864804708195,4.58471086895187,0.0
Coum_Library2_Col680,5.293405715226805,4.495607940553331,5.301774587857065,4.54247450454365,4.54247450454365,0.0,2.9255478788689,4.28433067876482,5.09066053437317,4.542358633891378,0.0,4.66543134180047,0.0,4.28433067876482,0.0,0.0,4.66543134180047,0.0,5.09066053437317
Coum_Library2_Col101,5.208569578277678,4.495607940553331,4.887218015751893,4.54247450454365,4.48918487694287,4.58471086895187,2.9255478788689,0.0,0.0,0.0,0.0,0.0,4.27077192556323,4.9119064937798935,0.0,0.0,0.0,0.0,0.0
Coum_Library1_Col253,5.208569578277678,4.495607940553331,5.38096202032138,4.54247450454365,4.850750785269249,4.966461337464451,4.673265241568443,4.694596471345018,4.66543134180047,0.0,0.0,0.0,4.282749362137862,4.773183779911765,0.0,0.0,4.791697606496723,4.45864804708195,0.0
Coum_Library3_Col627,5.454634295969517,4.495607940553331,4.887218015751893,4.54247450454365,4.54247450454365,4.66543134180047,2.9255478788689,4.86799863682664,0.0,4.58471086895187,0.0,3.98171936647388,4.54847060365979,4.542358633891378,0.0,0.0,0.0,4.790214872606851,0.0
Coum_Library2_Col041,5.304748488056214,4.495607940553331,5.18343421145338,4.54247450454365,0.0,0.0,2.9255478788689,4.27077192556323,0.0,0.0,4.28433067876482,4.54247450454365,0.0,4.6028417006994,0.0,4.66543134180047,4.48918487694287,0.0,0.0
Coum_Library3_Col520,5.208569578277678,4.495607940553331,5.0492213851422125,4.54247450454365,0.0,4.45864804708195,2.9255478788689,0.0,4.28433067876482,0.0,0.0,4.58471086895187,0.0,0.0,0.0,0.0,4.27077192556323,4.28433067876482,0.0
Coum_Library4_Col186,5.208569578277678,4.495607940553331,4.887218015751893,4.54247450454365,0.0,0.0,2.9255478788689,0.0,5.09066053437317,0.0,0.0,0.0,0.0,0.0,4.6028417006994,0.0,0.0,0.0,5.181743033251618
Coum_Library3_Col003,5.208569578277678,4.495607940553331,4.887218015751893,4.54247450454365,0.0,0.0,2.9255478788689,0.0,0.0,4.28433067876482,0.0,3.98171936647388,4.48918487694287,0.0,0.0,0.0,0.0,0.0,0.0
Coum_Library2_Col344,5.293405715226805,4.495607940553331,5.091361277821956,4.54247450454365,4.28433067876482,0.0,2.9255478788689,4.6028417006994,5.061100930527829,0.0,0.0,0.0,0.0,0.0,0.0,0.0,0.0,4.28433067876482,0.0
Coum_Library1_Col425,5.304748488056214,4.495607940553331,5.068931757807924,4.54247450454365,3.98171936647388,4.66543134180047,4.673265241568443,0.0,0.0,4.6028417006994,0.0,0.0,0.0,0.0,0.0,0.0,0.0,0.0,0.0
Coum_Library3_Col004,5.208569578277678,4.495607940553331,5.091361277821956,4.54247450454365,5.337986740251072,4.696005593776429,2.9255478788689,4.48918487694287,4.6028417006994,0.0,0.0,0.0,4.66543134180047,0.0,4.45864804708195,0.0,5.321329625565872,4.681207222692074,0.0
Coum_Library3_Col534,5.208569578277678,4.495607940553331,5.091361277821956,4.843504500207631,4.401482425205673,4.48918487694287,3.2265778745328815,4.967819133962928,0.0,4.737209937931851,4.27077192556323,0.0,4.947061792064702,5.252617966566509,4.19359602421655,0.0,4.585360674428801,4.282749362137862,4.54847060365979
Coum_Library3_Col008,5.294475764944366,4.495607940553331,5.610952743106513,4.54247450454365,4.48918487694287,4.647965746680724,4.594127691835966,0.0,0.0,4.28433067876482,4.6028417006994,3.98171936647388,0.0,0.0,0.0,4.54247450454365,4.696005593776429,4.45864804708195,0.0
Coum_Library4_Col672,5.208569578277678,4.495607940553331,4.887218015751893,4.54247450454365,4.45864804708195,4.803610636876446,2.9255478788689,4.27077192556323,0.0,4.27077192556323,0.0,0.0,4.48918487694287,4.19359602421655,4.6028417006994,0.0,5.1424866974446815,4.927973804236592,5.0236708159163355
Coum_Library3_Col490,5.293405715226805,4.495607940553331,4.887218015751893,4.54247450454365,0.0,0.0,2.9255478788689,0.0,0.0,0.0,0.0,4.681434739500002,0.0,4.6028417006994,0.0,0.0,4.48918487694287,5.09066053437317,0.0
Coum_Library2_Col240,5.208569578277678,4.495607940553331,5.18343421145338,4.54247450454365,4.699755998547905,4.66543134180047,4.594127691835966,4.45864804708195,4.6028417006994,4.19359602421655,0.0,0.0,4.48918487694287,0.0,0.0,0.0,0.0,0.0,4.58471086895187
Coum_Library1_Col678,5.208569578277678,4.495607940553331,5.182051913832026,4.54247450454365,4.45864804708195,4.66543134180047,4.552841758731404,4.48918487694287,4.27077192556323,0.0,4.6028417006994,3.98171936647388,4.66543134180047,4.45864804708195,4.745769465361816,0.0,4.6028417006994,0.0,4.54247450454365
Coum_Library4_Col410,5.208569578277678,4.495607940553331,4.887218015751893,4.54247450454365,0.0,4.54247450454365,2.9255478788689,0.0,0.0,4.81249922101071,0.0,0.0,4.66543134180047,0.0,0.0,0.0,4.6028417006994,4.19359602421655,0.0
Coum_Library1_Col651,5.208569578277678,4.495607940553331,5.0492213851422125,4.54247450454365,4.45864804708195,0.0,2.9255478788689,0.0,0.0,0.0,0.0,0.0,4.927973804236592,0.0,0.0,0.0,4.27077192556323,4.19359602421655,0.0
Coum_Library3_Col347,5.208569578277678,4.495607940553331,5.0492213851422125,4.54247450454365,0.0,0.0,2.9255478788689,0.0,4.48918487694287,4.54847060365979,4.45864804708195,0.0,4.747193110263431,0.0,4.27077192556323,0.0,4.6028417006994,0.0,0.0
Coum_Library4_Col582,0.0,0.0,0.0,0.0,0.0,0.0,0.0,0.0,0.0,0.0,0.0,0.0,0.0,0.0,0.0,0.0,0.0,0.0,0.0
Coum_Library2_Col017,5.208569578277678,4.495607940553331,4.887218015751893,4.54247450454365,4.681207222692074,4.4508924781120776,4.552841758731404,4.768830871272901,4.54247450454365,4.28433067876482,0.0,0.0,5.229165050108989,0.0,4.759678042745931,4.54247450454365,0.0,4.6028417006994,0.0
Coum_Library4_Col362,5.208569578277678,4.495607940553331,4.887218015751893,4.54247450454365,0.0,3.98171936647388,2.9255478788689,4.6758211560466325,4.19359602421655,4.957375793673203,0.0,0.0,4.803610636876446,4.19359602421655,0.0,0.0,4.745769465361816,4.54247450454365,4.54247450454365
Coum_Library2_Col187,5.370981201457264,4.495607940553331,5.600429634758057,4.54247450454365,4.45864804708195,4.6028417006994,2.9255478788689,4.850750785269249,0.0,4.936293079012569,0.0,0.0,0.0,0.0,0.0,0.0,4.27077192556323,0.0,0.0
Coum_Library4_Col622,5.208569578277678,4.8434705271522205,4.887218015751893,4.54247450454365,4.903871696363381,4.48918487694287,4.673265241568443,4.7285632414505,5.181743033251618,4.19359602421655,4.534926028704391,4.282749362137862,4.733336736979912,4.66543134180047,4.6028417006994,4.54247450454365,4.58471086895187,3.98171936647388,0.0
Coum_Library3_Col664,5.208569578277678,4.495607940553331,5.0510971793342625,4.54247450454365,4.54247450454365,0.0,2.9255478788689,4.28433067876482,4.66543134180047,0.0,4.45864804708195,0.0,0.0,0.0,0.0,0.0,0.0,4.747193110263431,0.0
Coum_Library1_Col196,5.294475764944366,4.495607940553331,5.091361277821956,4.54247450454365,5.09066053437317,4.48918487694287,5.093619849119327,0.0,0.0,0.0,4.19359602421655,0.0,0.0,4.19359602421655,0.0,4.48918487694287,0.0,4.7327999209910505,4.6028417006994
Coum_Library2_Col402,5.449169859144734,4.495607940553331,5.536188300226196,4.54247450454365,0.0,4.817676529814633,2.9255478788689,4.803610636876446,4.96729518317921,4.6028417006994,4.6028417006994,3.98171936647388,4.45864804708195,3.98171936647388,0.0,0.0,5.229165050108989,0.0,5.198893264401573
Coum_Library1_Col373,5.301206501961868,4.495607940553331,5.1683721740685415,4.54247450454365,4.19359602421655,4.936293079012569,5.20120152206321,3.98171936647388,4.28433067876482,0.0,4.6028417006994,0.0,0.0,0.0,0.0,4.48918487694287,4.19359602421655,0.0,0.0
Coum_Library1_Col204,5.208569578277678,4.8434705271522205,5.38096202032138,4.54247450454365,4.852954429114977,4.936293079012569,4.611877462539103,0.0,0.0,0.0,0.0,0.0,0.0,4.6758211560466325,0.0,0.0,0.0,4.6028417006994,4.6028417006994
Coum_Library1_Col498,5.293405715226805,4.495607940553331,5.199439529650981,4.54247450454365,4.790214872606851,4.6028417006994,4.552841758731404,4.45864804708195,0.0,5.212949478144594,0.0,0.0,4.45864804708195,0.0,0.0,4.90452256969246,0.0,0.0,0.0
Coum_Library1_Col686,5.208569578277678,4.495607940553331,4.887218015751893,4.54247450454365,0.0,0.0,2.9255478788689,4.606733990595331,0.0,0.0,0.0,0.0,4.27077192556323,0.0,0.0,0.0,0.0,4.6028417006994,4.28433067876482
Coum_Library3_Col527,5.301206501961868,4.495607940553331,5.0510971793342625,4.54247450454365,4.904953517400442,4.66543134180047,2.9255478788689,4.19359602421655,0.0,0.0,4.6028417006994,0.0,3.98171936647388,4.903871696363381,0.0,0.0,5.091361277821956,4.990934230732718,4.909319883638178
Coum_Library2_Col082,5.304748488056214,4.495607940553331,5.182051913832026,4.54247450454365,5.0248128295586065,4.909319883638178,4.673265241568443,4.48918487694287,0.0,0.0,0.0,0.0,0.0,4.19359602421655,0.0,4.54247450454365,0.0,0.0,4.737209937931851
Coum_Library4_Col072,5.208569578277678,4.495607940553331,4.887218015751893,4.54247450454365,4.647066113786595,4.66543134180047,2.9255478788689,4.58471086895187,0.0,4.19359602421655,0.0,4.58471086895187,5.229165050108989,0.0,4.773183779911765,0.0,4.27077192556323,5.233530081632266,0.0
Coum_Library3_Col611,5.208569578277678,4.495607940553331,4.887218015751893,4.54247450454365,0.0,4.773183779911765,2.9255478788689,4.803610636876446,0.0,0.0,4.647066113786595,0.0,5.09066053437317,0.0,0.0,0.0,0.0,4.28433067876482,0.0
Coum_Library4_Col562,5.208569578277678,4.495607940553331,4.887218015751893,4.54247450454365,0.0,0.0,2.9255478788689,4.54247450454365,5.09066053437317,4.6028417006994,0.0,3.98171936647388,0.0,4.894900888872926,0.0,4.48918487694287,4.652675757731364,0.0,4.48918487694287
Coum_Library2_Col255,5.301206501961868,4.495607940553331,5.0510971793342625,4.54247450454365,5.229620636942862,4.936293079012569,4.673265241568443,0.0,0.0,0.0,0.0,0.0,4.585360674428801,4.6028417006994,0.0,0.0,0.0,0.0,0.0
Coum_Library2_Col622,5.208569578277678,4.495607940553331,4.887218015751893,4.54247450454365,3.98171936647388,4.48918487694287,4.594127691835966,4.768830871272901,4.48918487694287,0.0,0.0,4.54247450454365,0.0,0.0,0.0,0.0,0.0,0.0,0.0
Coum_Library2_Col113,5.293405715226805,4.495607940553331,4.887218015751893,4.54247450454365,0.0,0.0,2.9255478788689,4.6028417006994,0.0,0.0,0.0,0.0,0.0,0.0,0.0,4.90452256969246,0.0,0.0,4.19359602421655
Coum_Library2_Col151,5.208569578277678,4.495607940553331,5.196654673161471,4.54247450454365,4.667097435313131,4.6028417006994,5.093619849119327,4.6028417006994,4.28433067876482,4.66543134180047,0.0,0.0,0.0,4.761018837880038,0.0,0.0,0.0,4.27077192556323,0.0
Coum_Library3_Col126,5.208569578277678,4.495607940553331,4.887218015751893,4.54247450454365,4.48918487694287,4.874736139574223,2.9255478788689,0.0,0.0,0.0,4.45864804708195,0.0,4.875262288279707,0.0,4.28433067876482,0.0,4.66543134180047,0.0,0.0
Coum_Library1_Col658,5.511795045313435,4.495607940553331,4.887218015751893,4.54247450454365,0.0,4.27077192556323,2.9255478788689,4.19359602421655,4.909319883638178,0.0,0.0,0.0,4.45864804708195,4.19359602421655,0.0,4.90452256969246,0.0,3.98171936647388,4.66543134180047
Coum_Library3_Col256,5.208569578277678,4.495607940553331,4.887218015751893,4.54247450454365,4.58471086895187,4.6028417006994,2.9255478788689,4.19359602421655,4.667097435313131,4.54847060365979,0.0,4.817676529814633,4.28433067876482,4.45864804708195,0.0,0.0,0.0,4.733336736979912,0.0
Coum_Library1_Col549,5.208569578277678,4.495607940553331,5.0510971793342625,4.54247450454365,4.66543134180047,0.0,2.9255478788689,4.54847060365979,0.0,4.66543134180047,4.19359602421655,4.48918487694287,0.0,0.0,0.0,0.0,0.0,0.0,0.0
Coum_Library3_Col013,5.208569578277678,4.495607940553331,4.887218015751893,4.54247450454365,0.0,4.66543134180047,2.9255478788689,5.09066053437317,0.0,4.936293079012569,0.0,3.98171936647388,5.09066053437317,4.19359602421655,4.27077192556323,0.0,0.0,4.27077192556323,0.0
Coum_Library2_Col553,5.208569578277678,4.8434705271522205,4.887218015751893,4.54247450454365,4.48918487694287,0.0,2.9255478788689,4.6028417006994,0.0,0.0,4.6028417006994,4.58471086895187,0.0,4.58471086895187,0.0,0.0,0.0,0.0,0.0
Coum_Library2_Col586,5.208569578277678,4.495607940553331,4.887218015751893,4.54247450454365,0.0,4.58471086895187,2.9255478788689,0.0,4.58471086895187,0.0,4.6028417006994,4.90452256969246,0.0,0.0,0.0,0.0,4.6028417006994,0.0,0.0
Coum_Library2_Col168,5.294475764944366,4.495607940553331,4.887218015751893,4.54247450454365,4.775214796898149,4.6028417006994,4.673265241568443,0.0,4.936293079012569,0.0,4.28433067876482,4.58471086895187,4.58471086895187,4.6028417006994,0.0,0.0,3.98171936647388,4.66543134180047,4.19359602421655
Coum_Library1_Col573,5.365256058608004,4.495607940553331,5.383798878780294,4.54247450454365,4.19359602421655,4.66543134180047,2.9255478788689,0.0,4.66543134180047,0.0,4.745769465361816,4.54247450454365,0.0,0.0,4.45864804708195,0.0,0.0,4.28433067876482,4.28433067876482
Coum_Library4_Col378,4.885740864615851,2.9633882742709012,4.887218015751893,4.54247450454365,4.909319883638178,5.177347301753909,2.9255478788689,4.752459960637749,4.48918487694287,4.48918487694287,4.6028417006994,4.58471086895187,0.0,4.19359602421655,0.0,0.0,0.0,4.773183779911765,5.153692028869157
Coum_Library4_Col318,5.208569578277678,4.495607940553331,4.887218015751893,4.54247450454365,4.54247450454365,4.66543134180047,4.611877462539103,0.0,4.58471086895187,4.7327999209910505,0.0,4.66543134180047,4.48918487694287,4.837731946586496,4.926546583978012,0.0,5.2695686445935666,0.0,4.803547131405982
Coum_Library3_Col189,5.301206501961868,4.495607940553331,4.887218015751893,4.54247450454365,0.0,0.0,2.9255478788689,4.98698042917387,4.887218015751893,0.0,0.0,0.0,0.0,0.0,0.0,0.0,4.7285632414505,0.0,4.19359602421655
Coum_Library4_Col611,5.293405715226805,4.495607940553331,5.1683721740685415,4.54247450454365,4.534926028704391,4.66543134180047,2.9255478788689,4.732479056638193,4.54247450454365,4.745769465361816,0.0,0.0,4.875262288279707,5.151884854991761,4.6028417006994,0.0,4.28433067876482,4.48918487694287,4.48918487694287
Coum_Library3_Col606,5.208569578277678,4.495607940553331,4.887218015751893,4.54247450454365,5.058483218531103,4.6028417006994,2.9255478788689,3.98171936647388,0.0,4.58471086895187,4.28433067876482,4.58471086895187,4.816437611654617,4.58471086895187,4.19359602421655,4.790214872606851,0.0,4.54247450454365,0.0
Coum_Library3_Col128,5.301206501961868,4.495607940553331,4.887218015751893,4.54247450454365,0.0,4.903871696363381,2.9255478788689,4.756541637471963,4.989331497036729,4.28433067876482,0.0,0.0,4.58471086895187,5.008485428719126,4.745769465361816,0.0,0.0,4.874736139574223,4.66543134180047
Coum_Library3_Col535,5.208569578277678,2.9633882742709012,5.301774587857065,4.54247450454365,0.0,0.0,2.9255478788689,4.6028417006994,0.0,0.0,0.0,4.48918487694287,0.0,0.0,0.0,0.0,4.7236603656391525,0.0,5.212949478144594
Coum_Library2_Col652,5.208569578277678,4.8434705271522205,4.887218015751893,4.54247450454365,0.0,0.0,2.9255478788689,0.0,5.09066053437317,0.0,0.0,0.0,0.0,0.0,0.0,0.0,4.27077192556323,4.45864804708195,4.19359602421655
Coum_Library2_Col358,5.280417686905201,2.9633882742709012,5.18343421145338,4.54247450454365,4.803718804210236,4.54247450454365,4.673265241568443,4.756541637471963,0.0,4.6028417006994,4.6028417006994,0.0,4.54247450454365,0.0,0.0,0.0,4.27077192556323,4.894900888872926,0.0
Coum_Library3_Col017,5.293405715226805,4.495607940553331,5.196654673161471,4.54247450454365,4.48918487694287,4.756979218750846,4.594127691835966,4.27077192556323,5.1424866974446815,4.840599039085999,4.534926028704391,0.0,4.790214872606851,5.0618321236715325,4.6028417006994,0.0,5.048573281998681,4.90582220179443,4.19359602421655
Coum_Library3_Col083,5.208569578277678,4.495607940553331,5.0510971793342625,4.54247450454365,4.6028417006994,4.54247450454365,4.611877462539103,0.0,4.6028417006994,0.0,0.0,4.90452256969246,0.0,0.0,4.6028417006994,0.0,0.0,0.0,4.887218015751893
Coum_Library4_Col577,5.208569578277678,4.495607940553331,5.0492213851422125,4.54247450454365,4.66543134180047,4.982017460627241,2.9255478788689,4.28433067876482,4.45864804708195,4.19359602421655,0.0,5.061211659354551,5.01089698307866,4.27077192556323,0.0,0.0,4.647066113786595,0.0,0.0
Coum_Library3_Col574,5.208569578277678,4.8434705271522205,5.091361277821956,4.54247450454365,4.45864804708195,4.54247450454365,4.673265241568443,4.756541637471963,4.45864804708195,0.0,0.0,5.311729019631005,4.817676529814633,0.0,4.926546583978012,0.0,0.0,4.936293079012569,0.0
Coum_Library1_Col677,5.454634295969517,4.495607940553331,5.346942100287993,4.54247450454365,4.54247450454365,4.66543134180047,4.594127691835966,4.19359602421655,4.6028417006994,4.66543134180047,0.0,0.0,4.957816333576585,4.6028417006994,4.837731946586496,0.0,0.0,0.0,0.0
Coum_Library2_Col207,5.208569578277678,4.495607940553331,4.887218015751893,4.54247450454365,5.030422894580395,4.837731946586496,2.9255478788689,0.0,4.66543134180047,0.0,0.0,0.0,4.66543134180047,4.54847060365979,0.0,4.90452256969246,0.0,4.28433067876482,5.09066053437317
Coum_Library3_Col403,5.208569578277678,4.495607940553331,4.887218015751893,4.54247450454365,4.887218015751893,4.54247450454365,4.673265241568443,0.0,0.0,0.0,0.0,0.0,5.09066053437317,0.0,4.19359602421655,0.0,4.27077192556323,0.0,4.54847060365979
Coum_Library2_Col111,5.208569578277678,4.495607940553331,5.068931757807924,4.54247450454365,4.8989413388036205,0.0,2.9255478788689,0.0,0.0,0.0,4.19359602421655,0.0,4.58471086895187,5.212949478144594,0.0,0.0,0.0,0.0,4.66543134180047
Coum_Library1_Col421,5.294475764944366,4.495607940553331,5.437193207205157,4.54247450454365,4.817676529814633,5.000536443993289,4.594127691835966,5.09066053437317,4.909319883638178,0.0,0.0,0.0,0.0,4.27077192556323,4.27077192556323,0.0,0.0,0.0,4.585360674428801
Coum_Library1_Col643,5.208569578277678,4.495607940553331,5.440549953427662,4.54247450454365,5.208569578277678,4.81249922101071,2.9255478788689,0.0,0.0,4.6028417006994,0.0,0.0,4.54247450454365,0.0,0.0,0.0,0.0,0.0,0.0
Coum_Library2_Col516,5.304748488056214,4.495607940553331,4.887218015751893,4.54247450454365,4.54247450454365,4.66543134180047,2.9255478788689,4.973509632689433,4.6028417006994,0.0,0.0,0.0,4.681207222692074,0.0,4.944819631075142,0.0,4.6028417006994,4.48918487694287,4.681207222692074
Coum_Library3_Col562,5.208569578277678,4.495607940553331,5.068931757807924,4.54247450454365,4.7285632414505,4.647965746680724,4.552841758731404,4.45864804708195,0.0,0.0,4.647066113786595,0.0,4.45864804708195,4.6028417006994,0.0,0.0,5.136228507937423,4.28433067876482,0.0
Coum_Library2_Col343,5.208569578277678,4.495607940553331,4.887218015751893,4.54247450454365,0.0,4.48918487694287,2.9255478788689,0.0,0.0,4.66543134180047,0.0,0.0,4.86799863682664,0.0,0.0,0.0,4.19359602421655,0.0,0.0
Coum_Library4_Col644,5.208569578277678,4.495607940553331,5.0492213851422125,4.54247450454365,4.6028417006994,4.936293079012569,2.9255478788689,0.0,4.7285632414505,0.0,0.0,0.0,4.54247450454365,4.19359602421655,4.895219132092555,0.0,5.514245213111468,3.98171936647388,5.394769809789333
Coum_Library4_Col433,5.304748488056214,4.495607940553331,5.091361277821956,4.54247450454365,4.833484998302806,0.0,2.9255478788689,4.48918487694287,4.28433067876482,4.849500599323771,4.45864804708195,5.237625222515284,0.0,4.966461337464451,4.6028417006994,0.0,5.2383219931365685,4.850750785269249,4.6028417006994
Coum_Library4_Col524,5.293405715226805,4.495607940553331,4.887218015751893,4.54247450454365,4.936293079012569,0.0,2.9255478788689,4.790214872606851,4.571801921227212,0.0,0.0,4.66543134180047,4.843504500207631,4.19359602421655,0.0,0.0,4.759678042745931,3.98171936647388,0.0
Coum_Library3_Col288,5.208569578277678,4.495607940553331,4.887218015751893,4.54247450454365,4.983962685669802,4.681207222692074,4.970395950810712,0.0,0.0,0.0,0.0,0.0,4.820868591449425,4.6028417006994,0.0,0.0,0.0,4.45864804708195,0.0
Coum_Library3_Col308,5.208569578277678,4.495607940553331,5.091361277821956,4.54247450454365,3.98171936647388,4.966461337464451,4.932271225254966,4.28433067876482,4.843504500207631,0.0,4.28433067876482,0.0,4.27077192556323,4.816437611654617,4.28433067876482,4.90452256969246,4.768830871272901,4.45864804708195,0.0
Coum_Library4_Col273,5.208569578277678,4.495607940553331,4.887218015751893,4.54247450454365,4.282749362137862,4.9963315997335656,2.9255478788689,4.48918487694287,4.903871696363381,5.197297499588052,4.773183779911765,4.95352840600112,4.982780916523371,5.16828642388745,0.0,4.790214872606851,4.790214872606851,5.030422894580395,4.667097435313131
Coum_Library3_Col329,5.208569578277678,4.495607940553331,4.887218015751893,4.54247450454365,5.038821379914207,0.0,2.9255478788689,4.27077192556323,0.0,0.0,4.6028417006994,4.997560874913923,4.747193110263431,4.28433067876482,4.6028417006994,0.0,4.48918487694287,3.98171936647388,0.0
Coum_Library3_Col603,5.208569578277678,4.495607940553331,4.887218015751893,4.54247450454365,0.0,3.98171936647388,2.9255478788689,4.773183779911765,5.09066053437317,0.0,0.0,0.0,0.0,0.0,4.681207222692074,0.0,0.0,4.894900888872926,4.28433067876482
Coum_Library3_Col203,5.208569578277678,4.495607940553331,5.0510971793342625,4.54247450454365,4.865135930903839,4.66543134180047,2.9255478788689,4.19359602421655,4.803610636876446,4.66543134180047,0.0,3.98171936647388,4.54247450454365,4.66543134180047,0.0,0.0,4.19359602421655,4.6028417006994,4.54247450454365
Coum_Library1_Col014,5.293405715226805,4.495607940553331,5.187510063870577,4.54247450454365,0.0,0.0,2.9255478788689,0.0,0.0,4.28433067876482,0.0,0.0,0.0,0.0,0.0,0.0,4.48918487694287,0.0,0.0
Coum_Library1_Col585,5.520019385354567,4.8434705271522205,5.2952266660555045,4.54247450454365,0.0,4.45864804708195,2.9255478788689,4.27077192556323,5.457125132583365,4.27077192556323,4.745769465361816,0.0,0.0,0.0,4.27077192556323,0.0,4.6028417006994,4.48918487694287,4.6028417006994
Coum_Library3_Col553,5.208569578277678,4.495607940553331,5.0510971793342625,4.54247450454365,3.98171936647388,4.66543134180047,2.9255478788689,4.768830871272901,4.45864804708195,4.27077192556323,0.0,3.98171936647388,5.208569578277678,0.0,4.19359602421655,0.0,0.0,4.6028417006994,4.850750785269249
Coum_Library2_Col356,5.208569578277678,4.495607940553331,5.0492213851422125,4.54247450454365,4.66543134180047,0.0,2.9255478788689,0.0,4.6028417006994,0.0,0.0,0.0,0.0,0.0,0.0,0.0,0.0,4.459895471769948,4.54247450454365
Coum_Library2_Col587,5.301206501961868,4.495607940553331,4.887218015751893,4.54247450454365,0.0,4.66543134180047,2.9255478788689,0.0,0.0,0.0,0.0,4.90452256969246,0.0,0.0,0.0,4.58471086895187,4.19359602421655,0.0,5.153692028869157
Coum_Library4_Col230,5.208569578277678,4.495607940553331,4.887218015751893,4.54247450454365,4.54148639286244,4.6028417006994,2.9255478788689,4.54847060365979,4.6028417006994,0.0,0.0,0.0,5.09066053437317,0.0,0.0,0.0,0.0,0.0,0.0
Coum_Library2_Col154,5.208569578277678,4.495607940553331,4.887218015751893,4.54247450454365,0.0,4.58471086895187,2.9255478788689,4.733336736979912,4.6028417006994,4.27077192556323,0.0,0.0,4.817676529814633,0.0,0.0,0.0,4.881700408227482,4.19359602421655,0.0
Coum_Library3_Col166,5.208569578277678,4.495607940553331,4.887218015751893,4.54247450454365,5.123204433630778,4.66543134180047,2.9255478788689,0.0,4.19359602421655,4.58471086895187,4.773183779911765,0.0,4.28433067876482,4.768830871272901,4.745769465361816,0.0,4.982017460627241,4.6028417006994,4.45864804708195
Coum_Library2_Col098,5.293405715226805,4.495607940553331,5.269024809136938,4.54247450454365,4.19359602421655,5.083928007466355,5.2952635079073005,4.4508924781120776,4.816437611654617,4.6028417006994,0.0,4.66543134180047,0.0,4.7327999209910505,0.0,0.0,0.0,0.0,4.27077192556323
Coum_Library1_Col547,5.454634295969517,4.495607940553331,4.887218015751893,4.54247450454365,5.208569578277678,4.747193110263431,4.673265241568443,0.0,0.0,4.9119064937798935,0.0,4.282749362137862,4.81249922101071,4.6028417006994,0.0,0.0,4.66543134180047,4.6028417006994,4.874736139574223
Coum_Library1_Col537,5.294475764944366,4.495607940553331,4.887218015751893,4.54247450454365,4.27077192556323,4.699755998547905,2.9255478788689,0.0,4.28433067876482,0.0,0.0,0.0,4.606733990595331,0.0,0.0,4.58471086895187,4.19359602421655,0.0,5.09066053437317
Coum_Library2_Col592,5.208569578277678,4.495607940553331,5.301774587857065,4.54247450454365,4.6028417006994,4.48918487694287,2.9255478788689,4.837731946586496,4.48918487694287,4.534926028704391,0.0,0.0,4.817676529814633,0.0,0.0,4.90452256969246,4.803610636876446,4.28433067876482,0.0
Coum_Library3_Col404,5.454634295969517,4.495607940553331,5.372359214594302,4.54247450454365,3.98171936647388,4.28433067876482,2.9255478788689,4.27077192556323,4.6758211560466325,4.756541637471963,4.871240105091021,0.0,4.66543134180047,4.66543134180047,0.0,4.90452256969246,0.0,4.694596471345018,4.957375793673203
Coum_Library3_Col680,5.208569578277678,4.495607940553331,4.887218015751893,4.54247450454365,0.0,0.0,2.9255478788689,4.6758211560466325,0.0,0.0,4.773183779911765,3.98171936647388,0.0,0.0,4.45864804708195,4.66543134180047,4.81249922101071,0.0,4.54847060365979
Coum_Library3_Col687,5.208569578277678,4.495607940553331,4.887218015751893,4.54247450454365,4.45864804708195,3.98171936647388,2.9255478788689,0.0,0.0,4.58471086895187,4.534926028704391,0.0,4.66543134180047,0.0,4.837731946586496,0.0,5.09066053437317,4.606733990595331,0.0
Coum_Library1_Col611,4.885740864615851,2.9633882742709012,4.887218015751893,4.54247450454365,4.48918487694287,4.6028417006994,2.9255478788689,0.0,0.0,0.0,0.0,0.0,0.0,4.28433067876482,0.0,4.817676529814633,4.768830871272901,0.0,4.54847060365979
Coum_Library2_Col435,5.304748488056214,4.495607940553331,5.062817449127101,4.54247450454365,4.66543134180047,4.837731946586496,4.552841758731404,4.694596471345018,0.0,4.58471086895187,0.0,0.0,4.48918487694287,4.534926028704391,0.0,0.0,0.0,0.0,0.0
Coum_Library1_Col596,5.208569578277678,4.495607940553331,4.887218015751893,4.54247450454365,4.66543134180047,4.54247450454365,2.9255478788689,0.0,0.0,0.0,0.0,0.0,0.0,0.0,0.0,0.0,0.0,4.773183779911765,0.0
Coum_Library3_Col025,4.885740864615851,2.66235827860692,4.817676529814633,4.54247450454365,5.09066053437317,4.9745367461643,2.9255478788689,4.6028417006994,5.01575592802065,4.936293079012569,0.0,4.90452256969246,4.755817570261646,0.0,4.944819631075142,5.061211659354551,4.903871696363381,0.0,5.0492213851422125
Coum_Library2_Col388,5.454634295969517,5.034113853389652,5.068931757807924,4.54247450454365,4.48918487694287,4.927973804236592,2.9255478788689,5.365077906260497,4.54247450454365,5.085335969612468,0.0,0.0,4.652675757731364,4.19359602421655,0.0,0.0,4.773183779911765,0.0,0.0
Coum_Library1_Col209,5.208569578277678,4.495607940553331,5.0492213851422125,4.54247450454365,4.28433067876482,4.54247450454365,2.9255478788689,0.0,0.0,0.0,0.0,0.0,5.257422442435403,0.0,0.0,4.54247450454365,4.877536460169177,5.153692028869157,0.0
Coum_Library4_Col178,5.208569578277678,4.495607940553331,5.091361277821956,4.54247450454365,4.927973804236592,4.48918487694287,2.9255478788689,3.98171936647388,0.0,4.534926028704391,4.542358633891378,0.0,5.200223064841752,0.0,4.745769465361816,0.0,5.237325381887474,4.647965746680724,5.09066053437317
Coum_Library3_Col668,5.208569578277678,4.8434705271522205,4.887218015751893,4.54247450454365,4.703194654295263,4.28433067876482,2.9255478788689,4.45864804708195,0.0,0.0,4.19359602421655,4.606733990595331,4.7285632414505,4.19359602421655,4.28433067876482,0.0,4.54847060365979,0.0,5.008485428719126
Coum_Library3_Col139,5.454634295969517,4.495607940553331,4.887218015751893,4.54247450454365,4.19359602421655,4.6028417006994,2.9255478788689,0.0,0.0,4.54847060365979,4.45864804708195,0.0,4.58471086895187,4.681207222692074,0.0,0.0,0.0,0.0,4.45864804708195
Coum_Library4_Col435,5.208569578277678,4.495607940553331,4.887218015751893,4.54247450454365,4.48918487694287,4.936293079012569,4.552841758731404,4.58471086895187,4.54247450454365,0.0,0.0,4.90452256969246,4.48918487694287,0.0,0.0,0.0,4.864572157660904,4.4508924781120776,0.0
Coum_Library4_Col636,5.208569578277678,4.495607940553331,4.887218015751893,4.54247450454365,4.54247450454365,4.76030220296225,2.9255478788689,4.84278111244677,4.936293079012569,0.0,0.0,5.164296767684322,5.09066053437317,4.6028417006994,5.095210315979721,0.0,4.48918487694287,4.66543134180047,4.817676529814633
Coum_Library4_Col616,5.208569578277678,4.495607940553331,4.887218015751893,4.54247450454365,4.45864804708195,4.864572157660904,2.9255478788689,4.903871696363381,4.887218015751893,4.790214872606851,4.19359602421655,0.0,4.881700408227482,5.622359621229854,4.745769465361816,0.0,5.045280459387927,4.66543134180047,5.20360368975402
Coum_Library4_Col140,5.208569578277678,4.495607940553331,5.301774587857065,4.54247450454365,0.0,4.48918487694287,2.9255478788689,4.681207222692074,5.09066053437317,0.0,0.0,5.205552565356442,0.0,0.0,4.28433067876482,4.54247450454365,4.915275725812174,4.54247450454365,4.54247450454365
Coum_Library2_Col123,0.0,0.0,0.0,0.0,0.0,0.0,0.0,0.0,0.0,0.0,0.0,0.0,0.0,0.0,0.0,0.0,0.0,0.0,0.0
Coum_Library4_Col227,5.208569578277678,4.495607940553331,5.091361277821956,4.54247450454365,4.790214872606851,4.54247450454365,2.9255478788689,4.45864804708195,4.19359602421655,4.745769465361816,4.837731946586496,3.98171936647388,5.153692028869157,5.337133116479302,4.6028417006994,0.0,0.0,4.45864804708195,0.0
Coum_Library3_Col688,5.208569578277678,4.495607940553331,5.068931757807924,4.54247450454365,4.840002474121603,4.837731946586496,4.594127691835966,0.0,0.0,0.0,0.0,0.0,0.0,4.759678042745931,0.0,0.0,5.09528699288826,4.28433067876482,0.0
Coum_Library3_Col411,5.208569578277678,4.495607940553331,4.887218015751893,4.54247450454365,0.0,0.0,2.9255478788689,4.19359602421655,0.0,0.0,4.6028417006994,0.0,5.232026905105311,4.837731946586496,0.0,4.54247450454365,4.6028417006994,0.0,4.54847060365979
Coum_Library3_Col651,5.208569578277678,4.8434705271522205,4.887218015751893,4.54247450454365,0.0,4.837731946586496,2.9255478788689,4.54247450454365,0.0,4.45864804708195,4.45864804708195,0.0,4.54847060365979,4.6028417006994,0.0,0.0,3.98171936647388,4.28433067876482,0.0
Coum_Library2_Col524,5.208569578277678,4.495607940553331,4.887218015751893,4.54247450454365,4.6028417006994,4.28433067876482,4.611877462539103,0.0,0.0,5.09066053437317,0.0,0.0,4.48918487694287,4.66543134180047,4.681207222692074,0.0,4.6028417006994,4.28433067876482,4.58471086895187
Coum_Library2_Col316,5.208569578277678,4.495607940553331,5.4965431036383485,4.54247450454365,4.458840621193542,4.909319883638178,4.611877462539103,0.0,4.48918487694287,4.534926028704391,4.19359602421655,0.0,4.45864804708195,4.994748697510654,0.0,4.54247450454365,4.4508924781120776,4.745769465361816,4.45864804708195
Coum_Library3_Col208,5.511795045313435,4.495607940553331,5.091361277821956,4.54247450454365,4.759678042745931,4.54247450454365,2.9255478788689,0.0,5.229165050108989,4.58471086895187,0.0,5.205552565356442,4.967819133962928,4.759678042745931,0.0,4.843504500207631,4.850750785269249,0.0,4.885740864615851
Coum_Library4_Col439,5.208569578277678,4.495607940553331,4.887218015751893,4.54247450454365,4.19359602421655,4.54247450454365,4.552841758731404,5.27741609166638,4.768830871272901,5.212949478144594,4.745769465361816,0.0,4.54247450454365,0.0,4.27077192556323,0.0,4.6028417006994,0.0,4.768830871272901
Coum_Library2_Col399,5.208569578277678,4.495607940553331,5.0510971793342625,4.54247450454365,0.0,4.27077192556323,2.9255478788689,0.0,4.66543134180047,0.0,0.0,0.0,0.0,0.0,0.0,4.58471086895187,5.09066053437317,0.0,4.66543134180047
Coum_Library2_Col191,5.294475764944366,4.8434705271522205,5.062817449127101,4.54247450454365,4.894900888872926,4.6028417006994,2.9255478788689,0.0,4.6028417006994,4.957375793673203,0.0,3.98171936647388,4.45864804708195,0.0,4.19359602421655,0.0,0.0,4.28433067876482,4.66543134180047
Coum_Library2_Col396,5.208569578277678,4.495607940553331,5.062817449127101,4.54247450454365,0.0,4.875262288279707,2.9255478788689,0.0,4.54247450454365,4.887218015751893,0.0,4.817676529814633,0.0,0.0,0.0,0.0,0.0,0.0,5.09066053437317
Coum_Library3_Col549,5.454634295969517,4.495607940553331,4.887218015751893,4.54247450454365,4.58471086895187,3.98171936647388,2.9255478788689,0.0,4.54247450454365,0.0,0.0,0.0,4.54847060365979,4.27077192556323,0.0,0.0,4.48918487694287,3.98171936647388,0.0
Coum_Library4_Col485,5.208569578277678,4.495607940553331,5.3694762575858315,4.54247450454365,4.885203230945571,4.48918487694287,2.9255478788689,4.54847060365979,5.48536064133847,4.7327999209910505,4.19359602421655,3.98171936647388,4.699149113403952,4.837731946586496,4.27077192556323,0.0,0.0,4.699149113403952,5.0461910727164065
Coum_Library2_Col332,5.294475764944366,4.495607940553331,4.887218015751893,4.54247450454365,4.28433067876482,4.6028417006994,4.552841758731404,0.0,0.0,4.27077192556323,0.0,0.0,0.0,4.66543134180047,4.6028417006994,0.0,0.0,4.28433067876482,0.0
Coum_Library1_Col205,5.0482046883661535,2.9633882742709012,5.0510971793342625,4.54247450454365,4.19359602421655,0.0,2.9255478788689,4.19359602421655,0.0,0.0,4.45864804708195,0.0,0.0,4.28433067876482,0.0,0.0,0.0,0.0,0.0
Coum_Library4_Col201,5.208569578277678,4.495607940553331,4.887218015751893,4.54247450454365,4.840599039085999,4.761018837880038,4.552841758731404,4.578634209023732,4.773183779911765,0.0,0.0,0.0,5.284414321426245,4.66543134180047,0.0,0.0,4.6028417006994,0.0,4.875262288279707
Coum_Library3_Col372,5.293405715226805,4.495607940553331,5.0510971793342625,4.54247450454365,5.15328678117569,4.904953517400442,4.673265241568443,5.293405715226805,0.0,4.28433067876482,0.0,0.0,4.66543134180047,0.0,4.647066113786595,0.0,4.27077192556323,4.401482425205673,4.54847060365979
Coum_Library4_Col453,5.208569578277678,4.495607940553331,4.887218015751893,4.54247450454365,4.48918487694287,4.66543134180047,2.9255478788689,0.0,0.0,4.48918487694287,4.6028417006994,0.0,0.0,4.28433067876482,0.0,0.0,4.27077192556323,0.0,0.0
Coum_Library2_Col007,5.208569578277678,4.8434705271522205,4.887218015751893,4.54247450454365,0.0,0.0,2.9255478788689,0.0,0.0,0.0,0.0,0.0,4.45864804708195,0.0,0.0,0.0,4.8961433459287775,0.0,0.0
Coum_Library4_Col576,5.208569578277678,4.495607940553331,4.887218015751893,4.54247450454365,5.09066053437317,0.0,2.9255478788689,4.732479056638193,0.0,4.28433067876482,0.0,0.0,4.48918487694287,0.0,4.542358633891378,4.66543134180047,5.171489171445411,0.0,0.0
Coum_Library4_Col354,5.208569578277678,4.495607940553331,4.887218015751893,4.54247450454365,4.48918487694287,4.887218015751893,2.9255478788689,0.0,5.09066053437317,0.0,4.45864804708195,0.0,4.66543134180047,4.54847060365979,0.0,4.90452256969246,4.6028417006994,0.0,4.58471086895187
Coum_Library3_Col250,5.208569578277678,4.495607940553331,4.887218015751893,4.54247450454365,4.909319883638178,0.0,2.9255478788689,0.0,4.48918487694287,0.0,0.0,0.0,4.981976775663746,4.6028417006994,4.27077192556323,4.90452256969246,4.66543134180047,4.28433067876482,0.0
Coum_Library2_Col042,5.293405715226805,4.495607940553331,5.288084426975061,4.54247450454365,5.11605250167472,0.0,2.9255478788689,4.45864804708195,0.0,4.48918487694287,0.0,4.54247450454365,3.98171936647388,4.28433067876482,4.27077192556323,4.48918487694287,4.58471086895187,4.58471086895187,5.187687477074381
Coum_Library2_Col296,5.208569578277678,4.495607940553331,5.0492213851422125,4.54247450454365,0.0,4.875262288279707,2.9255478788689,4.27077192556323,0.0,0.0,0.0,0.0,4.28433067876482,4.54847060365979,0.0,4.66543134180047,0.0,4.54247450454365,4.66543134180047
Coum_Library4_Col632,5.208569578277678,4.8434705271522205,5.091361277821956,4.54247450454365,4.45864804708195,4.800123076989992,4.552841758731404,5.078776772230106,4.966461337464451,0.0,4.6028417006994,4.66543134180047,4.909319883638178,4.6028417006994,4.681207222692074,4.909319883638178,4.27077192556323,0.0,4.48918487694287
Coum_Library2_Col069,5.304748488056214,4.8434705271522205,5.4502242342516585,4.54247450454365,4.4508924781120776,0.0,2.9255478788689,0.0,0.0,0.0,4.45864804708195,0.0,0.0,0.0,0.0,0.0,4.54847060365979,4.45864804708195,4.28433067876482
Coum_Library2_Col290,5.208569578277678,4.495607940553331,5.062817449127101,4.54247450454365,4.6028417006994,4.583634935224135,2.9255478788689,3.98171936647388,0.0,4.58471086895187,4.773183779911765,3.98171936647388,4.45864804708195,0.0,0.0,4.54247450454365,0.0,0.0,0.0
Coum_Library4_Col621,5.208569578277678,4.495607940553331,4.887218015751893,4.54247450454365,0.0,4.58471086895187,2.9255478788689,4.7285632414505,5.101843867365964,4.906092446156503,0.0,5.108178311315745,4.45864804708195,3.98171936647388,0.0,0.0,5.061100930527829,4.896892009852098,5.067035017826527
Coum_Library1_Col171,5.301206501961868,4.495607940553331,5.509951238955736,4.54247450454365,5.09066053437317,4.27077192556323,2.9255478788689,0.0,5.09066053437317,0.0,4.6028417006994,4.48918487694287,0.0,4.837731946586496,0.0,0.0,0.0,0.0,4.27077192556323
Coum_Library2_Col260,5.195930884536907,4.612690811489826,5.18343421145338,4.54247450454365,4.699755998547905,4.756541637471963,2.9255478788689,0.0,4.936293079012569,5.287639070027253,4.874682228145901,4.48918487694287,5.024812829558607,4.843030029924942,0.0,0.0,5.198893264401573,4.647965746680724,5.09066053437317
Coum_Library2_Col568,5.208569578277678,4.495607940553331,4.887218015751893,4.54247450454365,0.0,4.66543134180047,2.9255478788689,0.0,0.0,4.19359602421655,0.0,0.0,0.0,0.0,0.0,0.0,4.54247450454365,3.98171936647388,5.151884854991761
Coum_Library1_Col333,0.0,0.0,0.0,0.0,0.0,0.0,0.0,0.0,0.0,0.0,0.0,0.0,0.0,0.0,0.0,0.0,0.0,0.0,0.0
Coum_Library2_Col611,5.454634295969517,4.495607940553331,4.887218015751893,4.54247450454365,0.0,0.0,2.9255478788689,0.0,0.0,4.6028417006994,4.6028417006994,0.0,0.0,4.27077192556323,0.0,0.0,0.0,0.0,0.0
Coum_Library1_Col458,5.208569578277678,4.495607940553331,4.887218015751893,4.54247450454365,0.0,4.28433067876482,2.9255478788689,0.0,0.0,0.0,0.0,3.98171936647388,4.54847060365979,0.0,0.0,5.061211659354551,0.0,0.0,4.48918487694287
Coum_Library2_Col030,5.208569578277678,4.495607940553331,4.887218015751893,4.54247450454365,0.0,0.0,2.9255478788689,4.7285632414505,0.0,0.0,0.0,0.0,0.0,5.09066053437317,0.0,0.0,0.0,4.6028417006994,0.0
Coum_Library3_Col631,5.208569578277678,4.495607940553331,5.440549953427662,4.54247450454365,0.0,0.0,2.9255478788689,5.181743033251618,0.0,4.19359602421655,4.19359602421655,4.48918487694287,0.0,0.0,0.0,4.66543134180047,4.19359602421655,0.0,0.0
Coum_Library1_Col504,5.208569578277678,4.8434705271522205,5.2134783568184115,4.54247450454365,4.58471086895187,4.66543134180047,4.611877462539103,0.0,0.0,0.0,0.0,0.0,5.09066053437317,0.0,0.0,0.0,3.98171936647388,0.0,4.745769465361816
Coum_Library3_Col266,5.208569578277678,4.495607940553331,4.887218015751893,4.54247450454365,4.48918487694287,4.459895471769948,4.611877462539103,0.0,0.0,4.58471086895187,0.0,3.98171936647388,0.0,0.0,0.0,0.0,0.0,4.903871696363381,4.66543134180047
Coum_Library3_Col140,5.208569578277678,4.495607940553331,5.091361277821956,4.54247450454365,0.0,4.66543134180047,2.9255478788689,0.0,0.0,4.761018837880038,0.0,0.0,5.317920843777085,5.09066053437317,0.0,0.0,4.732479056638193,0.0,0.0
Coum_Library1_Col653,5.208569578277678,4.8434705271522205,5.091361277821956,4.54247450454365,4.606733990595331,0.0,2.9255478788689,0.0,0.0,0.0,0.0,0.0,0.0,0.0,0.0,0.0,0.0,0.0,4.19359602421655
Coum_Library1_Col193,5.208569578277678,4.495607940553331,5.0492213851422125,4.54247450454365,0.0,0.0,2.9255478788689,0.0,0.0,0.0,0.0,4.58471086895187,4.54247450454365,4.19359602421655,0.0,0.0,4.7285632414505,0.0,0.0
Coum_Library2_Col062,5.208569578277678,4.495607940553331,5.298507634376079,4.54247450454365,0.0,0.0,2.9255478788689,4.732479056638193,0.0,4.28433067876482,0.0,0.0,0.0,5.212949478144594,0.0,0.0,0.0,4.28433067876482,0.0
Coum_Library1_Col438,5.294475764944366,4.495607940553331,4.887218015751893,4.54247450454365,4.48918487694287,4.27077192556323,2.9255478788689,0.0,0.0,0.0,0.0,0.0,4.28433067876482,4.54847060365979,0.0,0.0,4.48918487694287,0.0,0.0
Coum_Library3_Col143,5.208569578277678,4.495607940553331,5.0510971793342625,4.54247450454365,5.0195957592633125,4.6028417006994,2.9255478788689,5.359516710406435,4.816437611654617,4.48918487694287,4.19359602421655,3.98171936647388,4.58471086895187,4.773183779911765,0.0,0.0,4.768830871272901,4.27077192556323,4.66543134180047
Coum_Library2_Col161,5.208569578277678,4.495607940553331,5.068931757807924,4.54247450454365,3.98171936647388,4.48918487694287,2.9255478788689,0.0,0.0,0.0,0.0,0.0,0.0,5.09066053437317,0.0,4.58471086895187,0.0,4.48918487694287,4.816437611654617
Coum_Library1_Col395,5.380488673773889,4.495607940553331,5.0492213851422125,4.54247450454365,0.0,4.6028417006994,2.9255478788689,0.0,4.54247450454365,4.66543134180047,0.0,3.98171936647388,4.45864804708195,0.0,4.28433067876482,0.0,0.0,0.0,0.0
Coum_Library2_Col293,5.304748488056214,4.8434705271522205,4.887218015751893,4.54247450454365,4.58471086895187,4.48918487694287,2.9255478788689,0.0,4.45864804708195,4.6028417006994,0.0,0.0,0.0,4.19359602421655,0.0,0.0,4.833484998302806,0.0,0.0
Coum_Library4_Col413,5.208569578277678,4.8434705271522205,4.887218015751893,4.54247450454365,4.66543134180047,5.0248128295586065,2.9255478788689,4.948815860853289,4.578634209023732,5.106954428249096,5.1730896749510995,4.606733990595331,4.927486019057639,4.9180366342718145,4.19359602421655,0.0,4.981188984743697,4.696005593776429,5.287779331728803
Coum_Library1_Col098,5.454634295969517,4.495607940553331,4.887218015751893,4.54247450454365,5.187687477074381,4.48918487694287,2.9255478788689,0.0,4.837731946586496,4.894900888872926,0.0,0.0,4.66543134180047,0.0,0.0,4.58471086895187,0.0,5.09066053437317,0.0
Coum_Library3_Col005,5.208569578277678,4.495607940553331,4.887218015751893,4.54247450454365,4.894900888872926,4.966461337464451,2.9255478788689,5.279663279021263,5.233183357319072,4.901590316524903,0.0,0.0,4.790214872606851,4.894900888872926,4.681207222692074,4.54247450454365,4.838253493641582,3.98171936647388,5.274509259677185
Coum_Library1_Col480,5.208569578277678,4.495607940553331,4.887218015751893,4.54247450454365,0.0,4.816437611654617,2.9255478788689,4.6028417006994,0.0,0.0,0.0,0.0,0.0,0.0,0.0,0.0,4.27077192556323,0.0,0.0
Coum_Library1_Col303,5.509599573941659,2.9633882742709012,4.887218015751893,4.54247450454365,4.58471086895187,4.66543134180047,2.9255478788689,0.0,4.45864804708195,0.0,0.0,0.0,4.66543134180047,4.28433067876482,0.0,0.0,0.0,0.0,0.0
Coum_Library3_Col363,5.208569578277678,4.495607940553331,4.887218015751893,4.54247450454365,0.0,4.27077192556323,2.9255478788689,0.0,4.28433067876482,0.0,0.0,0.0,4.66543134180047,4.791697606496723,4.28433067876482,0.0,4.27077192556323,0.0,5.09066053437317
Coum_Library2_Col595,5.454634295969517,4.495607940553331,4.887218015751893,4.54247450454365,0.0,4.58471086895187,2.9255478788689,0.0,0.0,4.27077192556323,0.0,0.0,4.54847060365979,0.0,4.6028417006994,0.0,0.0,4.875262288279707,0.0
Coum_Library2_Col481,5.301206501961868,4.495607940553331,4.887218015751893,4.54247450454365,4.28433067876482,0.0,2.9255478788689,0.0,0.0,0.0,4.6028417006994,0.0,0.0,0.0,0.0,0.0,4.894900888872926,4.66543134180047,4.6028417006994
Coum_Library2_Col688,5.301206501961868,4.495607940553331,5.0492213851422125,4.54247450454365,4.827267523029642,3.98171936647388,4.879590884505137,3.98171936647388,0.0,4.19359602421655,0.0,0.0,0.0,0.0,0.0,0.0,0.0,4.27077192556323,0.0
SHK0066,5.208569578277678,4.495607940553331,4.887218015751893,4.54247450454365,0.0,0.0,2.9255478788689,0.0,0.0,0.0,0.0,0.0,0.0,0.0,0.0,0.0,0.0,0.0,0.0
Coum_Library2_Col066,5.454634295969517,4.495607940553331,4.887218015751893,4.54247450454365,4.90582220179443,0.0,2.9255478788689,0.0,4.768830871272901,4.6028417006994,0.0,0.0,0.0,0.0,4.28433067876482,0.0,0.0,0.0,0.0
Coum_Library2_Col169,5.317920843777085,4.495607940553331,5.1787446306916785,4.54247450454365,5.09066053437317,0.0,2.9255478788689,4.571801921227212,4.874736139574223,4.66543134180047,0.0,0.0,0.0,4.19359602421655,0.0,0.0,4.58471086895187,4.696005593776429,0.0
Coum_Library2_Col297,5.208569578277678,4.495607940553331,4.887218015751893,4.54247450454365,0.0,4.66543134180047,2.9255478788689,0.0,0.0,0.0,0.0,0.0,4.761018837880038,5.09066053437317,0.0,4.90452256969246,4.6028417006994,0.0,0.0
Coum_Library2_Col664,5.208569578277678,4.495607940553331,5.196654673161471,4.54247450454365,0.0,4.747193110263431,2.9255478788689,4.7285632414505,5.212949478144594,4.27077192556323,4.27077192556323,0.0,5.09066053437317,4.27077192556323,4.28433067876482,0.0,0.0,0.0,0.0
Coum_Library4_Col355,5.208569578277678,4.495607940553331,4.887218015751893,4.54247450454365,4.48918487694287,3.98171936647388,2.9255478788689,4.583634935224135,4.66543134180047,0.0,4.28433067876482,0.0,5.3010000327673845,5.118266476775684,4.45864804708195,0.0,4.792943965322229,4.58471086895187,4.54247450454365
Coum_Library1_Col219,5.301206501961868,4.495607940553331,4.887218015751893,4.54247450454365,4.6028417006994,4.28433067876482,4.673265241568443,0.0,0.0,0.0,0.0,0.0,0.0,0.0,0.0,0.0,0.0,0.0,0.0
Coum_Library3_Col528,5.208569578277678,4.495607940553331,5.200767661043513,4.54247450454365,4.843504500207631,4.48918487694287,4.611877462539103,4.967819133962928,4.28433067876482,5.392762332382185,4.19359602421655,0.0,5.110866199403185,5.152651620953367,0.0,4.48918487694287,4.9601303739885925,4.885060931768449,5.151884854991761
Coum_Library3_Col273,5.208569578277678,4.495607940553331,4.887218015751893,4.54247450454365,0.0,0.0,2.9255478788689,4.6028417006994,4.28433067876482,0.0,0.0,3.98171936647388,4.27077192556323,0.0,0.0,0.0,4.19359602421655,4.66543134180047,0.0
Coum_Library3_Col007,5.208569578277678,4.495607940553331,5.492939756200989,4.54247450454365,4.66543134180047,4.27077192556323,2.9255478788689,5.09066053437317,0.0,4.58471086895187,0.0,0.0,5.09066053437317,4.28433067876482,0.0,0.0,4.27077192556323,4.6028417006994,4.81249922101071
Coum_Library2_Col434,5.208569578277678,4.495607940553331,5.440549953427662,4.54247450454365,4.48918487694287,4.27077192556323,4.932271225254966,5.002548891642351,5.208569578277678,4.48918487694287,4.19359602421655,0.0,5.391690530037152,4.66543134180047,4.6028417006994,4.66543134180047,4.790214872606851,0.0,4.54847060365979
Coum_Library3_Col625,5.208569578277678,4.495607940553331,4.887218015751893,4.54247450454365,0.0,0.0,2.9255478788689,0.0,4.58471086895187,0.0,0.0,0.0,4.45864804708195,0.0,0.0,0.0,5.09066053437317,0.0,0.0
Coum_Library3_Col277,5.304748488056214,4.495607940553331,4.887218015751893,4.54247450454365,5.187687477074381,5.083602663766718,2.9255478788689,0.0,0.0,0.0,0.0,0.0,4.48918487694287,0.0,0.0,0.0,0.0,0.0,4.66543134180047
Coum_Library1_Col335,5.208569578277678,4.495607940553331,5.0510971793342625,4.54247450454365,4.27077192556323,3.98171936647388,4.594127691835966,4.45864804708195,0.0,0.0,0.0,4.282749362137862,3.98171936647388,4.27077192556323,0.0,0.0,0.0,4.6028417006994,0.0
Coum_Library2_Col110,5.208569578277678,4.495607940553331,4.887218015751893,4.54247450454365,0.0,4.66543134180047,2.9255478788689,0.0,0.0,4.48918487694287,0.0,0.0,4.27077192556323,0.0,4.6028417006994,4.90452256969246,4.6028417006994,0.0,0.0
Coum_Library2_Col411,5.208569578277678,4.495607940553331,4.887218015751893,4.54247450454365,0.0,0.0,2.9255478788689,0.0,0.0,0.0,0.0,0.0,0.0,4.45864804708195,4.926546583978012,4.66543134180047,4.27077192556323,0.0,0.0
Coum_Library2_Col423,5.208569578277678,4.8434705271522205,4.887218015751893,4.54247450454365,4.19359602421655,4.894900888872926,4.552841758731404,0.0,5.09066053437317,4.54847060365979,0.0,0.0,0.0,0.0,0.0,0.0,4.6028417006994,0.0,4.28433067876482
Coum_Library4_Col006,5.208569578277678,4.495607940553331,4.887218015751893,4.54247450454365,4.864026045051193,4.773183779911765,2.9255478788689,3.98171936647388,4.647066113786595,5.230129610067803,4.853125763363546,4.48918487694287,5.122916320038056,5.116629089693741,4.6028417006994,4.865135930903839,5.181743033251618,4.28433067876482,4.966461337464451
Coum_Library1_Col263,5.208569578277678,4.495607940553331,5.38096202032138,4.54247450454365,4.19359602421655,4.894900888872926,4.890474798721618,4.28433067876482,0.0,4.773183779911765,0.0,3.98171936647388,4.54247450454365,3.98171936647388,4.837731946586496,0.0,4.45864804708195,4.54247450454365,0.0
Coum_Library4_Col226,0.0,0.0,0.0,0.0,0.0,0.0,0.0,0.0,0.0,0.0,0.0,0.0,0.0,0.0,0.0,0.0,0.0,0.0,0.0
Coum_Library2_Col182,5.208569578277678,4.495607940553331,5.0510971793342625,4.54247450454365,4.58471086895187,4.28433067876482,2.9255478788689,0.0,0.0,4.45864804708195,0.0,0.0,4.54247450454365,0.0,4.19359602421655,0.0,0.0,0.0,0.0
Coum_Library1_Col178,5.371876392921689,4.495607940553331,5.068931757807924,4.54247450454365,4.48918487694287,4.66543134180047,2.9255478788689,0.0,4.66543134180047,4.19359602421655,4.19359602421655,4.58471086895187,0.0,0.0,0.0,0.0,4.54847060365979,4.28433067876482,0.0
Coum_Library2_Col364,5.208569578277678,4.495607940553331,5.091361277821956,4.54247450454365,4.54247450454365,3.98171936647388,2.9255478788689,0.0,0.0,4.981188984743697,0.0,0.0,0.0,4.867438569933314,4.27077192556323,0.0,4.837731946586496,4.45864804708195,4.19359602421655
Coum_Library1_Col212,5.294475764944366,4.495607940553331,5.192106436958574,4.54247450454365,4.66543134180047,3.98171936647388,4.594127691835966,4.54847060365979,0.0,0.0,0.0,4.48918487694287,4.875262288279707,4.28433067876482,0.0,0.0,4.27077192556323,4.28433067876482,4.19359602421655
Coum_Library2_Col369,5.301206501961868,4.495607940553331,5.432282228280008,4.54247450454365,4.840002474121603,4.66543134180047,2.9255478788689,4.54247450454365,0.0,4.773183779911765,4.45864804708195,0.0,4.66543134180047,4.737209937931851,0.0,0.0,0.0,0.0,0.0
Coum_Library1_Col180,5.293405715226805,4.495607940553331,5.377992080470172,4.54247450454365,4.19359602421655,4.48918487694287,4.594127691835966,0.0,0.0,0.0,0.0,0.0,0.0,0.0,0.0,0.0,4.6028417006994,0.0,0.0
Coum_Library2_Col336,5.208569578277678,4.495607940553331,5.062817449127101,4.54247450454365,4.998554633742704,4.66543134180047,2.9255478788689,4.45864804708195,0.0,0.0,0.0,0.0,3.98171936647388,0.0,0.0,0.0,4.827267523029642,4.45864804708195,0.0
Coum_Library1_Col213,5.454634295969517,4.495607940553331,4.887218015751893,4.54247450454365,4.48918487694287,4.578634209023732,5.093619849119327,0.0,4.28433067876482,0.0,0.0,0.0,4.48918487694287,0.0,0.0,0.0,4.9119064937798935,3.98171936647388,0.0
Coum_Library1_Col448,5.293405715226805,4.495607940553331,5.3920410430946,4.54247450454365,4.850750785269249,0.0,2.9255478788689,0.0,0.0,4.494626019880531,0.0,4.54247450454365,0.0,5.229165050108989,0.0,0.0,4.583634935224135,4.28433067876482,0.0
Coum_Library3_Col024,5.208569578277678,4.495607940553331,4.887218015751893,4.54247450454365,3.98171936647388,4.875262288279707,4.611877462539103,0.0,0.0,0.0,0.0,0.0,0.0,0.0,0.0,0.0,4.6028417006994,4.66543134180047,0.0
Coum_Library3_Col634,5.293405715226805,4.495607940553331,4.887218015751893,4.54247450454365,5.198867707421385,4.6028417006994,2.9255478788689,0.0,0.0,5.317920843777085,0.0,3.98171936647388,4.946440574093766,4.28433067876482,4.45864804708195,0.0,4.45864804708195,4.54247450454365,4.48918487694287
Coum_Library1_Col392,5.208569578277678,4.495607940553331,5.301774587857065,4.54247450454365,0.0,4.865135930903839,2.9255478788689,5.09066053437317,0.0,0.0,0.0,0.0,0.0,0.0,0.0,0.0,0.0,4.19359602421655,5.09066053437317
Coum_Library3_Col049,5.208569578277678,4.495607940553331,5.068931757807924,4.54247450454365,4.66543134180047,4.66543134180047,2.9255478788689,4.803610636876446,4.48918487694287,0.0,0.0,3.98171936647388,0.0,0.0,4.837731946586496,5.102256575864001,4.6028417006994,3.98171936647388,0.0
Coum_Library4_Col394,5.208569578277678,4.495607940553331,5.0510971793342625,4.54247450454365,4.27077192556323,4.58471086895187,4.552841758731404,4.54247450454365,0.0,0.0,0.0,4.66543134180047,4.583634935224135,0.0,0.0,4.54247450454365,0.0,0.0,5.338787918551619
Coum_Library2_Col638,5.293405715226805,4.495607940553331,4.887218015751893,4.54247450454365,4.699755998547905,4.27077192556323,4.870098568685059,5.09066053437317,0.0,0.0,0.0,0.0,0.0,0.0,0.0,4.58471086895187,0.0,0.0,0.0
Coum_Library1_Col089,5.301206501961868,4.495607940553331,4.887218015751893,4.54247450454365,4.48918487694287,4.66543134180047,4.552841758731404,4.45864804708195,4.66543134180047,0.0,0.0,3.98171936647388,0.0,0.0,0.0,0.0,0.0,0.0,0.0
Coum_Library3_Col091,5.208569578277678,4.495607940553331,4.887218015751893,4.54247450454365,4.54247450454365,0.0,2.9255478788689,4.768830871272901,0.0,4.58471086895187,0.0,0.0,0.0,4.28433067876482,0.0,0.0,0.0,4.66543134180047,0.0
Coum_Library3_Col076,5.208569578277678,4.495607940553331,5.301774587857065,4.54247450454365,5.248622164629678,4.761018837880038,2.9255478788689,0.0,4.874736139574223,4.745769465361816,0.0,3.98171936647388,4.9119064937798935,0.0,0.0,0.0,0.0,4.28433067876482,0.0
Coum_Library3_Col621,5.208569578277678,4.495607940553331,5.062817449127101,4.54247450454365,0.0,3.98171936647388,2.9255478788689,0.0,0.0,0.0,4.19359602421655,0.0,4.54247450454365,0.0,0.0,0.0,4.6028417006994,0.0,0.0
Coum_Library2_Col572,5.304748488056214,4.8434705271522205,5.301774587857065,4.54247450454365,5.09066053437317,0.0,2.9255478788689,4.4508924781120776,0.0,0.0,0.0,0.0,0.0,0.0,0.0,0.0,0.0,5.09066053437317,0.0
Coum_Library4_Col666,5.208569578277678,4.495607940553331,4.887218015751893,4.54247450454365,4.756541637471963,4.875262288279707,4.908413076177095,4.7285632414505,4.66543134180047,4.81249922101071,4.6028417006994,0.0,4.86799863682664,4.981976775663746,0.0,4.54247450454365,5.096178720444325,0.0,4.936293079012569
Coum_Library2_Col485,5.293405715226805,4.495607940553331,5.068931757807924,4.54247450454365,4.58471086895187,4.66543134180047,4.552841758731404,0.0,4.58471086895187,5.09066053437317,0.0,0.0,4.45864804708195,0.0,0.0,0.0,4.696005593776429,0.0,0.0
Coum_Library2_Col268,5.304748488056214,4.495607940553331,5.068931757807924,4.54247450454365,3.98171936647388,5.0461910727164065,2.9255478788689,0.0,5.09066053437317,4.927973804236592,0.0,0.0,4.966461337464451,0.0,4.27077192556323,4.48918487694287,4.6028417006994,4.48918487694287,0.0
Coum_Library3_Col271,5.208569578277678,4.495607940553331,4.887218015751893,4.54247450454365,4.606733990595331,0.0,2.9255478788689,0.0,4.19359602421655,4.542358633891378,0.0,0.0,0.0,0.0,0.0,4.66543134180047,4.48918487694287,0.0,4.66543134180047
Coum_Library2_Col209,5.440137323306285,4.495607940553331,5.439785806501153,4.54247450454365,4.48918487694287,4.966461337464451,2.9255478788689,4.768830871272901,4.58471086895187,4.745769465361816,0.0,0.0,4.747193110263431,4.578634209023732,4.837731946586496,4.90452256969246,4.864026045051193,0.0,0.0
Coum_Library2_Col410,5.454634295969517,4.495607940553331,4.887218015751893,4.54247450454365,4.759678042745931,4.28433067876482,2.9255478788689,0.0,0.0,0.0,0.0,4.54247450454365,4.904953517400442,0.0,0.0,0.0,4.843030029924942,3.98171936647388,4.585360674428801
Coum_Library4_Col639,5.208569578277678,4.495607940553331,5.0510971793342625,4.54247450454365,4.54247450454365,4.45864804708195,2.9255478788689,4.578634209023732,0.0,4.990122146819724,0.0,0.0,0.0,4.981976775663746,0.0,4.66543134180047,4.534926028704391,0.0,4.45864804708195
Coum_Library1_Col452,5.3748883052841006,4.495607940553331,4.887218015751893,4.54247450454365,4.733336736979912,4.66543134180047,4.594127691835966,4.27077192556323,0.0,4.28433067876482,0.0,4.48918487694287,0.0,5.287639070027253,0.0,0.0,4.27077192556323,0.0,0.0
Coum_Library1_Col234,5.208569578277678,4.495607940553331,5.0492213851422125,4.54247450454365,4.48918487694287,4.28433067876482,4.970395950810712,4.681434739500002,0.0,4.27077192556323,0.0,3.98171936647388,4.747193110263431,0.0,5.058483218531103,4.90452256969246,0.0,4.606733990595331,0.0
Coum_Library1_Col557,5.208569578277678,4.8434705271522205,4.887218015751893,4.54247450454365,0.0,0.0,2.9255478788689,0.0,4.58471086895187,0.0,0.0,0.0,4.58471086895187,4.27077192556323,0.0,0.0,4.81249922101071,0.0,0.0
Coum_Library4_Col087,5.208569578277678,4.495607940553331,4.887218015751893,4.54247450454365,0.0,3.98171936647388,2.9255478788689,4.6758211560466325,0.0,4.66543134180047,4.27077192556323,0.0,4.45864804708195,4.19359602421655,0.0,0.0,0.0,4.19359602421655,4.66543134180047
Coum_Library1_Col371,5.208569578277678,4.495607940553331,4.887218015751893,4.54247450454365,4.803610636876446,4.27077192556323,4.870098568685059,0.0,0.0,4.745769465361816,0.0,0.0,5.09066053437317,0.0,0.0,0.0,4.903871696363381,4.6028417006994,0.0
Coum_Library4_Col631,5.208569578277678,4.495607940553331,4.887218015751893,4.54247450454365,0.0,0.0,2.9255478788689,4.571801921227212,0.0,0.0,0.0,4.790214872606851,4.7285632414505,4.966461337464451,0.0,0.0,4.903871696363381,4.282749362137862,0.0
Coum_Library2_Col574,5.304748488056214,4.495607940553331,4.887218015751893,4.54247450454365,4.583634935224135,4.936293079012569,2.9255478788689,4.676578139768973,4.647066113786595,4.28433067876482,0.0,3.98171936647388,4.875262288279707,4.849500599323771,0.0,4.48918487694287,0.0,0.0,4.28433067876482
Coum_Library1_Col488,5.454634295969517,4.495607940553331,5.2134783568184115,4.54247450454365,3.98171936647388,4.66543134180047,5.093619849119327,4.54847060365979,4.66543134180047,0.0,4.27077192556323,0.0,3.98171936647388,0.0,0.0,0.0,0.0,0.0,0.0
Coum_Library1_Col380,5.304748488056214,4.495607940553331,5.182051913832026,4.54247450454365,0.0,4.6028417006994,2.9255478788689,4.578634209023732,0.0,0.0,0.0,0.0,4.45864804708195,0.0,4.45864804708195,0.0,0.0,4.48918487694287,0.0
Coum_Library2_Col489,5.304748488056214,4.495607940553331,5.062817449127101,4.54247450454365,0.0,0.0,2.9255478788689,0.0,0.0,0.0,0.0,0.0,0.0,0.0,0.0,0.0,0.0,0.0,5.198893264401573
Coum_Library3_Col626,5.208569578277678,4.495607940553331,4.887218015751893,4.54247450454365,0.0,0.0,2.9255478788689,0.0,4.19359602421655,4.19359602421655,0.0,0.0,4.45864804708195,4.45864804708195,4.28433067876482,4.966461337464451,4.699755998547905,4.840599039085999,5.09066053437317
Coum_Library2_Col073,5.208569578277678,4.495607940553331,4.887218015751893,4.54247450454365,0.0,0.0,2.9255478788689,0.0,0.0,0.0,4.45864804708195,0.0,0.0,4.19359602421655,0.0,0.0,4.58471086895187,4.28433067876482,4.45864804708195
Coum_Library4_Col312,0.0,0.0,0.0,0.0,0.0,0.0,0.0,0.0,0.0,0.0,0.0,0.0,0.0,0.0,0.0,0.0,0.0,0.0,0.0
Coum_Library4_Col407,5.208569578277678,4.495607940553331,4.887218015751893,4.54247450454365,4.66543134180047,4.66543134180047,2.9255478788689,0.0,4.19359602421655,0.0,4.45864804708195,0.0,4.790214872606851,0.0,0.0,5.032264785134781,4.877536460169177,0.0,5.153692028869157
Coum_Library4_Col642,5.208569578277678,4.495607940553331,5.1787446306916785,4.54247450454365,5.463959503291271,4.817676529814633,2.9255478788689,4.6028417006994,0.0,5.188248011415874,4.773183779911765,4.840599039085999,5.09066053437317,5.017781630379249,4.6028417006994,0.0,4.941892570077064,4.4508924781120776,5.49049238254031
Coum_Library3_Col047,5.208569578277678,4.495607940553331,4.887218015751893,4.54247450454365,0.0,3.98171936647388,2.9255478788689,0.0,0.0,0.0,0.0,3.98171936647388,0.0,4.58471086895187,0.0,0.0,0.0,0.0,4.827267523029642
Coum_Library4_Col142,5.208569578277678,4.495607940553331,4.887218015751893,4.54247450454365,5.321113872954082,4.27077192556323,4.594127691835966,5.391690530037152,4.6758211560466325,4.667097435313131,0.0,0.0,4.66543134180047,4.997341342367144,4.45864804708195,0.0,4.987485912563853,0.0,4.54847060365979
Coum_Library3_Col602,5.208569578277678,4.495607940553331,5.0510971793342625,4.54247450454365,4.27077192556323,0.0,2.9255478788689,0.0,0.0,0.0,0.0,4.48918487694287,4.66543134180047,0.0,0.0,0.0,4.58471086895187,0.0,0.0
Coum_Library3_Col530,5.454634295969517,4.8434705271522205,4.887218015751893,4.54247450454365,4.6758211560466325,4.756541637471963,4.552841758731404,5.09066053437317,5.09066053437317,0.0,0.0,0.0,0.0,0.0,0.0,0.0,3.98171936647388,4.48918487694287,0.0
Coum_Library2_Col650,5.293405715226805,4.495607940553331,4.887218015751893,4.54247450454365,4.887218015751893,5.041023516140823,4.673265241568443,5.181743033251618,0.0,4.48918487694287,0.0,4.681434739500002,4.6758211560466325,4.6028417006994,4.997341342367144,4.90452256969246,4.28433067876482,0.0,0.0
Coum_Library1_Col679,5.610741042012372,4.495607940553331,4.887218015751893,4.54247450454365,4.66543134180047,4.66543134180047,5.210827107384005,0.0,4.19359602421655,4.19359602421655,4.45864804708195,0.0,0.0,0.0,0.0,0.0,4.583634935224135,0.0,0.0
Coum_Library4_Col629,5.301206501961868,4.495607940553331,4.887218015751893,4.54247450454365,4.733336736979912,5.122916320038056,2.9255478788689,4.733336736979912,4.888218581504035,4.864844223278736,4.27077192556323,0.0,5.457394238936056,5.009263480760654,4.819929832667609,5.07444307127564,5.063402956305724,5.2081448217933985,4.843504500207631
Coum_Library3_Col679,5.208569578277678,4.495607940553331,5.0510971793342625,4.54247450454365,3.98171936647388,0.0,2.9255478788689,0.0,4.66543134180047,0.0,0.0,0.0,0.0,4.66543134180047,4.27077192556323,0.0,0.0,0.0,4.54247450454365
Coum_Library2_Col278,5.304748488056214,4.495607940553331,5.0510971793342625,4.54247450454365,4.6028417006994,4.864572157660904,4.91380493941866,0.0,4.54247450454365,4.58471086895187,4.6028417006994,3.98171936647388,0.0,4.6028417006994,4.45864804708195,0.0,4.6028417006994,4.48918487694287,4.6028417006994
Coum_Library2_Col121,5.208569578277678,4.495607940553331,5.062817449127101,4.54247450454365,0.0,0.0,2.9255478788689,0.0,0.0,4.19359602421655,0.0,0.0,4.82665234819248,0.0,4.19359602421655,0.0,4.756541637471963,4.28433067876482,0.0
Coum_Library3_Col624,5.208569578277678,4.495607940553331,5.091361277821956,4.54247450454365,0.0,0.0,2.9255478788689,4.4508924781120776,5.054874572648212,4.6028417006994,0.0,0.0,0.0,4.585360674428801,0.0,4.865135930903839,3.98171936647388,0.0,5.285462244154624
Coum_Library3_Col096,4.885740864615851,2.9633882742709012,4.887218015751893,4.54247450454365,4.48918487694287,0.0,2.9255478788689,4.45864804708195,0.0,0.0,0.0,0.0,5.09066053437317,0.0,4.6028417006994,0.0,4.6028417006994,4.27077192556323,4.58471086895187
Coum_Library4_Col537,0.0,0.0,0.0,0.0,0.0,0.0,0.0,0.0,0.0,0.0,0.0,0.0,0.0,0.0,0.0,0.0,0.0,0.0,0.0
Coum_Library3_Col597,5.509599573941659,4.495607940553331,4.887218015751893,4.54247450454365,4.850750785269249,4.6028417006994,2.9255478788689,4.459895471769948,0.0,4.19359602421655,4.6028417006994,0.0,4.975282392724244,4.45864804708195,0.0,4.58471086895187,4.696005593776429,4.27077192556323,4.6028417006994
Coum_Library1_Col055,5.520019385354567,4.495607940553331,5.301774587857065,4.54247450454365,5.442908017311829,4.66543134180047,2.9255478788689,5.09066053437317,4.54247450454365,0.0,4.19359602421655,4.58471086895187,3.98171936647388,4.816437611654617,4.27077192556323,4.48918487694287,4.19359602421655,0.0,5.0492213851422125
Coum_Library3_Col385,5.208569578277678,4.495607940553331,5.091361277821956,4.54247450454365,4.66543134180047,4.699755998547905,2.9255478788689,4.7285632414505,4.45864804708195,4.66543134180047,0.0,0.0,4.66543134180047,5.112728631271912,4.45864804708195,0.0,4.19359602421655,4.28433067876482,5.197239405690299
Coum_Library1_Col603,5.208569578277678,4.495607940553331,5.301774587857065,4.54247450454365,4.28433067876482,4.6028417006994,2.9255478788689,0.0,0.0,0.0,0.0,0.0,4.48918487694287,4.19359602421655,0.0,0.0,0.0,0.0,0.0
Coum_Library1_Col562,5.208569578277678,4.8434705271522205,4.887218015751893,4.54247450454365,0.0,0.0,2.9255478788689,0.0,4.27077192556323,4.48918487694287,0.0,3.98171936647388,0.0,0.0,4.837731946586496,0.0,0.0,0.0,0.0
Coum_Library2_Col077,5.208569578277678,4.495607940553331,4.887218015751893,4.54247450454365,0.0,0.0,2.9255478788689,4.817676529814633,0.0,0.0,0.0,0.0,4.45864804708195,0.0,4.27077192556323,0.0,4.768830871272901,0.0,4.48918487694287
Coum_Library4_Col143,5.208569578277678,4.495607940553331,4.887218015751893,4.54247450454365,0.0,0.0,2.9255478788689,0.0,4.6028417006994,0.0,4.28433067876482,3.98171936647388,4.966461337464451,5.1424866974446815,0.0,0.0,0.0,4.48918487694287,5.09066053437317
Coum_Library3_Col673,5.208569578277678,4.495607940553331,4.887218015751893,4.54247450454365,0.0,0.0,2.9255478788689,0.0,4.45864804708195,4.19359602421655,4.494626019880531,4.282749362137862,4.66543134180047,4.81249922101071,4.773183779911765,5.102256575864001,4.27077192556323,4.58471086895187,0.0
Coum_Library4_Col192,5.208569578277678,4.495607940553331,4.887218015751893,4.54247450454365,0.0,4.837731946586496,2.9255478788689,4.6758211560466325,0.0,4.7327999209910505,4.19359602421655,4.58471086895187,4.58471086895187,5.090438696807015,4.773183779911765,0.0,5.243606545114114,4.850750785269249,4.733336736979912
Coum_Library2_Col142,5.301206501961868,4.8434705271522205,4.887218015751893,4.54247450454365,0.0,0.0,2.9255478788689,0.0,0.0,0.0,0.0,0.0,0.0,4.19359602421655,0.0,4.58471086895187,4.6028417006994,0.0,4.66543134180047
Coum_Library2_Col204,5.208569578277678,4.495607940553331,4.887218015751893,4.54247450454365,0.0,0.0,2.9255478788689,0.0,0.0,4.823801709078853,4.19359602421655,0.0,0.0,0.0,0.0,0.0,4.6028417006994,0.0,5.09066053437317
Coum_Library4_Col077,5.208569578277678,4.495607940553331,4.887218015751893,4.54247450454365,4.48918487694287,3.98171936647388,4.594127691835966,4.86799863682664,4.27077192556323,0.0,0.0,0.0,4.606733990595331,4.66543134180047,0.0,0.0,4.951178227091387,4.58471086895187,4.8654767412987
Coum_Library1_Col368,5.208569578277678,4.495607940553331,5.068931757807924,4.54247450454365,4.19359602421655,4.816437611654617,4.673265241568443,0.0,4.6028417006994,0.0,4.19359602421655,4.90452256969246,4.606733990595331,0.0,4.19359602421655,4.66543134180047,4.27077192556323,0.0,0.0
Coum_Library4_Col165,5.208569578277678,4.495607940553331,4.887218015751893,4.54247450454365,4.667097435313131,4.965545807328515,2.9255478788689,5.278501007960259,5.138761942250477,4.19359602421655,0.0,0.0,4.936663625003118,4.45864804708195,4.6028417006994,4.66543134180047,5.307364151608283,3.98171936647388,5.09066053437317
Coum_Library2_Col317,5.208569578277678,4.495607940553331,5.0510971793342625,4.54247450454365,0.0,0.0,2.9255478788689,4.768830871272901,0.0,5.09066053437317,0.0,0.0,4.936663625003118,4.936293079012569,0.0,4.66543134180047,4.45864804708195,0.0,4.846455366322139
Coum_Library2_Col375,5.304748488056214,4.495607940553331,4.887218015751893,4.54247450454365,4.703194654295263,0.0,2.9255478788689,4.54247450454365,0.0,0.0,0.0,0.0,0.0,0.0,0.0,0.0,4.28433067876482,4.58471086895187,0.0
Coum_Library4_Col625,5.208569578277678,4.495607940553331,5.2134783568184115,4.54247450454365,4.27077192556323,4.66543134180047,2.9255478788689,4.54847060365979,0.0,0.0,0.0,0.0,5.09066053437317,4.66543134180047,4.45864804708195,0.0,5.040350846238963,4.699755998547905,4.66543134180047
Coum_Library1_Col612,5.208569578277678,4.495607940553331,5.1683721740685415,4.54247450454365,4.27077192556323,4.817676529814633,2.9255478788689,0.0,0.0,4.578634209023732,0.0,0.0,5.09066053437317,5.034167211389144,4.45864804708195,4.66543134180047,0.0,0.0,0.0
Coum_Library1_Col660,5.304748488056214,4.495607940553331,5.068931757807924,4.54247450454365,0.0,4.944943639969376,2.9255478788689,0.0,0.0,0.0,0.0,0.0,0.0,0.0,4.28433067876482,4.54247450454365,4.6028417006994,4.45864804708195,4.66543134180047
Coum_Library3_Col522,5.509599573941659,4.495607940553331,4.887218015751893,4.54247450454365,4.681434739500002,4.54247450454365,4.552841758731404,0.0,5.09066053437317,0.0,4.19359602421655,4.282749362137862,4.909319883638178,4.66543134180047,4.534926028704391,4.817676529814633,4.9180366342718145,0.0,4.58471086895187
Coum_Library3_Col317,5.208569578277678,4.495607940553331,5.2134783568184115,4.54247450454365,4.667097435313131,0.0,2.9255478788689,0.0,0.0,0.0,0.0,0.0,4.583634935224135,0.0,0.0,0.0,4.45864804708195,0.0,0.0
Coum_Library2_Col426,5.293405715226805,4.495607940553331,5.0510971793342625,4.54247450454365,3.98171936647388,4.894900888872926,2.9255478788689,0.0,0.0,0.0,0.0,0.0,4.66543134180047,4.66543134180047,4.6028417006994,5.04575054626262,5.352136602069837,0.0,4.6028417006994
Coum_Library2_Col286,5.208569578277678,4.495607940553331,4.887218015751893,4.54247450454365,4.459895471769948,4.27077192556323,4.673265241568443,4.27077192556323,0.0,0.0,0.0,3.98171936647388,0.0,0.0,0.0,0.0,0.0,0.0,4.54847060365979
Coum_Library2_Col519,5.208569578277678,4.495607940553331,4.887218015751893,4.54247450454365,4.6028417006994,0.0,2.9255478788689,0.0,0.0,0.0,0.0,0.0,0.0,0.0,0.0,4.66543134180047,4.6028417006994,0.0,4.54247450454365
Coum_Library2_Col476,5.304748488056214,4.495607940553331,5.566248837344584,4.54247450454365,3.98171936647388,4.66543134180047,4.970395950810712,4.45864804708195,5.388475374553658,4.875262288279707,5.037007145471652,0.0,5.09066053437317,5.016482180013073,4.981188984743697,4.48918487694287,5.030422894580395,0.0,4.28433067876482
Coum_Library4_Col095,5.454634295969517,4.495607940553331,5.0492213851422125,4.54247450454365,4.908139484018011,4.817676529814633,2.9255478788689,5.045752595367836,4.6028417006994,5.04254078447836,4.756979218750846,3.98171936647388,4.966461337464451,5.033669514111127,4.956895718186487,5.04575054626262,5.228290776054563,4.681207222692074,5.273738177147108
Coum_Library3_Col097,5.208569578277678,4.495607940553331,4.887218015751893,4.54247450454365,0.0,4.966461337464451,2.9255478788689,5.024440024921099,4.66543134180047,4.58471086895187,0.0,0.0,4.66543134180047,0.0,4.45864804708195,4.58471086895187,4.846512897847634,4.28433067876482,0.0
Coum_Library4_Col231,0.0,0.0,0.0,0.0,0.0,0.0,0.0,0.0,0.0,0.0,0.0,0.0,0.0,0.0,0.0,0.0,0.0,0.0,0.0
Coum_Library4_Col665,5.208569578277678,4.495607940553331,5.0510971793342625,4.54247450454365,4.840599039085999,5.083602663766718,2.9255478788689,5.181979312219786,4.6028417006994,5.144455124178803,0.0,4.760491846236059,4.885203230945571,5.013232038104973,0.0,0.0,4.936293079012569,0.0,4.946394868189997
Coum_Library2_Col392,5.208569578277678,4.495607940553331,5.371465018819919,4.54247450454365,4.45864804708195,4.6028417006994,4.552841758731404,0.0,0.0,0.0,0.0,0.0,0.0,4.66543134180047,0.0,0.0,4.6028417006994,0.0,0.0
Coum_Library3_Col016,5.208569578277678,4.495607940553331,4.887218015751893,4.54247450454365,0.0,4.6028417006994,2.9255478788689,0.0,5.09066053437317,0.0,0.0,0.0,0.0,4.54847060365979,0.0,0.0,0.0,0.0,4.27077192556323
Coum_Library1_Col300,5.208569578277678,4.495607940553331,5.091361277821956,4.54247450454365,4.54247450454365,3.98171936647388,4.594127691835966,4.6028417006994,4.28433067876482,0.0,0.0,0.0,4.48918487694287,5.09066053437317,4.6028417006994,0.0,0.0,4.45864804708195,5.09066053437317
Coum_Library1_Col002,5.208569578277678,4.495607940553331,4.887218015751893,4.54247450454365,4.48918487694287,4.850750785269249,4.552841758731404,0.0,0.0,0.0,4.45864804708195,0.0,0.0,4.28433067876482,4.6028417006994,0.0,4.19359602421655,4.48918487694287,5.09066053437317
Coum_Library4_Col406,5.208569578277678,4.495607940553331,5.0492213851422125,4.54247450454365,4.840599039085999,4.733336736979912,2.9255478788689,0.0,4.681207222692074,0.0,4.19359602421655,0.0,4.66543134180047,5.229165050108989,0.0,4.58471086895187,4.571801921227212,4.681207222692074,0.0
Coum_Library3_Col686,5.208569578277678,4.495607940553331,4.887218015751893,4.54247450454365,0.0,4.800123076989992,2.9255478788689,4.45864804708195,4.28433067876482,4.45864804708195,0.0,0.0,4.45864804708195,4.6028417006994,4.6028417006994,0.0,0.0,3.98171936647388,5.09066053437317
Coum_Library3_Col650,5.208569578277678,4.495607940553331,4.887218015751893,4.54247450454365,0.0,4.58471086895187,2.9255478788689,0.0,0.0,0.0,0.0,5.04575054626262,4.66543134180047,0.0,4.6028417006994,0.0,4.903871696363381,4.19359602421655,4.19359602421655
Coum_Library4_Col170,5.208569578277678,4.495607940553331,5.301774587857065,4.54247450454365,5.1919330412762985,5.267533651134519,2.9255478788689,5.485032658891286,4.6028417006994,4.58471086895187,4.837731946586496,0.0,5.131875848128261,4.6028417006994,4.874682228145901,0.0,4.66543134180047,4.837731946586496,5.01575592802065
Coum_Library2_Col400,5.380488673773889,4.495607940553331,5.068931757807924,4.54247450454365,4.667097435313131,0.0,2.9255478788689,3.98171936647388,0.0,4.28433067876482,0.0,0.0,0.0,4.45864804708195,0.0,0.0,0.0,3.98171936647388,0.0
Coum_Library2_Col232,5.208569578277678,4.495607940553331,4.887218015751893,4.54247450454365,0.0,4.81249922101071,4.552841758731404,0.0,4.48918487694287,0.0,0.0,0.0,0.0,0.0,0.0,0.0,0.0,0.0,4.27077192556323
Coum_Library3_Col654,5.208569578277678,4.495607940553331,4.887218015751893,4.54247450454365,4.936293079012569,4.865135930903839,2.9255478788689,4.48918487694287,0.0,0.0,0.0,0.0,4.54247450454365,0.0,0.0,0.0,4.850750785269249,0.0,0.0
Coum_Library3_Col605,5.208569578277678,4.495607940553331,4.887218015751893,4.54247450454365,0.0,4.816437611654617,2.9255478788689,4.6758211560466325,5.09066053437317,0.0,4.27077192556323,3.98171936647388,4.827267523029642,4.45864804708195,4.6028417006994,4.90452256969246,0.0,4.747193110263431,4.534926028704391
Coum_Library1_Col091,5.208569578277678,4.495607940553331,5.200767661043513,4.54247450454365,0.0,4.45864804708195,2.9255478788689,0.0,0.0,0.0,0.0,0.0,0.0,4.9178272090212625,0.0,0.0,5.29701163142681,4.27077192556323,0.0
Coum_Library4_Col121,5.208569578277678,4.495607940553331,4.887218015751893,4.54247450454365,4.7327999209910505,4.28433067876482,2.9255478788689,4.820868591449425,4.6028417006994,0.0,0.0,4.681434739500002,4.846512897847634,4.849500599323771,0.0,0.0,4.19359602421655,0.0,0.0
Coum_Library1_Col495,5.208569578277678,4.495607940553331,4.887218015751893,4.54247450454365,0.0,0.0,2.9255478788689,0.0,0.0,0.0,0.0,3.98171936647388,0.0,4.28433067876482,4.6028417006994,0.0,0.0,0.0,4.45864804708195
Coum_Library2_Col346,5.208569578277678,4.495607940553331,5.091361277821956,4.54247450454365,5.198893264401573,0.0,2.9255478788689,0.0,4.27077192556323,0.0,4.745769465361816,0.0,0.0,0.0,0.0,0.0,3.98171936647388,3.98171936647388,5.200223064841752
Coum_Library3_Col045,5.208569578277678,4.495607940553331,4.887218015751893,4.54247450454365,4.45864804708195,0.0,2.9255478788689,5.09066053437317,0.0,5.09066053437317,0.0,0.0,0.0,5.09066053437317,4.773183779911765,0.0,0.0,4.6028417006994,4.54247450454365
Coum_Library1_Col390,5.304748488056214,4.495607940553331,4.887218015751893,4.54247450454365,0.0,4.66543134180047,2.9255478788689,4.27077192556323,0.0,0.0,0.0,4.66543134180047,5.09066053437317,0.0,0.0,0.0,0.0,0.0,0.0
Coum_Library3_Col466,5.304748488056214,4.495607940553331,5.0492213851422125,4.54247450454365,4.48918487694287,4.946188648324787,4.879590884505137,0.0,5.3439745777051115,5.000245845191025,0.0,3.98171936647388,4.827267523029642,5.083928007466355,0.0,4.90452256969246,4.6028417006994,4.759678042745931,0.0
Coum_Library2_Col279,5.373999306995965,4.495607940553331,4.887218015751893,4.54247450454365,4.48918487694287,4.54247450454365,4.899536547112853,0.0,4.816437611654617,5.301774587857065,0.0,0.0,4.45864804708195,4.45864804708195,0.0,0.0,0.0,0.0,0.0
Coum_Library4_Col024,5.208569578277678,4.495607940553331,5.199439529650981,4.54247450454365,3.98171936647388,4.790214872606851,2.9255478788689,4.45864804708195,5.061100930527829,5.038821379914207,0.0,0.0,4.8613229159037825,4.875262288279707,4.837731946586496,4.90452256969246,4.6028417006994,0.0,4.28433067876482
Coum_Library3_Col368,5.304748488056214,4.495607940553331,5.0510971793342625,4.54247450454365,3.98171936647388,4.28433067876482,4.673265241568443,4.6028417006994,4.6028417006994,4.28433067876482,0.0,0.0,0.0,4.45864804708195,0.0,0.0,0.0,0.0,4.6028417006994
Coum_Library3_Col171,5.208569578277678,4.495607940553331,4.887218015751893,4.54247450454365,4.817676529814633,0.0,2.9255478788689,4.6028417006994,0.0,4.48918487694287,0.0,0.0,0.0,4.6028417006994,0.0,4.48918487694287,0.0,0.0,0.0
Coum_Library2_Col577,5.454634295969517,4.495607940553331,5.1697986327878525,4.54247450454365,4.48918487694287,0.0,2.9255478788689,0.0,0.0,4.48918487694287,0.0,4.54247450454365,4.58471086895187,0.0,4.745769465361816,0.0,5.122675038107602,4.681207222692074,5.09066053437317
Coum_Library1_Col043,5.301206501961868,4.8434705271522205,5.062817449127101,4.54247450454365,4.775214796898149,3.98171936647388,4.594127691835966,4.48918487694287,0.0,0.0,0.0,0.0,5.181743033251618,0.0,4.837731946586496,4.790214872606851,0.0,4.48918487694287,4.66543134180047
Coum_Library2_Col647,5.4375468278726595,4.495607940553331,4.887218015751893,4.54247450454365,4.19359602421655,4.944819631075142,4.552841758731404,0.0,4.66543134180047,0.0,0.0,0.0,5.13471167142984,0.0,4.45864804708195,5.04575054626262,4.937186845341629,4.803610636876446,4.850750785269249
Coum_Library2_Col491,5.208569578277678,4.495607940553331,5.200767661043513,4.54247450454365,0.0,4.81249922101071,2.9255478788689,4.45864804708195,0.0,0.0,4.27077192556323,4.48918487694287,4.48918487694287,0.0,4.6028417006994,0.0,4.732479056638193,4.48918487694287,0.0
Coum_Library4_Col159,5.208569578277678,4.495607940553331,4.887218015751893,4.54247450454365,0.0,4.843504500207631,2.9255478788689,5.232026905105311,0.0,4.6028417006994,4.926546583978012,4.282749362137862,5.256995369436588,5.14738763780307,0.0,0.0,0.0,0.0,5.094316233641262
Coum_Library1_Col599,5.208569578277678,4.495607940553331,5.301774587857065,4.54247450454365,4.941892570077064,4.941504321065976,2.9255478788689,4.756541637471963,4.19359602421655,4.894900888872926,0.0,0.0,4.45864804708195,4.19359602421655,4.6028417006994,0.0,5.212949478144594,0.0,4.849500599323771
Coum_Library4_Col270,5.208569578277678,4.495607940553331,4.887218015751893,4.54247450454365,5.208314004238142,4.66543134180047,2.9255478788689,4.6028417006994,4.66543134180047,0.0,0.0,0.0,5.09066053437317,0.0,0.0,0.0,4.19359602421655,0.0,5.09066053437317
Coum_Library4_Col131,5.208569578277678,4.495607940553331,4.887218015751893,4.54247450454365,4.48918487694287,4.48918487694287,2.9255478788689,4.48918487694287,0.0,0.0,0.0,0.0,0.0,0.0,4.6028417006994,0.0,0.0,5.212949478144594,0.0
Coum_Library1_Col424,5.454634295969517,4.495607940553331,5.091361277821956,4.54247450454365,5.376972452001204,3.98171936647388,2.9255478788689,4.6028417006994,0.0,0.0,0.0,3.98171936647388,5.266946658764318,4.585360674428801,0.0,0.0,4.66543134180047,4.585360674428801,5.09066053437317
Coum_Library1_Col506,5.293405715226805,4.495607940553331,5.091361277821956,4.54247450454365,4.48918487694287,4.27077192556323,2.9255478788689,0.0,4.48918487694287,4.887218015751893,0.0,0.0,4.583634935224135,0.0,0.0,0.0,4.833484998302806,4.6028417006994,0.0
Coum_Library3_Col672,5.208569578277678,4.495607940553331,5.0510971793342625,4.54247450454365,5.181743033251618,0.0,2.9255478788689,4.27077192556323,0.0,4.48918487694287,0.0,3.98171936647388,0.0,4.585360674428801,0.0,0.0,4.45864804708195,4.66543134180047,0.0
Coum_Library1_Col614,5.208569578277678,4.8434705271522205,5.291605836836748,4.54247450454365,4.48918487694287,4.48918487694287,4.611877462539103,0.0,0.0,0.0,4.28433067876482,0.0,4.733336736979912,0.0,0.0,0.0,3.98171936647388,0.0,0.0
Coum_Library3_Col067,5.373999306995965,4.495607940553331,5.091361277821956,4.54247450454365,4.54247450454365,5.002548891642351,2.9255478788689,4.9336808837033805,0.0,5.122675038107602,4.681207222692074,0.0,4.66543134180047,4.9180366342718145,0.0,0.0,4.707344895893182,0.0,4.58471086895187
Coum_Library2_Col031,5.505446367908586,4.495607940553331,4.887218015751893,4.54247450454365,0.0,4.54247450454365,2.9255478788689,0.0,4.58471086895187,0.0,0.0,0.0,0.0,0.0,0.0,0.0,4.54847060365979,4.6028417006994,0.0
Coum_Library2_Col661,5.208569578277678,4.495607940553331,5.068931757807924,4.54247450454365,0.0,4.66543134180047,2.9255478788689,0.0,5.257422442435403,4.66543134180047,0.0,0.0,0.0,0.0,4.6028417006994,0.0,4.81249922101071,0.0,0.0
Coum_Library1_Col110,5.293405715226805,4.495607940553331,5.209103814432315,4.54247450454365,0.0,0.0,2.9255478788689,4.27077192556323,4.58471086895187,0.0,0.0,0.0,0.0,0.0,0.0,0.0,0.0,0.0,4.846455366322139
Coum_Library3_Col114,5.208569578277678,4.495607940553331,4.887218015751893,4.54247450454365,5.133088031986903,4.66543134180047,2.9255478788689,0.0,0.0,0.0,4.28433067876482,4.58471086895187,0.0,0.0,0.0,0.0,0.0,0.0,0.0
Coum_Library1_Col525,5.293405715226805,4.495607940553331,5.1787446306916785,4.54247450454365,4.66543134180047,4.48918487694287,2.9255478788689,3.98171936647388,0.0,0.0,4.19359602421655,0.0,4.58471086895187,4.6028417006994,0.0,0.0,0.0,4.48918487694287,0.0
Coum_Library4_Col016,5.208569578277678,4.495607940553331,4.887218015751893,4.54247450454365,4.45864804708195,0.0,2.9255478788689,4.19359602421655,0.0,0.0,0.0,3.98171936647388,0.0,0.0,4.745769465361816,0.0,0.0,0.0,4.54847060365979
Coum_Library1_Col447,5.454634295969517,4.495607940553331,4.887218015751893,4.54247450454365,4.58471086895187,4.66543134180047,4.611877462539103,0.0,0.0,0.0,4.19359602421655,4.606733990595331,0.0,0.0,0.0,4.90452256969246,0.0,0.0,0.0
Coum_Library1_Col031,5.208569578277678,4.495607940553331,5.068931757807924,4.54247450454365,4.48918487694287,4.756541637471963,2.9255478788689,0.0,0.0,0.0,0.0,0.0,4.606733990595331,0.0,0.0,0.0,0.0,0.0,4.58471086895187
Coum_Library2_Col019,5.208569578277678,4.495607940553331,5.091361277821956,4.54247450454365,4.699755998547905,4.887218015751893,4.611877462539103,0.0,0.0,0.0,0.0,4.48918487694287,4.58471086895187,4.19359602421655,4.6028417006994,4.54247450454365,0.0,4.28433067876482,0.0
Coum_Library4_Col352,5.208569578277678,4.495607940553331,4.887218015751893,4.54247450454365,0.0,3.98171936647388,2.9255478788689,4.58471086895187,4.894900888872926,0.0,0.0,0.0,4.846512897847634,4.994748697510654,0.0,0.0,5.024440024921099,0.0,4.585360674428801
Coum_Library2_Col404,5.454634295969517,4.495607940553331,4.887218015751893,4.54247450454365,4.54247450454365,0.0,2.9255478788689,4.542358633891378,0.0,0.0,0.0,0.0,0.0,0.0,0.0,0.0,0.0,4.6028417006994,4.54847060365979
Coum_Library2_Col034,5.208569578277678,4.495607940553331,5.291605836836748,4.54247450454365,4.48918487694287,4.54247450454365,5.0933995184145155,4.737209937931851,5.212949478144594,0.0,0.0,0.0,5.09066053437317,4.66543134180047,0.0,0.0,4.840002474121603,4.875262288279707,4.54847060365979
Coum_Library1_Col155,5.509599573941659,4.495607940553331,5.372359214594302,4.54247450454365,5.208569578277678,4.909319883638178,4.594127691835966,0.0,0.0,0.0,0.0,0.0,0.0,0.0,0.0,0.0,0.0,0.0,0.0
Coum_Library3_Col302,5.208569578277678,4.495607940553331,4.887218015751893,4.54247450454365,0.0,4.48918487694287,2.9255478788689,0.0,0.0,4.578634209023732,0.0,0.0,3.98171936647388,3.98171936647388,0.0,0.0,0.0,0.0,4.66543134180047
Coum_Library3_Col113,5.208569578277678,4.495607940553331,5.068931757807924,4.54247450454365,5.3021600632753865,4.840599039085999,2.9255478788689,4.778705078513073,5.208569578277678,5.2467908370094305,4.952947031609296,3.98171936647388,5.118236747834858,5.359516710406435,0.0,0.0,3.98171936647388,3.98171936647388,5.26133845099589
Coum_Library2_Col140,5.208569578277678,4.495607940553331,4.887218015751893,4.54247450454365,4.54247450454365,4.6028417006994,2.9255478788689,4.45864804708195,4.48918487694287,0.0,4.28433067876482,0.0,4.48918487694287,4.6028417006994,0.0,0.0,0.0,4.27077192556323,4.6758211560466325
Coum_Library1_Col134,5.208569578277678,4.495607940553331,5.301774587857065,4.54247450454365,4.58471086895187,0.0,2.9255478788689,0.0,0.0,0.0,4.6028417006994,4.66543134180047,4.66543134180047,0.0,0.0,0.0,0.0,4.28433067876482,0.0
Coum_Library1_Col420,5.304748488056214,4.495607940553331,5.068931757807924,4.54247450454365,0.0,0.0,2.9255478788689,4.19359602421655,0.0,0.0,0.0,0.0,0.0,0.0,0.0,0.0,4.27077192556323,0.0,0.0
Coum_Library2_Col051,5.208569578277678,4.495607940553331,5.196654673161471,4.54247450454365,0.0,5.239859713609449,2.9255478788689,0.0,4.966306131662533,4.759678042745931,0.0,0.0,5.449917685868121,0.0,0.0,0.0,4.6028417006994,0.0,0.0
Coum_Library1_Col391,5.208569578277678,4.495607940553331,4.887218015751893,4.54247450454365,4.817676529814633,4.681207222692074,5.093619849119327,0.0,0.0,4.45864804708195,0.0,3.98171936647388,4.45864804708195,0.0,0.0,0.0,4.759678042745931,3.98171936647388,0.0
Coum_Library4_Col542,5.208569578277678,4.495607940553331,4.887218015751893,4.54247450454365,0.0,4.54247450454365,2.9255478788689,0.0,0.0,0.0,4.6028417006994,4.790214872606851,0.0,4.6028417006994,4.864026045051193,0.0,4.647066113786595,4.66543134180047,4.86799863682664
Coum_Library3_Col648,5.208569578277678,4.495607940553331,5.068931757807924,4.54247450454365,4.58471086895187,4.54247450454365,2.9255478788689,4.28433067876482,0.0,4.48918487694287,4.6028417006994,3.98171936647388,5.054874572648212,4.747193110263431,0.0,4.90452256969246,0.0,4.58471086895187,4.19359602421655
Coum_Library1_Col356,5.208569578277678,4.495607940553331,5.3920410430946,4.54247450454365,4.58471086895187,4.58471086895187,4.552841758731404,0.0,0.0,0.0,0.0,0.0,4.806907377326592,4.745769465361816,0.0,4.90452256969246,0.0,4.58471086895187,5.09066053437317
Coum_Library2_Col616,5.208569578277678,4.495607940553331,4.887218015751893,4.54247450454365,5.09066053437317,4.58471086895187,2.9255478788689,4.28433067876482,0.0,0.0,0.0,3.98171936647388,0.0,0.0,0.0,0.0,0.0,0.0,4.58471086895187
Coum_Library2_Col581,5.208569578277678,4.495607940553331,5.068931757807924,4.54247450454365,0.0,0.0,2.9255478788689,4.27077192556323,4.48918487694287,5.001450612080356,4.45864804708195,0.0,4.27077192556323,0.0,0.0,0.0,0.0,4.583634935224135,5.187687477074381
Coum_Library4_Col290,5.208569578277678,4.495607940553331,4.887218015751893,4.54247450454365,4.896892009852098,4.66543134180047,4.673265241568443,4.820868591449425,4.827267523029642,0.0,0.0,4.66543134180047,0.0,4.6028417006994,0.0,0.0,0.0,0.0,4.6028417006994
Coum_Library3_Col078,5.208569578277678,4.495607940553331,4.887218015751893,4.54247450454365,4.45864804708195,4.27077192556323,4.940509357285879,4.6028417006994,5.040664376132655,4.667097435313131,4.28433067876482,0.0,4.58471086895187,4.6028417006994,4.45864804708195,0.0,4.58471086895187,4.875262288279707,4.19359602421655
Coum_Library2_Col224,5.208569578277678,4.495607940553331,5.1787446306916785,4.54247450454365,0.0,3.98171936647388,2.9255478788689,0.0,0.0,0.0,0.0,0.0,4.54247450454365,4.19359602421655,4.45864804708195,0.0,4.27077192556323,0.0,4.28433067876482
Coum_Library3_Col287,5.208569578277678,4.8434705271522205,5.091361277821956,4.54247450454365,4.27077192556323,4.775214796898149,2.9255478788689,0.0,5.229165050108989,4.542358633891378,0.0,0.0,4.865135930903839,4.542358633891378,0.0,0.0,4.6028417006994,4.45864804708195,5.283207814536237
Coum_Library4_Col164,5.208569578277678,4.495607940553331,4.887218015751893,4.54247450454365,5.196927586118381,4.837731946586496,2.9255478788689,5.153707616424993,5.007585964502893,4.66543134180047,5.249730290610515,3.98171936647388,5.0484948750424525,4.45864804708195,4.745769465361816,4.790214872606851,5.040664376132655,0.0,4.66543134180047
Coum_Library4_Col607,5.208569578277678,4.495607940553331,4.887218015751893,4.54247450454365,4.850750785269249,4.48918487694287,2.9255478788689,4.893482572237466,4.927973804236592,4.6028417006994,4.647066113786595,4.606733990595331,5.117276865051577,4.768830871272901,4.773183779911765,4.90452256969246,5.034327860032263,0.0,4.865135930903839
Coum_Library3_Col018,5.208569578277678,4.495607940553331,4.887218015751893,4.54247450454365,4.48918487694287,0.0,2.9255478788689,0.0,0.0,5.212949478144594,0.0,0.0,3.98171936647388,0.0,0.0,0.0,0.0,0.0,0.0
Coum_Library1_Col270,5.208569578277678,4.495607940553331,5.18343421145338,4.54247450454365,4.28433067876482,4.28433067876482,4.673265241568443,4.6028417006994,0.0,4.66543134180047,0.0,0.0,0.0,0.0,4.745769465361816,0.0,0.0,0.0,0.0
Coum_Library2_Col446,5.208569578277678,4.495607940553331,5.301774587857065,4.54247450454365,0.0,0.0,2.9255478788689,4.6028417006994,0.0,0.0,0.0,4.54247450454365,4.48918487694287,4.843388629555359,0.0,0.0,4.6028417006994,0.0,4.27077192556323
Coum_Library2_Col060,5.317920843777085,4.495607940553331,5.371465018819919,4.54247450454365,3.98171936647388,4.66543134180047,4.611877462539103,0.0,0.0,0.0,0.0,0.0,0.0,4.6028417006994,0.0,0.0,0.0,0.0,4.54247450454365
Coum_Library3_Col305,5.304748488056214,4.495607940553331,5.0492213851422125,4.54247450454365,5.01575592802065,4.909319883638178,2.9255478788689,0.0,0.0,4.957375793673203,0.0,3.98171936647388,4.840599039085999,4.66543134180047,0.0,0.0,4.877536460169177,4.696005593776429,4.54247450454365
Coum_Library2_Col306,5.293405715226805,4.495607940553331,5.440549953427662,4.54247450454365,4.775817037860701,4.66543134180047,4.594127691835966,4.58471086895187,0.0,4.28433067876482,0.0,0.0,0.0,0.0,0.0,0.0,0.0,0.0,0.0
Coum_Library1_Col402,5.208569578277678,4.8434705271522205,5.062817449127101,4.54247450454365,0.0,4.865135930903839,2.9255478788689,0.0,0.0,0.0,0.0,3.98171936647388,0.0,0.0,0.0,0.0,0.0,0.0,0.0
Coum_Library3_Col656,5.454634295969517,4.495607940553331,4.887218015751893,4.54247450454365,0.0,4.66543134180047,2.9255478788689,4.58471086895187,0.0,5.09066053437317,0.0,0.0,0.0,4.45864804708195,0.0,0.0,5.09066053437317,0.0,4.54847060365979
Coum_Library3_Col258,5.208569578277678,4.495607940553331,5.062817449127101,4.54247450454365,5.09066053437317,4.66543134180047,2.9255478788689,5.09066053437317,0.0,4.6028417006994,0.0,0.0,0.0,0.0,0.0,0.0,4.27077192556323,0.0,0.0
Coum_Library2_Col450,5.293405715226805,4.495607940553331,4.887218015751893,4.54247450454365,4.647066113786595,4.48918487694287,2.9255478788689,4.19359602421655,0.0,0.0,0.0,0.0,0.0,0.0,0.0,0.0,0.0,0.0,0.0
Coum_Library1_Col119,5.208569578277678,4.495607940553331,4.887218015751893,4.54247450454365,4.681434739500002,4.66543134180047,4.611877462539103,0.0,0.0,0.0,4.28433067876482,0.0,0.0,4.66543134180047,0.0,0.0,0.0,0.0,5.09066053437317
Coum_Library4_Col158,5.208569578277678,4.495607940553331,4.887218015751893,4.54247450454365,5.5326417951502265,4.827801781681568,2.9255478788689,5.181743033251618,5.09066053437317,5.303597242354689,4.45864804708195,4.95352840600112,4.54247450454365,4.773183779911765,0.0,4.48918487694287,5.370378523916096,4.28433067876482,0.0
Coum_Library3_Col615,5.208569578277678,4.495607940553331,5.38096202032138,4.54247450454365,0.0,0.0,2.9255478788689,4.732479056638193,0.0,4.936293079012569,0.0,0.0,0.0,0.0,4.6028417006994,0.0,0.0,0.0,0.0
Coum_Library4_Col321,5.208569578277678,4.495607940553331,4.887218015751893,4.54247450454365,0.0,4.875262288279707,2.9255478788689,5.09066053437317,0.0,0.0,0.0,4.66543134180047,0.0,4.66543134180047,0.0,0.0,0.0,4.681207222692074,0.0
Coum_Library3_Col486,5.208569578277678,4.495607940553331,4.887218015751893,4.54247450454365,0.0,4.6028417006994,2.9255478788689,4.48918487694287,4.45864804708195,0.0,0.0,4.90452256969246,4.27077192556323,4.27077192556323,0.0,0.0,4.27077192556323,4.28433067876482,5.229165050108989
Coum_Library2_Col449,5.208569578277678,4.495607940553331,5.068931757807924,4.54247450454365,4.45864804708195,4.58471086895187,4.594127691835966,0.0,4.45864804708195,0.0,0.0,4.58471086895187,0.0,0.0,0.0,0.0,0.0,4.28433067876482,4.681207222692074
Coum_Library3_Col393,5.293405715226805,4.495607940553331,4.887218015751893,4.54247450454365,5.062817449127101,3.98171936647388,4.552841758731404,5.270277547932355,0.0,4.58471086895187,4.27077192556323,4.58471086895187,4.816437611654617,4.957375793673203,0.0,4.843504500207631,0.0,4.459895471769948,0.0
Coum_Library2_Col314,5.304748488056214,4.495607940553331,5.068931757807924,4.54247450454365,0.0,0.0,2.9255478788689,0.0,0.0,0.0,4.27077192556323,0.0,4.45864804708195,0.0,0.0,0.0,0.0,0.0,5.151884854991761
Coum_Library1_Col636,5.208569578277678,4.495607940553331,5.192106436958574,4.54247450454365,0.0,0.0,2.9255478788689,0.0,0.0,4.6028417006994,0.0,3.98171936647388,0.0,0.0,0.0,0.0,0.0,0.0,0.0
Coum_Library2_Col083,5.383441647299208,4.495607940553331,5.177347301753909,4.54247450454365,5.187687477074381,4.875262288279707,2.9255478788689,5.181743033251618,0.0,0.0,0.0,0.0,0.0,4.66543134180047,4.903871696363381,0.0,4.6028417006994,0.0,4.66543134180047
Coum_Library2_Col061,5.504788365628763,4.495607940553331,4.887218015751893,4.54247450454365,4.48918487694287,4.58471086895187,4.594127691835966,5.084964410760738,0.0,0.0,0.0,0.0,4.775214796898149,5.025591858379452,0.0,0.0,0.0,4.6028417006994,4.54847060365979
Coum_Library2_Col321,5.293405715226805,4.495607940553331,5.187510063870577,4.54247450454365,4.54247450454365,5.0461910727164065,4.673265241568443,5.09066053437317,4.936293079012569,4.9119064937798935,4.66543134180047,0.0,5.181743033251618,4.19359602421655,0.0,4.90452256969246,4.19359602421655,4.54247450454365,4.28433067876482
Coum_Library2_Col464,5.304748488056214,4.495607940553331,4.887218015751893,4.54247450454365,0.0,4.45864804708195,2.9255478788689,0.0,0.0,4.45864804708195,4.6028417006994,3.98171936647388,0.0,0.0,0.0,0.0,0.0,0.0,0.0
Coum_Library4_Col487,5.208569578277678,4.495607940553331,4.887218015751893,4.54247450454365,4.775214796898149,4.966461337464451,2.9255478788689,4.54847060365979,5.09066053437317,4.66543134180047,4.871240105091021,5.152148680186122,5.3010000327673845,5.146043558684115,0.0,0.0,4.936293079012569,5.01575592802065,4.820238889449201
Coum_Library3_Col669,5.208569578277678,4.495607940553331,5.0492213851422125,4.54247450454365,4.45864804708195,4.66543134180047,2.9255478788689,4.865135930903839,0.0,0.0,4.837731946586496,0.0,4.27077192556323,5.05412661536951,0.0,0.0,4.534926028704391,0.0,5.09066053437317
Coum_Library1_Col566,5.293405715226805,4.495607940553331,4.887218015751893,4.54247450454365,0.0,4.837731946586496,2.9255478788689,0.0,0.0,0.0,0.0,0.0,5.09066053437317,4.58471086895187,0.0,0.0,4.27077192556323,0.0,0.0
Coum_Library2_Col153,5.208569578277678,4.853556143783397,5.062817449127101,4.54247450454365,0.0,0.0,2.9255478788689,0.0,0.0,0.0,0.0,3.98171936647388,0.0,0.0,0.0,0.0,0.0,0.0,5.09066053437317
Coum_Library4_Col285,5.208569578277678,4.495607940553331,5.062817449127101,4.54247450454365,0.0,0.0,2.9255478788689,0.0,4.45864804708195,4.66543134180047,0.0,0.0,4.66543134180047,0.0,4.45864804708195,0.0,0.0,0.0,5.09066053437317
Coum_Library3_Col055,5.294475764944366,4.495607940553331,5.062817449127101,4.54247450454365,4.874736139574223,0.0,2.9255478788689,0.0,0.0,0.0,0.0,0.0,0.0,0.0,0.0,0.0,4.696005593776429,0.0,0.0
Coum_Library1_Col548,5.208569578277678,4.495607940553331,4.887218015751893,4.54247450454365,0.0,0.0,2.9255478788689,0.0,0.0,4.54847060365979,0.0,0.0,4.58471086895187,4.6028417006994,0.0,4.48918487694287,4.19359602421655,5.09066053437317,0.0
Coum_Library1_Col487,5.208569578277678,4.8434705271522205,5.068931757807924,4.54247450454365,4.45864804708195,0.0,2.9255478788689,0.0,4.54247450454365,0.0,4.27077192556323,3.98171936647388,0.0,0.0,0.0,0.0,4.66543134180047,4.48918487694287,0.0
Coum_Library1_Col510,5.208569578277678,4.495607940553331,5.196654673161471,4.54247450454365,4.27077192556323,4.66543134180047,4.673265241568443,0.0,0.0,0.0,4.6028417006994,3.98171936647388,0.0,0.0,0.0,0.0,0.0,4.66543134180047,4.6028417006994
Coum_Library2_Col535,5.208569578277678,4.495607940553331,4.887218015751893,4.54247450454365,0.0,4.6028417006994,2.9255478788689,0.0,0.0,0.0,0.0,3.98171936647388,0.0,0.0,0.0,0.0,0.0,0.0,0.0
Coum_Library4_Col296,5.208569578277678,4.495607940553331,5.0492213851422125,4.54247450454365,4.887218015751893,4.48918487694287,4.611877462539103,0.0,4.48918487694287,0.0,0.0,0.0,4.45864804708195,4.773183779911765,4.6028417006994,4.66543134180047,4.699755998547905,4.54247450454365,4.66543134180047
Coum_Library2_Col137,5.208569578277678,4.495607940553331,5.284723452637228,4.54247450454365,0.0,4.66543134180047,2.9255478788689,0.0,0.0,4.54847060365979,0.0,0.0,0.0,0.0,0.0,4.58471086895187,4.6758211560466325,0.0,0.0
Coum_Library4_Col219,5.208569578277678,4.495607940553331,4.887218015751893,4.54247450454365,4.58471086895187,4.909319883638178,2.9255478788689,0.0,0.0,0.0,0.0,0.0,0.0,0.0,0.0,0.0,4.54247450454365,0.0,0.0
Coum_Library3_Col632,5.208569578277678,4.8434705271522205,5.301774587857065,4.54247450454365,0.0,4.6028417006994,2.9255478788689,0.0,4.6028417006994,0.0,0.0,0.0,0.0,0.0,0.0,4.58471086895187,0.0,0.0,5.153692028869157
Coum_Library4_Col031,5.208569578277678,4.495607940553331,5.301774587857065,4.54247450454365,0.0,0.0,2.9255478788689,4.19359602421655,4.45864804708195,0.0,0.0,5.07444307127564,0.0,0.0,0.0,0.0,4.6028417006994,0.0,0.0
Coum_Library2_Col341,5.208569578277678,4.495607940553331,5.091361277821956,4.54247450454365,4.48918487694287,5.009263480760654,4.594127691835966,4.58471086895187,0.0,4.58471086895187,0.0,0.0,4.9119064937798935,0.0,0.0,0.0,4.27077192556323,5.09066053437317,0.0
Coum_Library3_Col147,5.208569578277678,4.495607940553331,4.887218015751893,4.54247450454365,4.27077192556323,4.971687313847681,2.9255478788689,0.0,0.0,4.66543134180047,0.0,0.0,4.936312006864973,4.768830871272901,4.19359602421655,0.0,0.0,4.874736139574223,4.27077192556323
Coum_Library2_Col056,5.208569578277678,4.495607940553331,5.192106436958574,4.54247450454365,4.745769465361816,0.0,2.9255478788689,0.0,0.0,4.19359602421655,0.0,4.90452256969246,0.0,4.19359602421655,4.759678042745931,0.0,4.768830871272901,4.28433067876482,4.6028417006994
Coum_Library2_Col053,5.208569578277678,4.8434705271522205,5.397664194844506,4.54247450454365,5.123204433630778,4.843504500207631,4.890474798721618,0.0,5.308261820224199,0.0,4.745769465361816,4.647965746680724,4.48918487694287,4.885203230945571,0.0,4.66543134180047,4.6028417006994,4.9452272579255405,4.19359602421655
Coum_Library4_Col565,5.208569578277678,4.8434705271522205,4.887218015751893,4.54247450454365,4.27077192556323,4.58471086895187,2.9255478788689,4.48918487694287,0.0,4.58471086895187,0.0,4.927973804236592,4.827267523029642,0.0,0.0,0.0,4.6028417006994,4.66543134180047,4.6758211560466325
Coum_Library4_Col007,5.208569578277678,4.495607940553331,4.887218015751893,4.54247450454365,3.98171936647388,4.54247450454365,2.9255478788689,4.928680580710122,4.861960579518474,5.014401361288529,0.0,0.0,5.0484948750424525,4.816437611654617,4.6028417006994,0.0,4.871240105091021,0.0,4.45864804708195
Coum_Library3_Col412,5.208569578277678,4.495607940553331,5.0492213851422125,4.54247450454365,4.48918487694287,4.756541637471963,5.093619849119327,0.0,0.0,4.768830871272901,0.0,0.0,3.98171936647388,4.837731946586496,4.647066113786595,4.58471086895187,5.09066053437317,0.0,0.0
Coum_Library2_Col087,5.293405715226805,4.495607940553331,4.887218015751893,4.54247450454365,0.0,0.0,2.9255478788689,0.0,4.58471086895187,0.0,0.0,0.0,0.0,0.0,0.0,0.0,0.0,0.0,0.0
Coum_Library4_Col299,5.454634295969517,4.495607940553331,4.887218015751893,4.54247450454365,4.885740864615851,4.817676529814633,2.9255478788689,4.846512897847634,0.0,0.0,4.6028417006994,4.54247450454365,4.875262288279707,5.09066053437317,0.0,0.0,5.0461910727164065,0.0,4.8584157174491915
Coum_Library2_Col445,5.208569578277678,4.495607940553331,4.887218015751893,4.54247450454365,4.696005593776429,0.0,2.9255478788689,4.894900888872926,0.0,4.19359602421655,0.0,0.0,4.28433067876482,4.27077192556323,0.0,0.0,4.45864804708195,0.0,4.66543134180047
Coum_Library2_Col092,5.208569578277678,4.495607940553331,4.887218015751893,4.54247450454365,5.304543696314939,5.01687962554311,2.9255478788689,0.0,0.0,0.0,0.0,4.647965746680724,0.0,5.09066053437317,4.28433067876482,0.0,4.58471086895187,4.696005593776429,4.54247450454365
Coum_Library1_Col593,5.208569578277678,4.495607940553331,5.091361277821956,4.54247450454365,0.0,4.27077192556323,2.9255478788689,4.27077192556323,0.0,0.0,0.0,0.0,0.0,0.0,0.0,0.0,0.0,0.0,4.54847060365979
Coum_Library2_Col651,5.293405715226805,4.495607940553331,5.0492213851422125,4.54247450454365,0.0,0.0,2.9255478788689,0.0,0.0,4.791697606496723,4.19359602421655,3.98171936647388,0.0,5.208569578277678,4.19359602421655,0.0,4.694596471345018,4.755817570261646,0.0
