,SampleName,position,ANA plate,GEN plate name,Sample - sampleFunction,Design Id,Colony#,Title,nr. ,Well,Coumaric acid,Glucose,Trehalose,Coumaric acid_normalization,batch_corrected_Coumaric_acid
0,Coum_Library1_Col001,A1,f31860,Plate 1,Transformant,Coum_Library1,Col001,f31860,1,A1,0.5683727211902735,0.0022475129571695564,0.012687770384153689,0.5651133634515377,1.0057676175251433
1,SHK0058,A2,f31860,Plate 1,Control,nan,,f31860,2,A2,0.5615365838996572,0.0004127684299048758,0.024087813597501135,0.5651133634515377,0.9936706866565062
2,Coum_Library1_Col002,A3,f31860,Plate 1,Transformant,Coum_Library1,Col002,f31860,3,A3,0.9005703836198511,0.0005152172135475591,0.04416744006436432,0.5651133634515377,1.5936101353531007
3,Coum_Library1_Col003,A4,f31860,Plate 1,Transformant,Coum_Library1,Col003,f31860,4,A4,0.4977549684786391,0.007204539153033014,0.04675561618576348,0.5651133634515377,0.8808055173894768
4,Coum_Library1_Col004,A5,f31860,Plate 1,Transformant,Coum_Library1,Col004,f31860,5,A5,0.3406660973838389,0.01529069079517164,0.031746131891774304,0.5651133634515377,0.6028278915634833
5,Coum_Library1_Col005,A6,f31860,Plate 1,Transformant,Coum_Library1,Col005,f31860,6,A6,0.6826806321167332,0.001557639788730316,0.023862959860608244,0.5651133634515377,1.2080419191419063
6,Coum_Library1_Col006,A7,f31860,Plate 1,Transformant,Coum_Library1,Col006,f31860,7,A7,0.3409504990220754,0.010152109680310672,0.04512713614580984,0.5651133634515377,0.6033311563181857
8,Coum_Library1_Col008,A9,f31860,Plate 1,Transformant,Coum_Library1,Col008,f31860,9,A9,0.8862717714192181,0.09353251067172572,0.037954151472411296,0.5651133634515377,1.5683079338385206
9,Coum_Library1_Col009,A10,f31860,Plate 1,Transformant,Coum_Library1,Col009,f31860,10,A10,0.7460334621530779,0.0017841238033724249,0.04245929423638236,0.5651133634515377,1.3201483284637547
10,Coum_Library1_Col010,A11,f31860,Plate 1,Transformant,Coum_Library1,Col010,f31860,11,A11,0.6645948822089265,0.0006067958124879734,0.016845581323896706,0.5651133634515377,1.1760381636523094
11,SHK0066,A12,f31860,Plate 1,Control,nan,,f31860,12,A12,0.5469009310607654,-0.003103589980092222,0.020687896659320075,0.5651133634515377,0.9677720727049589
13,Coum_Library1_Col012,B2,f31860,Plate 1,Transformant,Coum_Library1,Col012,f31860,14,B2,0.6357469627147228,0.26181250625924435,0.03692734323364227,0.5651133634515377,1.1249901415032495
14,Coum_Library1_Col013,B3,f31860,Plate 1,Transformant,Coum_Library1,Col013,f31860,15,B3,0.6114987461265287,0.014007859315024258,0.085381399864962,0.5651133634515377,1.0820815533217678
15,Coum_Library1_Col014,B4,f31860,Plate 1,Transformant,Coum_Library1,Col014,f31860,16,B4,0.5547361146658395,-0.0004638012106369137,0.05446387441087401,0.5651133634515377,0.9816368724280077
16,SHK0046,B5,f31860,Plate 1,Control,nan,,f31860,17,B5,0.4261574659965896,-0.0005263334602085514,0.018215983700514148,0.5651133634515377,0.7541096947234649
17,Coum_Library1_Col015,B6,f31860,Plate 1,Transformant,Coum_Library1,Col015,f31860,18,B6,0.7459323534491941,0.006920970648650698,0.11655451740342002,0.5651133634515377,1.3199694109041589
18,Coum_Library1_Col016,B7,f31860,Plate 1,Transformant,Coum_Library1,Col016,f31860,19,B7,0.8176107878486422,0.011608474121556508,0.10075146808099546,0.5651133634515377,1.4468084471670042
19,Coum_Library1_Col017,B8,f31860,Plate 1,Transformant,Coum_Library1,Col017,f31860,20,B8,0.6269677175156217,0.0010593272284561846,0.028402111880158648,0.5651133634515377,1.1094547714927439
20,SHK0066,B9,f31860,Plate 1,Control,nan,,f31860,21,B9,0.5654128023556145,0.0021217606779255797,0.02023381148577083,0.5651133634515377,1.0005298740455328
23,Coum_Library1_Col020,B12,f31860,Plate 1,Transformant,Coum_Library1,Col020,f31860,24,B12,0.5833452678232747,0.11647536452775069,0.016998406153718847,0.5651133634515377,1.0322623840646452
24,Coum_Library1_Col021,C1,f31860,Plate 1,Transformant,Coum_Library1,Col021,f31860,25,C1,0.5953406664521917,0.0033020105292674634,0.020771559886161778,0.5651133634515377,1.0534889191365693
25,Coum_Library1_Col022,C2,f31860,Plate 1,Transformant,Coum_Library1,Col022,f31860,26,C2,0.5054338839827743,0.0074037720087646135,0.04266328224561079,0.5651133634515377,0.894393791885827
26,Coum_Library1_Col023,C3,f31860,Plate 1,Transformant,Coum_Library1,Col023,f31860,27,C3,0.6548999425557581,0.0015097185142185846,0.04272821527622537,0.5651133634515377,1.158882420609967
27,Coum_Library1_Col024,C4,f31860,Plate 1,Transformant,Coum_Library1,Col024,f31860,28,C4,0.6236946111767543,0.000505076501535609,0.0400926720817819,0.5651133634515377,1.1036628250434928
28,Coum_Library1_Col025,C5,f31860,Plate 1,Transformant,Coum_Library1,Col025,f31860,29,C5,0.5795952698511047,0.01036852958331935,0.058764314154061754,0.5651133634515377,1.0256265509474345
29,Coum_Library1_Col026,C6,f31860,Plate 1,Transformant,Coum_Library1,Col026,f31860,30,C6,0.6605692687736295,0.00594353571357681,0.03133955994828306,0.5651133634515377,1.1689146134132746
30,Coum_Library1_Col027,C7,f31860,Plate 1,Transformant,Coum_Library1,Col027,f31860,31,C7,0.6139256419211241,-0.0008589689241156735,0.03277438138530318,0.5651133634515377,1.0863760824402666
31,Coum_Library1_Col028,C8,f31860,Plate 1,Transformant,Coum_Library1,Col028,f31860,32,C8,0.9749427711083539,0.001756821385211751,0.04569833680703086,0.5651133634515377,1.7252162736936618
32,Coum_Library1_Col029,C9,f31860,Plate 1,Transformant,Coum_Library1,Col029,f31860,33,C9,0.5895010692364289,0.0017030167638745197,0.06310025300451813,0.5651133634515377,1.0431554221898744
33,Coum_Library1_Col030,C10,f31860,Plate 1,Transformant,Coum_Library1,Col030,f31860,34,C10,0.371801553079309,0.010600741368033262,0.004496306877701119,0.5651133634515377,0.6579238381631255
34,Coum_Library1_Col031,C11,f31860,Plate 1,Transformant,Coum_Library1,Col031,f31860,35,C11,0.9248592546799078,0.0022826700143020184,0.045918247440483125,0.5651133634515377,1.6365906639176844
35,Coum_Library1_Col032,C12,f31860,Plate 1,Transformant,Coum_Library1,Col032,f31860,36,C12,0.5860344134721414,0.0008798985468209072,0.02863383382826716,0.5651133634515377,1.037020979105545
36,Coum_Library1_Col033,D1,f31860,Plate 1,Transformant,Coum_Library1,Col033,f31860,37,D1,0.6993750689609475,-0.0025762879524348367,0.014237188142840893,0.5651133634515377,1.2375836676191494
37,Coum_Library1_Col034,D2,f31860,Plate 1,Transformant,Coum_Library1,Col034,f31860,38,D2,0.8814769163178282,0.0011135424500992902,0.008559508021564929,0.5651133634515377,1.5598231670439355
38,Coum_Library1_Col035,D3,f31860,Plate 1,Transformant,Coum_Library1,Col035,f31860,39,D3,0.9471396863447012,0.0017165497616907501,0.06410965036129344,0.5651133634515377,1.6760171455862676
39,Coum_Library1_Col036,D4,f31860,Plate 1,Transformant,Coum_Library1,Col036,f31860,40,D4,0.6497594482010101,-0.00021977184557188948,0.012993050970312559,0.5651133634515377,1.1497860256435632
40,Coum_Library1_Col037,D5,f31860,Plate 1,Transformant,Coum_Library1,Col037,f31860,41,D5,0.5867715326026207,0.002162394724778365,0.01288723564856434,0.5651133634515377,1.0383253530208552
41,Coum_Library1_Col038,D6,f31860,Plate 1,Transformant,Coum_Library1,Col038,f31860,42,D6,0.7841372168214548,0.004026622241938435,0.0859409804810498,0.5651133634515377,1.387575073490011
43,Coum_Library1_Col040,D8,f31860,Plate 1,Transformant,Coum_Library1,Col040,f31860,44,D8,0.6526441871413464,0.0057228455915847,0.023659382454529452,0.5651133634515377,1.1548907340559025
44,Coum_Library1_Col041,D9,f31860,Plate 1,Transformant,Coum_Library1,Col041,f31860,45,D9,0.6557121462955101,-0.00489747111645032,0.023374998958068032,0.5651133634515377,1.160319660980273
45,Coum_Library1_Col042,D10,f31860,Plate 1,Transformant,Coum_Library1,Col042,f31860,46,D10,0.6390830537811188,-0.0007167102148564379,0.027957367099551194,0.5651133634515377,1.130893542983654
46,Coum_Library1_Col043,D11,f31860,Plate 1,Transformant,Coum_Library1,Col043,f31860,47,D11,1.2057917902384883,0.002308060320751049,0.05513177535204421,0.5651133634515377,2.133716645583967
47,Coum_Library1_Col044,D12,f31860,Plate 1,Transformant,Coum_Library1,Col044,f31860,48,D12,0.6227506415620098,-0.0014631326784242595,0.027148747529668376,0.5651133634515377,1.101992417518569
49,Coum_Library1_Col046,E2,f31860,Plate 1,Transformant,Coum_Library1,Col046,f31860,50,E2,0.5758160952868099,0.11397026656781174,0.011285939528376226,0.5651133634515377,1.0189390882032998
50,Coum_Library1_Col047,E3,f31860,Plate 1,Transformant,Coum_Library1,Col047,f31860,51,E3,0.6093265935943379,0.000585746776850944,0.01669584511403109,0.5651133634515377,1.0782378067875789
51,Coum_Library1_Col048,E4,f31860,Plate 1,Transformant,Coum_Library1,Col048,f31860,52,E4,0.585534932448578,-5.690999317618625e-05,0.0503086760152746,0.5651133634515377,1.036137119236239
52,Coum_Library1_Col049,E5,f31860,Plate 1,Transformant,Coum_Library1,Col049,f31860,53,E5,0.5645346666565173,-0.00017620649711652027,0.013418626906923118,0.5651133634515377,0.9989759633509887
53,Coum_Library1_Col050,E6,f31860,Plate 1,Transformant,Coum_Library1,Col050,f31860,54,E6,0.8040630964014173,0.0009278978534744789,0.036688374332481115,0.5651133634515377,1.4228350423186746
54,Coum_Library1_Col051,E7,f31860,Plate 1,Transformant,Coum_Library1,Col051,f31860,55,E7,0.3408480919341646,0.006033058187912668,0.006404394108922881,0.5651133634515377,0.603149941194754
56,Coum_Library1_Col052,E9,f31860,Plate 1,Transformant,Coum_Library1,Col052,f31860,57,E9,0.6469462007422397,0.25471253347699274,0.036909670590480496,0.5651133634515377,1.1448078254438938
57,Coum_Library1_Col053,E10,f31860,Plate 1,Transformant,Coum_Library1,Col053,f31860,58,E10,0.5074609434556763,0.03611211900640335,0.03548577382337962,0.5651133634515377,0.897980788060402
58,SHK0058,E11,f31860,Plate 1,Control,nan,,f31860,59,E11,0.5763494456939698,0.0007087484744990542,0.03747092352546416,0.5651133634515377,1.01988288185897
59,Coum_Library1_Col054,E12,f31860,Plate 1,Transformant,Coum_Library1,Col054,f31860,60,E12,0.5685046026837047,0.0037402026555009658,0.121189845388994,0.5651133634515377,1.0060009892731157
60,Coum_Library1_Col055,F1,f31860,Plate 1,Transformant,Coum_Library1,Col055,f31860,61,F1,1.210299155361884,0.015680666831145575,0.07277610509230871,0.5651133634515377,2.141692682632297
61,Coum_Library1_Col056,F2,f31860,Plate 1,Transformant,Coum_Library1,Col056,f31860,62,F2,0.6290882324235331,0.0006815986650762705,0.032261946476457734,0.5651133634515377,1.1132071423355778
62,Coum_Library1_Col057,F3,f31860,Plate 1,Transformant,Coum_Library1,Col057,f31860,63,F3,0.6454017210278135,-0.00022960185602384674,0.019002594868522512,0.5651133634515377,1.1420747813958942
63,SHK0066,F4,f31860,Plate 1,Control,nan,,f31860,64,F4,0.5648139245474609,-0.00048547834103847737,0.021472319814879844,0.5651133634515377,0.999470125954467
64,Coum_Library1_Col058,F5,f31860,Plate 1,Transformant,Coum_Library1,Col058,f31860,65,F5,0.7117722464679807,-0.0006081595919173866,0.02824316172192689,0.5651133634515377,1.2595211730982538
65,Coum_Library1_Col059,F6,f31860,Plate 1,Transformant,Coum_Library1,Col059,f31860,66,F6,0.8802351020034676,0.006522299349998186,0.052698019945391014,0.5651133634515377,1.5576257065082724
66,Coum_Library1_Col060,F7,f31860,Plate 1,Transformant,Coum_Library1,Col060,f31860,67,F7,0.7403815624459866,0.001265683263105441,0.061126315930417466,0.5651133634515377,1.3101469728550834
67,Coum_Library1_Col061,F8,f31860,Plate 1,Transformant,Coum_Library1,Col061,f31860,68,F8,0.35684168548238293,0.007853241501739504,0.037631790107672175,0.5651133634515377,0.6314515078937512
68,Coum_Library1_Col062,F9,f31860,Plate 1,Transformant,Coum_Library1,Col062,f31860,69,F9,0.5686731856214213,0.006777680276443279,0.045803248921996574,0.5651133634515377,1.0062993062987244
69,Coum_Library1_Col063,F10,f31860,Plate 1,Transformant,Coum_Library1,Col063,f31860,70,F10,0.7584745364944584,0.003752434667168055,0.07859677508381174,0.5651133634515377,1.3421635118694246
71,Coum_Library1_Col065,F12,f31860,Plate 1,Transformant,Coum_Library1,Col065,f31860,72,F12,0.3564967525083417,0.219716546298578,0.00759989191531509,0.5651133634515377,0.6308411295230566
72,SHK0046,G1,f31860,Plate 1,Control,nan,,f31860,73,G1,0.40881433217776075,0.0016802589707158677,0.009111654451488855,0.5651133634515377,0.7234200403275711
73,Coum_Library1_Col066,G2,f31860,Plate 1,Transformant,Coum_Library1,Col066,f31860,74,G2,0.6342796969415124,0.003203338139153458,0.02786585087249787,0.5651133634515377,1.1223937318833306
75,Coum_Library1_Col068,G4,f31860,Plate 1,Transformant,Coum_Library1,Col068,f31860,76,G4,0.6468891893735086,0.23900649842843244,0.04059847848671511,0.5651133634515377,1.1447069406083576
76,Coum_Library1_Col069,G5,f31860,Plate 1,Transformant,Coum_Library1,Col069,f31860,77,G5,0.6175332007833899,0.0010957924517075645,0.022635942844538404,0.5651133634515377,1.0927598615111276
77,Coum_Library1_Col070,G6,f31860,Plate 1,Transformant,Coum_Library1,Col070,f31860,78,G6,0.7580610232510056,0.0030930331837853513,0.02764532841839742,0.5651133634515377,1.3414317768403194
78,SHK0058,G7,f31860,Plate 1,Control,nan,,f31860,79,G7,0.5734563549514918,-0.0035747083054117677,0.017788378663708703,0.5651133634515377,1.0147633944612418
79,Coum_Library1_Col071,G8,f31860,Plate 1,Transformant,Coum_Library1,Col071,f31860,80,G8,0.6431318076426603,0.002431127581121515,0.049705301342192136,0.5651133634515377,1.138058041513317
80,Coum_Library1_Col072,G9,f31860,Plate 1,Transformant,Coum_Library1,Col072,f31860,81,G9,0.3563841296738026,0.008072880004813258,0.008511443076115656,0.5651133634515377,0.630641837059238
81,Coum_Library1_Col073,G10,f31860,Plate 1,Transformant,Coum_Library1,Col073,f31860,82,G10,0.6138452557883933,-0.003119235366089878,0.03479486872693592,0.5651133634515377,1.086233834640215
82,Coum_Library1_Col074,G11,f31860,Plate 1,Transformant,Coum_Library1,Col074,f31860,83,G11,0.5452487665539081,0.039143091918345516,0.04291159100708258,0.5651133634515377,0.964848474337427
83,Coum_Library1_Col075,G12,f31860,Plate 1,Transformant,Coum_Library1,Col075,f31860,84,G12,0.6404484212665503,-1.8106403475921607e-05,0.03032897292050319,0.5651133634515377,1.1333096378306988
84,Coum_Library1_Col076,H1,f31860,Plate 1,Transformant,Coum_Library1,Col076,f31860,85,H1,0.8797732574986359,0.002705022017705558,0.02605141710125505,0.5651133634515377,1.556808446583625
85,Coum_Library1_Col077,H2,f31860,Plate 1,Transformant,Coum_Library1,Col077,f31860,86,H2,0.7670643926321625,0.0008964151492196401,0.022729383466952607,0.5651133634515377,1.3573637472438633
86,Coum_Library1_Col078,H3,f31860,Plate 1,Transformant,Coum_Library1,Col078,f31860,87,H3,0.6762431852646067,0.0005070726089283506,0.020386806665804495,0.5651133634515377,1.1966504935121731
87,Coum_Library1_Col079,H4,f31860,Plate 1,Transformant,Coum_Library1,Col079,f31860,88,H4,0.5714241315420076,0.0022074383659572015,0.019750667213736774,0.5651133634515377,1.0111672604093551
88,Coum_Library1_Col080,H5,f31860,Plate 1,Transformant,Coum_Library1,Col080,f31860,89,H5,0.822963592117913,0.013453812769119864,0.016986339483815702,0.5651133634515377,1.4562805365130738
90,Coum_Library1_Col082,H7,f31860,Plate 1,Transformant,Coum_Library1,Col082,f31860,91,H7,0.6438047598443203,0.24436671372943247,0.02276834070527914,0.5651133634515377,1.1392488684255488
91,Coum_Library1_Col083,H8,f31860,Plate 1,Transformant,Coum_Library1,Col083,f31860,92,H8,0.4688518658851893,0.01189214428956508,0.03832947211044018,0.5651133634515377,0.8296598456309492
92,Coum_Library1_Col084,H9,f31860,Plate 1,Transformant,Coum_Library1,Col084,f31860,93,H9,0.6350186758513332,0.0006760054801524793,0.017423435262447447,0.5651133634515377,1.1237013967831788
93,SHK0046,H10,f31860,Plate 1,Control,nan,,f31860,94,H10,0.4247186345380575,0.0008845951937725559,0.009111132627969839,0.5651133634515377,0.7515636012286232
94,Coum_Library1_Col085,H11,f31860,Plate 1,Transformant,Coum_Library1,Col085,f31860,95,H11,0.6410629624141305,0.01062823426596751,0.04519130631367812,0.5651133634515377,1.1343971030851512
95,Coum_Library1_Col086,H12,f31860,Plate 1,Transformant,Coum_Library1,Col086,f31860,96,H12,0.8815013380112046,0.0020625774923705154,0.023745586675175807,0.5651133634515377,1.5598663826090873
97,SHK0058,A2,f31861,Plate 2,Control,nan,,f31861,2,A2,0.49886919673626434,0.2213047865687055,0.0229339072662232,0.5018017885952004,0.9941558760339498
98,Coum_Library1_Col088,A3,f31861,Plate 2,Transformant,Coum_Library1,Col088,f31861,3,A3,0.634898934667731,0.009054480809139573,0.04199545597439187,0.5018017885952004,1.2652384847912508
99,Coum_Library1_Col089,A4,f31861,Plate 2,Transformant,Coum_Library1,Col089,f31861,4,A4,0.8619639285551666,0.003501898829523131,0.029930550928094723,0.5018017885952004,1.717737856152813
100,Coum_Library1_Col090,A5,f31861,Plate 2,Transformant,Coum_Library1,Col090,f31861,5,A5,0.5982668250387205,0.0008450598915193371,0.057018109431197526,0.5018017885952004,1.1922373308265302
101,Coum_Library1_Col091,A6,f31861,Plate 2,Transformant,Coum_Library1,Col091,f31861,6,A6,0.6144040813446224,-0.004684321307280831,0.030544250008920158,0.5018017885952004,1.2243959573453362
103,Coum_Library1_Col093,A8,f31861,Plate 2,Transformant,Coum_Library1,Col093,f31861,8,A8,1.2188110949755846,0.2268753052601358,0.029381665844637788,0.5018017885952004,2.4288695709667745
104,Coum_Library1_Col094,A9,f31861,Plate 2,Transformant,Coum_Library1,Col094,f31861,9,A9,0.6280242783440474,0.0014595648257583814,0.030227036543133346,0.5018017885952004,1.2515385409490234
105,Coum_Library1_Col095,A10,f31861,Plate 2,Transformant,Coum_Library1,Col095,f31861,10,A10,0.5556477838853177,-0.0008999834838067765,0.02081095562722781,0.5018017885952004,1.1073053076212815
106,Coum_Library1_Col096,A11,f31861,Plate 2,Transformant,Coum_Library1,Col096,f31861,11,A11,0.6013954901098284,-0.0016683353845525887,0.04464513898584274,0.5018017885952004,1.198472193161052
107,SHK0066,A12,f31861,Plate 2,Control,nan,,f31861,12,A12,0.49851880324679426,0.001156222490322733,0.014948524510827624,0.5018017885952004,0.9934576053274005
108,Coum_Library1_Col097,B1,f31861,Plate 2,Transformant,Coum_Library1,Col097,f31861,13,B1,0.5742345701446053,-0.0006637760411317336,0.021968100535973516,0.5018017885952004,1.1443454032959532
109,Coum_Library1_Col098,B2,f31861,Plate 2,Transformant,Coum_Library1,Col098,f31861,14,B2,0.8667334897105939,0.0020737318147026383,0.03677666586972342,0.5018017885952004,1.7272427269281438
110,Coum_Library1_Col099,B3,f31861,Plate 2,Transformant,Coum_Library1,Col099,f31861,15,B3,0.535078794680958,-0.0013310477685402771,0.014968569673407208,0.5018017885952004,1.0663150408030966
111,Coum_Library1_Col100,B4,f31861,Plate 2,Transformant,Coum_Library1,Col100,f31861,16,B4,0.5301596019556488,0.0009227460904797669,0.019762334433713676,0.5018017885952004,1.0565119814336184
112,SHK0046,B5,f31861,Plate 2,Control,nan,,f31861,17,B5,0.3807487672408015,0.0004423150971173281,0.007624637975197055,0.5018017885952004,0.758763272460052
113,Coum_Library1_Col101,B6,f31861,Plate 2,Transformant,Coum_Library1,Col101,f31861,18,B6,0.6516838408356401,0.00961326702079025,0.04325133475183181,0.5018017885952004,1.2986877600815974
114,Coum_Library1_Col102,B7,f31861,Plate 2,Transformant,Coum_Library1,Col102,f31861,19,B7,0.49519287510701504,0.0028299427285474518,0.03786617426217739,0.5018017885952004,0.9868296334560961
115,Coum_Library1_Col103,B8,f31861,Plate 2,Transformant,Coum_Library1,Col103,f31861,20,B8,0.5537453967177741,-0.0025271177133838734,0.03259149857357121,0.5018017885952004,1.10351419485369
116,SHK0066,B9,f31861,Plate 2,Control,nan,,f31861,21,B9,0.504258906028758,-0.00024504047809154885,0.019989299100662616,0.5018017885952004,1.0048965896284194
117,Coum_Library1_Col104,B10,f31861,Plate 2,Transformant,Coum_Library1,Col104,f31861,22,B10,0.7311714582218363,0.011039967057363742,0.0617992222061405,0.5018017885952004,1.4570921723271628
118,Coum_Library1_Col105,B11,f31861,Plate 2,Transformant,Coum_Library1,Col105,f31861,23,B11,0.6195994955447286,-0.0009703000435455382,0.03194440560383938,0.5018017885952004,1.234749476041734
120,Coum_Library1_Col107,C1,f31861,Plate 2,Transformant,Coum_Library1,Col107,f31861,25,C1,0.37204361480913006,0.37327161599043435,0.054281055154088535,0.5018017885952004,0.7414154816997967
122,Coum_Library1_Col109,C3,f31861,Plate 2,Transformant,Coum_Library1,Col109,f31861,27,C3,0.6141844810086303,0.2527404076671687,0.032915523014943444,0.5018017885952004,1.223958333683996
123,Coum_Library1_Col110,C4,f31861,Plate 2,Transformant,Coum_Library1,Col110,f31861,28,C4,0.6303196300306849,0.004459620264441219,0.04199201671719739,0.5018017885952004,1.2561127607680944
124,Coum_Library1_Col111,C5,f31861,Plate 2,Transformant,Coum_Library1,Col111,f31861,29,C5,0.7646204638077713,0.005036516232867385,0.05997324214238958,0.5018017885952004,1.5237499769547147
126,Coum_Library1_Col113,C7,f31861,Plate 2,Transformant,Coum_Library1,Col113,f31861,31,C7,0.38033239315555756,0.006539580380070516,0.08686824118205458,0.5018017885952004,0.7579335143868304
127,Coum_Library1_Col114,C8,f31861,Plate 2,Transformant,Coum_Library1,Col114,f31861,32,C8,0.5928672162451308,-0.002778405145506856,0.012486905615949598,0.5018017885952004,1.181476889320919
128,Coum_Library1_Col115,C9,f31861,Plate 2,Transformant,Coum_Library1,Col115,f31861,33,C9,0.7952428403818023,0.0022800714293507176,0.08400484710995054,0.5018017885952004,1.5847748223618199
129,Coum_Library1_Col116,C10,f31861,Plate 2,Transformant,Coum_Library1,Col116,f31861,34,C10,0.5970454338171778,-0.000953994535389212,0.03148229022539451,0.5018017885952004,1.1898033195310302
131,Coum_Library1_Col118,C12,f31861,Plate 2,Transformant,Coum_Library1,Col118,f31861,36,C12,0.5940547462998654,0.16189771606939132,0.02585824910980475,0.5018017885952004,1.1838434214491904
132,Coum_Library1_Col119,D1,f31861,Plate 2,Transformant,Coum_Library1,Col119,f31861,37,D1,0.8159716511701144,0.01407206828773391,0.03542600017976561,0.5018017885952004,1.626083584624989
134,Coum_Library1_Col121,D3,f31861,Plate 2,Transformant,Coum_Library1,Col121,f31861,39,D3,0.5161063806205992,0.24610275804458467,0.012733541360408298,0.5018017885952004,1.0285064588259931
135,Coum_Library1_Col122,D4,f31861,Plate 2,Transformant,Coum_Library1,Col122,f31861,40,D4,0.5597531110026969,0.006451745422069315,0.02106904495105664,0.5018017885952004,1.1154864803685371
137,Coum_Library1_Col124,D6,f31861,Plate 2,Transformant,Coum_Library1,Col124,f31861,42,D6,0.5031093369291705,0.2826340970544078,0.03974554229673915,0.5018017885952004,1.0026057068023424
138,Coum_Library1_Col125,D7,f31861,Plate 2,Transformant,Coum_Library1,Col125,f31861,43,D7,0.5475875085682081,0.002163160244404952,0.013232611750157107,0.5018017885952004,1.091242640049541
140,Coum_Library1_Col127,D9,f31861,Plate 2,Transformant,Coum_Library1,Col127,f31861,45,D9,0.47769606813962906,0.1440529274537875,0.0412544683842021,0.5018017885952004,0.9519616689229913
141,Coum_Library1_Col128,D10,f31861,Plate 2,Transformant,Coum_Library1,Col128,f31861,46,D10,0.3940948612329194,0.008960664811541154,0.008531123448793868,0.5018017885952004,0.7853596184584999
142,Coum_Library1_Col129,D11,f31861,Plate 2,Transformant,Coum_Library1,Col129,f31861,47,D11,0.8861523552298812,-0.001135804100938049,0.02469543063127085,0.5018017885952004,1.7659410057319134
143,Coum_Library1_Col130,D12,f31861,Plate 2,Transformant,Coum_Library1,Col130,f31861,48,D12,0.5749365227880116,0.0013670949196305658,0.024151478304058602,0.5018017885952004,1.1457442676670258
144,Coum_Library1_Col131,E1,f31861,Plate 2,Transformant,Coum_Library1,Col131,f31861,49,E1,0.5445221711442612,-0.00027876201523633243,0.012706384312235967,0.5018017885952004,1.085133978236022
147,Coum_Library1_Col134,E4,f31861,Plate 2,Transformant,Coum_Library1,Col134,f31861,52,E4,0.8387774869650811,0.3079397154473941,0.047238448004777306,0.5018017885952004,1.671531481211432
148,Coum_Library1_Col135,E5,f31861,Plate 2,Transformant,Coum_Library1,Col135,f31861,53,E5,0.30107505757319236,0.014371478473140931,0.03450261752491749,0.5018017885952004,0.5999880120317133
150,Coum_Library1_Col137,E7,f31861,Plate 2,Transformant,Coum_Library1,Col137,f31861,55,E7,0.6697230157950697,0.2986464161430692,0.018133760959237542,0.5018017885952004,1.3346365657044916
152,Coum_Library1_Col138,E9,f31861,Plate 2,Transformant,Coum_Library1,Col138,f31861,57,E9,0.5163844084115519,0.22595564309342722,0.015532951977938355,0.5018017885952004,1.0290605178135688
153,Coum_Library1_Col139,E10,f31861,Plate 2,Transformant,Coum_Library1,Col139,f31861,58,E10,0.5886220198876387,0.004200356452994269,0.037999761284199164,0.5018017885952004,1.1730169825330685
154,SHK0058,E11,f31861,Plate 2,Control,nan,,f31861,59,E11,0.5157560526317216,0.00011778066723787763,0.01349130161935002,0.5018017885952004,1.027808318650251
155,Coum_Library1_Col140,E12,f31861,Plate 2,Transformant,Coum_Library1,Col140,f31861,60,E12,0.5212226862193756,0.0007160490735321158,0.027300737922351184,0.5018017885952004,1.038702328420439
157,Coum_Library1_Col142,F2,f31861,Plate 2,Transformant,Coum_Library1,Col142,f31861,62,F2,0.5565639195259318,0.22047944042882384,0.007150102474455913,0.5018017885952004,1.1091309998795311
158,Coum_Library1_Col143,F3,f31861,Plate 2,Transformant,Coum_Library1,Col143,f31861,63,F3,0.4705355751672248,0.002107126074772925,0.06237773119022107,0.5018017885952004,0.9376921044552158
159,SHK0066,F4,f31861,Plate 2,Control,nan,,f31861,64,F4,0.4993446711616429,-0.0012323475293423115,0.014401969062306723,0.5018017885952004,0.9951034103715807
160,Coum_Library1_Col144,F5,f31861,Plate 2,Transformant,Coum_Library1,Col144,f31861,65,F5,0.5048174429820648,-0.001249287814684185,0.009827425492425934,0.5018017885952004,1.0060096525269604
161,Coum_Library1_Col145,F6,f31861,Plate 2,Transformant,Coum_Library1,Col145,f31861,66,F6,0.56545129341552,-0.002473589962848819,0.013367846279110421,0.5018017885952004,1.12684192497302
162,Coum_Library1_Col146,F7,f31861,Plate 2,Transformant,Coum_Library1,Col146,f31861,67,F7,0.5824418742247761,0.002162740253261297,0.05219813281884376,0.5018017885952004,1.1607010725396745
163,Coum_Library1_Col147,F8,f31861,Plate 2,Transformant,Coum_Library1,Col147,f31861,68,F8,0.6437101568606116,0.0006280950556964247,0.02019284518299309,0.5018017885952004,1.2827976533576837
165,Coum_Library1_Col149,F10,f31861,Plate 2,Transformant,Coum_Library1,Col149,f31861,70,F10,0.6318062920301888,0.03169115752829248,0.018509045377285798,0.5018017885952004,1.2590754086368194
166,Coum_Library1_Col150,F11,f31861,Plate 2,Transformant,Coum_Library1,Col150,f31861,71,F11,0.5647300879102928,-0.00175031777818827,0.026562128018901333,0.5018017885952004,1.1254046931384218
167,Coum_Library1_Col151,F12,f31861,Plate 2,Transformant,Coum_Library1,Col151,f31861,72,F12,0.5704258846688878,7.675474453323429e-05,0.019495597447177156,0.5018017885952004,1.13675538356649
168,SHK0046,G1,f31861,Plate 2,Control,nan,,f31861,73,G1,0.3633197737439562,-0.0018668274436729308,0.00868593206489026,0.5018017885952004,0.7240304478807735
169,Coum_Library1_Col152,G2,f31861,Plate 2,Transformant,Coum_Library1,Col152,f31861,74,G2,0.5583071837457415,-3.273719360338605e-05,0.029130290456268654,0.5018017885952004,1.1126050094574764
172,Coum_Library1_Col155,G5,f31861,Plate 2,Transformant,Coum_Library1,Col155,f31861,77,G5,0.8761649209545078,0.31255017554885,0.014198817737845563,0.5018017885952004,1.7460378597042092
173,Coum_Library1_Col156,G6,f31861,Plate 2,Transformant,Coum_Library1,Col156,f31861,78,G6,0.5167207564994306,0.003069984982486164,0.022360044743244167,0.5018017885952004,1.0297307985808422
174,SHK0058,G7,f31861,Plate 2,Control,nan,,f31861,79,G7,0.5146142010180762,-0.002670476038083404,0.013318023353600394,0.5018017885952004,1.0255328153746608
175,Coum_Library1_Col157,G8,f31861,Plate 2,Transformant,Coum_Library1,Col157,f31861,80,G8,0.6300849195816395,0.003193848414097674,0.0339658654605224,0.5018017885952004,1.2556450253905413
177,Coum_Library1_Col159,G10,f31861,Plate 2,Transformant,Coum_Library1,Col159,f31861,82,G10,0.5809647291517753,0.2208010390740511,0.02161416768041357,0.5018017885952004,1.157757390180279
178,Coum_Library1_Col160,G11,f31861,Plate 2,Transformant,Coum_Library1,Col160,f31861,83,G11,0.5294646210346771,-4.339635898125786e-05,0.011593904517619007,0.5018017885952004,1.055127010441551
181,Coum_Library1_Col163,H2,f31861,Plate 2,Transformant,Coum_Library1,Col163,f31861,86,H2,0.6436560687932953,0.19458636332798612,0.05277737633192273,0.5018017885952004,1.2826898656443961
182,Coum_Library1_Col164,H3,f31861,Plate 2,Transformant,Coum_Library1,Col164,f31861,87,H3,0.4948678525445382,-0.0012132755916994954,0.013628536484271885,0.5018017885952004,0.9861819224079016
183,Coum_Library1_Col165,H4,f31861,Plate 2,Transformant,Coum_Library1,Col165,f31861,88,H4,0.5912044681434974,0.0005170768996254696,0.02579612878600489,0.5018017885952004,1.1781633337708515
184,Coum_Library1_Col166,H5,f31861,Plate 2,Transformant,Coum_Library1,Col166,f31861,89,H5,0.4721052183216923,-0.0008961325382043172,0.013481658378403675,0.5018017885952004,0.9408201187232831
185,Coum_Library1_Col167,H6,f31861,Plate 2,Transformant,Coum_Library1,Col167,f31861,90,H6,0.5789680836822211,0.0022719113501120424,0.013815050064205851,0.5018017885952004,1.1537784377035574
186,Coum_Library1_Col168,H7,f31861,Plate 2,Transformant,Coum_Library1,Col168,f31861,91,H7,0.5532215080746617,-0.00040500705352497924,0.01094015567716509,0.5018017885952004,1.102470179756456
188,Coum_Library1_Col170,H9,f31861,Plate 2,Transformant,Coum_Library1,Col170,f31861,93,H9,0.5601681230214419,0.3368718696345851,0.00908943121576641,0.5018017885952004,1.1163135240901367
189,SHK0046,H10,f31861,Plate 2,Control,nan,,f31861,94,H10,0.384014856111705,0.001107161999457324,0.0037127278333756973,0.5018017885952004,0.7652719955159163
190,Coum_Library1_Col171,H11,f31861,Plate 2,Transformant,Coum_Library1,Col171,f31861,95,H11,0.8389849692278339,0.003557098741916448,0.01749657138694461,0.5018017885952004,1.6719449557495232
192,Coum_Library1_Col173,A1,f31862,Plate 3,Transformant,Coum_Library1,Col173,f31862,1,A1,0.6202212261097535,0.003950841464797782,0.05551983317733463,0.5336676498086182,1.162186290160505
193,SHK0058,A2,f31862,Plate 3,Control,nan,,f31862,2,A2,0.5336215797326886,0.006051711831927877,0.07570594855158587,0.5336676498086182,0.9999136727213161
194,Coum_Library1_Col174,A3,f31862,Plate 3,Transformant,Coum_Library1,Col174,f31862,3,A3,0.5839194842339043,0.025681856930514512,0.07732975470838992,0.5336676498086182,1.0941631639903733
195,Coum_Library1_Col175,A4,f31862,Plate 3,Transformant,Coum_Library1,Col175,f31862,4,A4,0.31180644363297744,0.006014013234109912,0.005317973543640603,0.5336676498086182,0.5842708354999525
196,Coum_Library1_Col176,A5,f31862,Plate 3,Transformant,Coum_Library1,Col176,f31862,5,A5,0.26427081945549286,0.1314386699825906,0.0048347246947818365,0.5336676498086182,0.4951973752770373
197,Coum_Library1_Col177,A6,f31862,Plate 3,Transformant,Coum_Library1,Col177,f31862,6,A6,0.599769981063955,0.0017253641363307265,0.0840123605390345,0.5336676498086182,1.1238642276312647
198,Coum_Library1_Col178,A7,f31862,Plate 3,Transformant,Coum_Library1,Col178,f31862,7,A7,0.6750980676672456,0.002863037556825441,0.06778570089605476,0.5336676498086182,1.2650159100131824
199,Coum_Library1_Col179,A8,f31862,Plate 3,Transformant,Coum_Library1,Col179,f31862,8,A8,0.6134990087934007,0.002201181084936673,0.0798559251859518,0.5336676498086182,1.149590028575671
200,Coum_Library1_Col180,A9,f31862,Plate 3,Transformant,Coum_Library1,Col180,f31862,9,A9,1.0480622180287795,0.004635417537161076,0.07449638266030784,0.5336676498086182,1.963885610088285
201,Coum_Library1_Col181,A10,f31862,Plate 3,Transformant,Coum_Library1,Col181,f31862,10,A10,0.6237242387683752,0.005834202803547389,0.09981512727944598,0.5336676498086182,1.1687503242740171
202,Coum_Library1_Col182,A11,f31862,Plate 3,Transformant,Coum_Library1,Col182,f31862,11,A11,0.557406419390654,0.0023955391186432557,0.09845888912078747,0.5336676498086182,1.044482309524568
203,SHK0066,A12,f31862,Plate 3,Control,nan,,f31862,12,A12,0.5109717838434702,-0.00254015749749984,0.09018095187681088,0.5336676498086182,0.9574719097676482
205,Coum_Library1_Col184,B2,f31862,Plate 3,Transformant,Coum_Library1,Col184,f31862,14,B2,0.6400802124064371,0.26917362127814015,0.06910518382269651,0.5336676498086182,1.1993985631993622
206,Coum_Library1_Col185,B3,f31862,Plate 3,Transformant,Coum_Library1,Col185,f31862,15,B3,0.6152248497622931,0.007028540846532089,0.054651442673632505,0.5336676498086182,1.1528239532280484
207,Coum_Library1_Col186,B4,f31862,Plate 3,Transformant,Coum_Library1,Col186,f31862,16,B4,0.6709175181804462,0.0057921292243354435,0.07768116602675693,0.5336676498086182,1.257182290178256
208,SHK0046,B5,f31862,Plate 3,Control,nan,,f31862,17,B5,0.4077063942203162,-0.0008651848419236491,0.0457195867672297,0.5336676498086182,0.7639705992419181
209,Coum_Library1_Col187,B6,f31862,Plate 3,Transformant,Coum_Library1,Col187,f31862,18,B6,0.3862031151296537,0.063254985104467,0.029535212826607107,0.5336676498086182,0.7236772085925619
210,Coum_Library1_Col188,B7,f31862,Plate 3,Transformant,Coum_Library1,Col188,f31862,19,B7,0.3642548166613284,0.0099068013414878,0.009494329951587586,0.5336676498086182,0.6825499293276556
211,Coum_Library1_Col189,B8,f31862,Plate 3,Transformant,Coum_Library1,Col189,f31862,20,B8,0.30469104276491216,0.009569591732144413,0.007687175170992009,0.5336676498086182,0.5709378165871197
212,SHK0066,B9,f31862,Plate 3,Control,nan,,f31862,21,B9,0.533142338514446,0.00570897838211946,0.09402815140595022,0.5336676498086182,0.9990156583514841
213,Coum_Library1_Col190,B10,f31862,Plate 3,Transformant,Coum_Library1,Col190,f31862,22,B10,0.5233670981747401,0.0007622081812678042,0.11363837049879867,0.5336676498086182,0.980698564663659
214,Coum_Library1_Col191,B11,f31862,Plate 3,Transformant,Coum_Library1,Col191,f31862,23,B11,0.6236423917495847,0.0030504820708903255,0.08044720635993463,0.5336676498086182,1.1685969572508899
216,Coum_Library1_Col193,C1,f31862,Plate 3,Transformant,Coum_Library1,Col193,f31862,25,C1,0.286871703989865,0.12762640257105617,0.02763415659491157,0.5336676498086182,0.5375474868914047
218,Coum_Library1_Col195,C3,f31862,Plate 3,Transformant,Coum_Library1,Col195,f31862,27,C3,0.30949887772818135,0.18529660920155766,0.010532193042133773,0.5336676498086182,0.5799468598839982
219,Coum_Library1_Col196,C4,f31862,Plate 3,Transformant,Coum_Library1,Col196,f31862,28,C4,1.074474121092694,0.014184151063136074,0.09063012384820847,0.5336676498086182,2.013376905041963
220,Coum_Library1_Col197,C5,f31862,Plate 3,Transformant,Coum_Library1,Col197,f31862,29,C5,0.5731279593121851,0.008212826253866948,0.08071949687223796,0.5336676498086182,1.0739417304341343
223,Coum_Library1_Col200,C8,f31862,Plate 3,Transformant,Coum_Library1,Col200,f31862,32,C8,0.6182394777938764,0.13793824757212036,0.08380764098537033,0.5336676498086182,1.1584728398200397
224,Coum_Library1_Col201,C9,f31862,Plate 3,Transformant,Coum_Library1,Col201,f31862,33,C9,0.5490226886069496,0.010052117996970233,0.08435015320233043,0.5336676498086182,1.0287726617939796
225,Coum_Library1_Col202,C10,f31862,Plate 3,Transformant,Coum_Library1,Col202,f31862,34,C10,0.5908379372319033,0.007275641093416013,0.07987442063997816,0.5336676498086182,1.107127136980829
226,Coum_Library1_Col203,C11,f31862,Plate 3,Transformant,Coum_Library1,Col203,f31862,35,C11,0.5345461198227767,0.007757363139941094,0.07233876790939829,0.5336676498086182,1.001646099429998
227,Coum_Library1_Col204,C12,f31862,Plate 3,Transformant,Coum_Library1,Col204,f31862,36,C12,1.0177428848794527,0.005863318343882875,0.09927180613438932,0.5336676498086182,1.9070724733725786
228,Coum_Library1_Col205,D1,f31862,Plate 3,Transformant,Coum_Library1,Col205,f31862,37,D1,0.6756450713070685,-0.00018968820476883807,0.08343525079776283,0.5336676498086182,1.2660408993300711
229,Coum_Library1_Col206,D2,f31862,Plate 3,Transformant,Coum_Library1,Col206,f31862,38,D2,0.597989126007771,0.0026529398439309165,0.07603975625650192,0.5336676498086182,1.1205272161844912
230,Coum_Library1_Col207,D3,f31862,Plate 3,Transformant,Coum_Library1,Col207,f31862,39,D3,0.6087764859247644,0.002190504801828787,0.07356719877401975,0.5336676498086182,1.1407408452490635
231,Coum_Library1_Col208,D4,f31862,Plate 3,Transformant,Coum_Library1,Col208,f31862,40,D4,0.588999728016594,0.0009689241023350853,0.0645026272044616,0.5336676498086182,1.1036826538536084
232,Coum_Library1_Col209,D5,f31862,Plate 3,Transformant,Coum_Library1,Col209,f31862,41,D5,0.9649792620330635,0.0011392504205236375,0.07736334083443629,0.5336676498086182,1.8082026564269362
234,Coum_Library1_Col211,D7,f31862,Plate 3,Transformant,Coum_Library1,Col211,f31862,43,D7,0.6584118007858518,0.012553712142211192,0.1254141871621315,0.5336676498086182,1.233748759217406
235,Coum_Library1_Col212,D8,f31862,Plate 3,Transformant,Coum_Library1,Col212,f31862,44,D8,1.2287885932138431,0.003478056625201172,0.0704893530118529,0.5336676498086182,2.302535283250739
236,Coum_Library1_Col213,D9,f31862,Plate 3,Transformant,Coum_Library1,Col213,f31862,45,D9,1.4813854759583873,0.00466090311805727,0.049856664149706374,0.5336676498086182,2.775857739343271
237,Coum_Library1_Col214,D10,f31862,Plate 3,Transformant,Coum_Library1,Col214,f31862,46,D10,0.6576699247836131,0.030992942452993562,0.11058013578178265,0.5336676498086182,1.2323586131171038
238,Coum_Library1_Col215,D11,f31862,Plate 3,Transformant,Coum_Library1,Col215,f31862,47,D11,0.8495125643322775,-0.00019505936741374128,0.09036693027479314,0.5336676498086182,1.5918382248519773
239,Coum_Library1_Col216,D12,f31862,Plate 3,Transformant,Coum_Library1,Col216,f31862,48,D12,0.6621654153960661,0.0016514888233568972,0.09343979516229133,0.5336676498086182,1.240782377634337
241,Coum_Library1_Col218,E2,f31862,Plate 3,Transformant,Coum_Library1,Col218,f31862,50,E2,0.6355504700063366,0.1978986036401974,0.10215644087429487,0.5336676498086182,1.190910616812271
242,Coum_Library1_Col219,E3,f31862,Plate 3,Transformant,Coum_Library1,Col219,f31862,51,E3,0.8893459321320293,0.012186751116534915,0.09221772054744762,0.5336676498086182,1.6664790013990223
243,Coum_Library1_Col220,E4,f31862,Plate 3,Transformant,Coum_Library1,Col220,f31862,52,E4,0.6123893842473831,0.00011728374723481615,0.12439028008186573,0.5336676498086182,1.1475107859114109
244,Coum_Library1_Col221,E5,f31862,Plate 3,Transformant,Coum_Library1,Col221,f31862,53,E5,0.5880949964626095,0.00037422483527353934,0.07923513258139091,0.5336676498086182,1.101987344883112
245,Coum_Library1_Col222,E6,f31862,Plate 3,Transformant,Coum_Library1,Col222,f31862,54,E6,0.617510095883364,0.0036573890903325423,0.07789421018867924,0.5336676498086182,1.1571061054662262
246,Coum_Library1_Col223,E7,f31862,Plate 3,Transformant,Coum_Library1,Col223,f31862,55,E7,0.535731088183698,0.01064531693205998,0.13696878239699178,0.5336676498086182,1.0038665232487292
248,Coum_Library1_Col224,E9,f31862,Plate 3,Transformant,Coum_Library1,Col224,f31862,57,E9,0.6559520878908444,0.2011991097497282,0.09766614464350803,0.5336676498086182,1.2291396867059101
250,SHK0058,E11,f31862,Plate 3,Control,nan,,f31862,59,E11,0.5351536498339926,0.11961587285515381,0.09379492353487708,0.5336676498086182,1.0027845045992712
251,Coum_Library1_Col226,E12,f31862,Plate 3,Transformant,Coum_Library1,Col226,f31862,60,E12,0.5845416913037301,0.0008590177480300312,0.09263071704917261,0.5336676498086182,1.0953290714049393
252,Coum_Library1_Col227,F1,f31862,Plate 3,Transformant,Coum_Library1,Col227,f31862,61,F1,0.5073999589947397,0.012019539867043575,0.07700795537006662,0.5336676498086182,0.9507789336241411
253,Coum_Library1_Col228,F2,f31862,Plate 3,Transformant,Coum_Library1,Col228,f31862,62,F2,0.4878899377984459,-0.0004798406145685945,0.0740706480959279,0.5336676498086182,0.9142205602558279
255,SHK0066,F4,f31862,Plate 3,Control,nan,,f31862,64,F4,0.5341761549717844,0.19904556046750405,0.08411250331450627,0.5336676498086182,1.000952849893278
256,Coum_Library1_Col230,F5,f31862,Plate 3,Transformant,Coum_Library1,Col230,f31862,65,F5,0.5993441009304618,0.006866634306357348,0.08069883994062993,0.5336676498086182,1.1230662026176705
257,Coum_Library1_Col231,F6,f31862,Plate 3,Transformant,Coum_Library1,Col231,f31862,66,F6,0.5386343259305338,0.00302047674234571,0.10129664248192727,0.5336676498086182,1.0093066838952984
258,Coum_Library1_Col232,F7,f31862,Plate 3,Transformant,Coum_Library1,Col232,f31862,67,F7,0.5798763471177405,0.0013507894807709558,0.07974729379368335,0.5336676498086182,1.0865870309464953
259,Coum_Library1_Col233,F8,f31862,Plate 3,Transformant,Coum_Library1,Col233,f31862,68,F8,0.531218774991619,0.007878551567712888,0.07955189747414253,0.5336676498086182,0.9954112361544165
260,Coum_Library1_Col234,F9,f31862,Plate 3,Transformant,Coum_Library1,Col234,f31862,69,F9,1.1332570996150262,0.001305735732821142,0.08886498131193957,0.5336676498086182,2.123525943574489
261,Coum_Library1_Col235,F10,f31862,Plate 3,Transformant,Coum_Library1,Col235,f31862,70,F10,0.7778682056934206,0.0006999444932975823,0.06971647454426234,0.5336676498086182,1.4575892055146618
262,Coum_Library1_Col236,F11,f31862,Plate 3,Transformant,Coum_Library1,Col236,f31862,71,F11,0.5241580324372056,0.0027960666600907553,0.0628212297664092,0.5336676498086182,0.9821806373782954
263,Coum_Library1_Col237,F12,f31862,Plate 3,Transformant,Coum_Library1,Col237,f31862,72,F12,0.557206430570675,0.0003293543340856299,0.09130628213095433,0.5336676498086182,1.0441075653929897
264,SHK0046,G1,f31862,Plate 3,Control,nan,,f31862,73,G1,0.3556409258554205,0.00081623781132696,0.0367041636579781,0.5336676498086182,0.6664090019002633
265,Coum_Library1_Col238,G2,f31862,Plate 3,Transformant,Coum_Library1,Col238,f31862,74,G2,0.6114569768437214,0.010300204119806469,0.06636823751710777,0.5336676498086182,1.1457636172306858
266,Coum_Library1_Col239,G3,f31862,Plate 3,Transformant,Coum_Library1,Col239,f31862,75,G3,0.7431093935464858,0.0028315503395419032,0.09308884892378168,0.5336676498086182,1.3924572602685898
267,Coum_Library1_Col240,G4,f31862,Plate 3,Transformant,Coum_Library1,Col240,f31862,76,G4,0.5831164215521912,0.003553854283408959,0.11490961988656975,0.5336676498086182,1.0926583647356292
268,Coum_Library1_Col241,G5,f31862,Plate 3,Transformant,Coum_Library1,Col241,f31862,77,G5,0.6364718731415091,-0.001222280526656672,0.07489392168097153,0.5336676498086182,1.1926371654151382
269,Coum_Library1_Col242,G6,f31862,Plate 3,Transformant,Coum_Library1,Col242,f31862,78,G6,0.5747392459611802,0.002840094145798315,0.07483065918893868,0.5336676498086182,1.0769610002916439
270,SHK0058,G7,f31862,Plate 3,Control,nan,,f31862,79,G7,0.5337137198845479,0.003280789077908385,0.07669969454539394,0.5336676498086182,1.000086327278684
272,Coum_Library1_Col244,G9,f31862,Plate 3,Transformant,Coum_Library1,Col244,f31862,81,G9,0.4974556882546653,0.23675046636671235,0.06062652631996936,0.5336676498086182,0.9321451064779004
273,Coum_Library1_Col245,G10,f31862,Plate 3,Transformant,Coum_Library1,Col245,f31862,82,G10,0.6734014796650336,0.008043085288103201,0.07753747861854463,0.5336676498086182,1.2618368003129403
274,Coum_Library1_Col246,G11,f31862,Plate 3,Transformant,Coum_Library1,Col246,f31862,83,G11,0.6079695909199707,0.0056772410355589754,0.08293694877447559,0.5336676498086182,1.139228864889971
276,Coum_Library1_Col248,H1,f31862,Plate 3,Transformant,Coum_Library1,Col248,f31862,85,H1,0.5217565567778625,0.10055664353366674,0.05803097562446419,0.5336676498086182,0.9776806912785002
277,Coum_Library1_Col249,H2,f31862,Plate 3,Transformant,Coum_Library1,Col249,f31862,86,H2,0.5147992283917646,0.0024812833508923134,0.06481678757348683,0.5336676498086182,0.9646438725981983
278,Coum_Library1_Col250,H3,f31862,Plate 3,Transformant,Coum_Library1,Col250,f31862,87,H3,0.6027926845769881,0.003217884696124739,0.06706540870471954,0.5336676498086182,1.1295282462655534
279,Coum_Library1_Col251,H4,f31862,Plate 3,Transformant,Coum_Library1,Col251,f31862,88,H4,0.6645878037347511,0.006725520043083036,0.08217770270764192,0.5336676498086182,1.245321510443968
280,Coum_Library1_Col252,H5,f31862,Plate 3,Transformant,Coum_Library1,Col252,f31862,89,H5,0.5660202480427344,0.005757630823434332,0.08482335839445872,0.5336676498086182,1.0606231204865395
281,Coum_Library1_Col253,H6,f31862,Plate 3,Transformant,Coum_Library1,Col253,f31862,90,H6,1.2186750305815923,0.0067885912726574635,0.05255464250508389,0.5336676498086182,2.28358423265609
282,Coum_Library1_Col254,H7,f31862,Plate 3,Transformant,Coum_Library1,Col254,f31862,91,H7,0.6315179583647147,0.008331451211751915,0.09777985400717738,0.5336676498086182,1.183354394052529
285,SHK0046,H10,f31862,Plate 3,Control,nan,,f31862,94,H10,0.3733520469322483,0.043458060952909036,0.03844319914213288,0.5336676498086182,0.699596550523792
286,Coum_Library1_Col257,H11,f31862,Plate 3,Transformant,Coum_Library1,Col257,f31862,95,H11,0.3411169042779741,0.010125390298850562,0.02657188763058515,0.5336676498086182,0.639193521286711
287,Coum_Library1_Col258,H12,f31862,Plate 3,Transformant,Coum_Library1,Col258,f31862,96,H12,0.549107518963115,0.00244114442217729,0.08825763176305543,0.5336676498086182,1.0289316190704716
289,SHK0058,A2,f31863,Plate 4,Control,nan,,f31863,2,A2,0.4809438295122773,0.21659652690931422,0.058155363349640096,0.4885817141629419,0.9843672318687774
290,Coum_Library1_Col260,A3,f31863,Plate 4,Transformant,Coum_Library1,Col260,f31863,3,A3,0.27574195029298426,0.008659930482688878,0.032436349666792194,0.4885817141629419,0.5643722274080532
292,Coum_Library1_Col262,A5,f31863,Plate 4,Transformant,Coum_Library1,Col262,f31863,5,A5,0.49380566130392045,0.1855193721124593,0.07587596452623192,0.4885817141629419,1.0106920643764339
293,Coum_Library1_Col263,A6,f31863,Plate 4,Transformant,Coum_Library1,Col263,f31863,6,A6,0.9964031089961913,0.004231145314753524,0.06031208590635167,0.4885817141629419,2.039378634346293
294,Coum_Library1_Col264,A7,f31863,Plate 4,Transformant,Coum_Library1,Col264,f31863,7,A7,0.48776059443661357,0.003614810919803337,0.0612862429431502,0.4885817141629419,0.9983193809704174
295,Coum_Library1_Col265,A8,f31863,Plate 4,Transformant,Coum_Library1,Col265,f31863,8,A8,0.6644813607460641,0.013268968872876258,0.07794912405668944,0.4885817141629419,1.360020937100523
296,Coum_Library1_Col266,A9,f31863,Plate 4,Transformant,Coum_Library1,Col266,f31863,9,A9,0.45791757066955874,0.001860567263065658,0.060291962919997395,0.4885817141629419,0.9372384544806016
297,Coum_Library1_Col267,A10,f31863,Plate 4,Transformant,Coum_Library1,Col267,f31863,10,A10,0.2661477897589299,0.007029287907332179,0.005958353455789057,0.4885817141629419,0.5447354701247982
299,SHK0066,A12,f31863,Plate 4,Control,nan,,f31863,12,A12,0.4772657800144721,0.17843012520955917,0.05378617826734678,0.4885817141629419,0.9768392188646342
300,Coum_Library1_Col269,B1,f31863,Plate 4,Transformant,Coum_Library1,Col269,f31863,13,B1,0.8350895679940482,0.005234134528768331,0.08283831906234204,0.4885817141629419,1.7092116708148968
301,Coum_Library1_Col270,B2,f31863,Plate 4,Transformant,Coum_Library1,Col270,f31863,14,B2,0.8520136301943262,0.008187105276923418,0.08630292780374113,0.4885817141629419,1.7438508349704218
303,Coum_Library1_Col272,B4,f31863,Plate 4,Transformant,Coum_Library1,Col272,f31863,16,B4,0.2906560392085506,0.19709367101331313,0.009020171156672972,0.4885817141629419,0.5948974977635305
304,SHK0046,B5,f31863,Plate 4,Control,nan,,f31863,17,B5,0.28570831408436004,0.0008533374348286414,0.028891322588219772,0.4885817141629419,0.5847707881860605
305,Coum_Library1_Col273,B6,f31863,Plate 4,Transformant,Coum_Library1,Col273,f31863,18,B6,0.5900535648623092,0.003053704292335934,0.047078407054801805,0.4885817141629419,1.2076865501878493
307,Coum_Library1_Col275,B8,f31863,Plate 4,Transformant,Coum_Library1,Col275,f31863,20,B8,0.5727693167043505,0.08039844374460996,0.059103772473319674,0.4885817141629419,1.1723101788318915
308,SHK0066,B9,f31863,Plate 4,Control,nan,,f31863,21,B9,0.48533853580351194,0.003928474489079945,0.06535629847624803,0.4885817141629419,0.993362055383128
309,Coum_Library1_Col276,B10,f31863,Plate 4,Transformant,Coum_Library1,Col276,f31863,22,B10,0.6698501662034498,0.0017005597555628256,0.06768559890091204,0.4885817141629419,1.3710094888652649
310,Coum_Library1_Col277,B11,f31863,Plate 4,Transformant,Coum_Library1,Col277,f31863,23,B11,0.5045990678587059,0.004816714376505257,0.05974969136931732,0.4885817141629419,1.0327833671041202
312,Coum_Library1_Col279,C1,f31863,Plate 4,Transformant,Coum_Library1,Col279,f31863,25,C1,0.5364912517085618,0.03707303980321635,0.06636318761210855,0.4885817141629419,1.0980583926021474
313,Coum_Library1_Col280,C2,f31863,Plate 4,Transformant,Coum_Library1,Col280,f31863,26,C2,0.582375981519354,0.0016464275655245439,0.08974274098484816,0.4885817141629419,1.1919725291338508
314,Coum_Library1_Col281,C3,f31863,Plate 4,Transformant,Coum_Library1,Col281,f31863,27,C3,0.5680476710761357,0.00028748537923845875,0.06037235315316551,0.4885817141629419,1.162646195323413
315,Coum_Library1_Col282,C4,f31863,Plate 4,Transformant,Coum_Library1,Col282,f31863,28,C4,0.528912687390604,0.0019064986942089561,0.05855057736894853,0.4885817141629419,1.0825470378005424
316,Coum_Library1_Col283,C5,f31863,Plate 4,Transformant,Coum_Library1,Col283,f31863,29,C5,0.513054693532767,-0.0002539276459946588,0.06633492293479677,0.4885817141629419,1.0500898389366724
318,Coum_Library1_Col285,C7,f31863,Plate 4,Transformant,Coum_Library1,Col285,f31863,31,C7,0.5454940866380447,0.0013833580893627656,0.07249609876482258,0.4885817141629419,1.116484859799977
319,Coum_Library1_Col286,C8,f31863,Plate 4,Transformant,Coum_Library1,Col286,f31863,32,C8,0.5645803688679534,0.006961610524357356,0.06189300716063579,0.4885817141629419,1.1555495273399978
322,Coum_Library1_Col289,C11,f31863,Plate 4,Transformant,Coum_Library1,Col289,f31863,35,C11,0.5523580523137961,0.221401972245416,0.05853704796051816,0.4885817141629419,1.130533616592914
323,Coum_Library1_Col290,C12,f31863,Plate 4,Transformant,Coum_Library1,Col290,f31863,36,C12,0.5484507952139747,0.0019103186462606986,0.06564324523269938,0.4885817141629419,1.1225364750983424
325,Coum_Library1_Col292,D2,f31863,Plate 4,Transformant,Coum_Library1,Col292,f31863,38,D2,0.5316112462995358,0.20630306945564703,0.056069559877347006,0.4885817141629419,1.088070287710857
326,Coum_Library1_Col293,D3,f31863,Plate 4,Transformant,Coum_Library1,Col293,f31863,39,D3,0.8791372789789655,0.003927281006374935,0.05788764690675969,0.4885817141629419,1.7993659064485035
327,Coum_Library1_Col294,D4,f31863,Plate 4,Transformant,Coum_Library1,Col294,f31863,40,D4,0.5067825490249022,0.001166230369029668,0.08978273861781011,0.4885817141629419,1.0372523865186865
328,Coum_Library1_Col295,D5,f31863,Plate 4,Transformant,Coum_Library1,Col295,f31863,41,D5,0.6637736972644155,0.0019681373323635625,0.07537982598355485,0.4885817141629419,1.358572533566099
330,Coum_Library1_Col297,D7,f31863,Plate 4,Transformant,Coum_Library1,Col297,f31863,43,D7,0.5502841266937947,0.22184068348277133,0.05116292096751296,0.4885817141629419,1.1262888289557949
331,Coum_Library1_Col298,D8,f31863,Plate 4,Transformant,Coum_Library1,Col298,f31863,44,D8,0.4859235263650825,0.006964088774139052,0.0549378724506257,0.4885817141629419,0.99455937927924
332,Coum_Library1_Col299,D9,f31863,Plate 4,Transformant,Coum_Library1,Col299,f31863,45,D9,0.5536565320568767,0.15814006393971036,0.056454994871930876,0.4885817141629419,1.1331912677195126
333,Coum_Library1_Col300,D10,f31863,Plate 4,Transformant,Coum_Library1,Col300,f31863,46,D10,0.9022103714230348,0.00980149765977766,0.0723645604642154,0.4885817141629419,1.846590540067056
334,Coum_Library1_Col301,D11,f31863,Plate 4,Transformant,Coum_Library1,Col301,f31863,47,D11,0.4805222742137239,0.002704918441859197,0.05344495974834143,0.4885817141629419,0.9835044175506532
335,Coum_Library1_Col302,D12,f31863,Plate 4,Transformant,Coum_Library1,Col302,f31863,48,D12,0.5661759628163491,0.0027834774603017662,0.06952966567246414,0.4885817141629419,1.1588152941547245
336,Coum_Library1_Col303,E1,f31863,Plate 4,Transformant,Coum_Library1,Col303,f31863,49,E1,0.9904792149024892,0.008429559161958622,0.06606707376393257,0.4885817141629419,2.027253960167991
337,Coum_Library1_Col304,E2,f31863,Plate 4,Transformant,Coum_Library1,Col304,f31863,50,E2,0.49369133976844864,0.0025190215258495104,0.06572180349225386,0.4885817141629419,1.010458077855535
338,Coum_Library1_Col305,E3,f31863,Plate 4,Transformant,Coum_Library1,Col305,f31863,51,E3,0.534320491219425,0.04980186028920897,0.060468462796420215,0.4885817141629419,1.0936154091129766
340,Coum_Library1_Col307,E5,f31863,Plate 4,Transformant,Coum_Library1,Col307,f31863,53,E5,0.48995587253111034,0.17433737614482797,0.07836306359279324,0.4885817141629419,1.0028125456363481
341,Coum_Library1_Col308,E6,f31863,Plate 4,Transformant,Coum_Library1,Col308,f31863,54,E6,0.5383549963978788,0.0012774121241964714,0.06861941112032392,0.4885817141629419,1.1018729944083365
342,Coum_Library1_Col309,E7,f31863,Plate 4,Transformant,Coum_Library1,Col309,f31863,55,E7,0.5819367787732714,-0.003898164500576921,0.06320062243605849,0.4885817141629419,1.1910735950694946
344,Coum_Library1_Col310,E9,f31863,Plate 4,Transformant,Coum_Library1,Col310,f31863,57,E9,0.5770395474235596,0.20038880230247821,0.061077452559513655,0.4885817141629419,1.1810502331471149
346,SHK0058,E11,f31863,Plate 4,Control,nan,,f31863,59,E11,0.4992218899983332,0.21626920343155548,0.07020391504896263,0.4885817141629419,1.0217776792027933
347,Coum_Library1_Col312,E12,f31863,Plate 4,Transformant,Coum_Library1,Col312,f31863,60,E12,0.5399003051570329,0.0007989770141601331,0.04938994924753971,0.4885817141629419,1.1050358404878335
348,Coum_Library1_Col313,F1,f31863,Plate 4,Transformant,Coum_Library1,Col313,f31863,61,F1,0.504495431632766,0.002374143560421775,0.06571262829848408,0.4885817141629419,1.0325712506393903
349,Coum_Library1_Col314,F2,f31863,Plate 4,Transformant,Coum_Library1,Col314,f31863,62,F2,0.6252339650815772,0.0033539465417898977,0.06138404033346982,0.4885817141629419,1.2796917014234837
351,SHK0066,F4,f31863,Plate 4,Control,nan,,f31863,64,F4,0.4918248925223718,0.20795563154981211,0.06385702600326695,0.4885817141629419,1.0066379446168718
353,Coum_Library1_Col317,F6,f31863,Plate 4,Transformant,Coum_Library1,Col317,f31863,66,F6,0.6875400797425189,0.252486332018509,0.06814549067360984,0.4885817141629419,1.4072161520011868
355,Coum_Library1_Col319,F8,f31863,Plate 4,Transformant,Coum_Library1,Col319,f31863,68,F8,0.5162541163895563,0.22574582481855296,0.08819551570320616,0.4885817141629419,1.0566382273925743
356,Coum_Library1_Col320,F9,f31863,Plate 4,Transformant,Coum_Library1,Col320,f31863,69,F9,0.5221070846215032,0.004381403652178134,0.061363484254267936,0.4885817141629419,1.0686177347345027
357,Coum_Library1_Col321,F10,f31863,Plate 4,Transformant,Coum_Library1,Col321,f31863,70,F10,0.5157217995831934,0.040561680506617785,0.07893675648184831,0.4885817141629419,1.0555487130064805
358,Coum_Library1_Col322,F11,f31863,Plate 4,Transformant,Coum_Library1,Col322,f31863,71,F11,0.5469481212523858,0.0033125385707587474,0.0900835891565557,0.4885817141629419,1.1194608913873079
359,Coum_Library1_Col323,F12,f31863,Plate 4,Transformant,Coum_Library1,Col323,f31863,72,F12,0.4667065172359238,0.001404164894514444,0.060185726204276764,0.4885817141629419,0.9552271476952519
360,SHK0046,G1,f31863,Plate 4,Control,nan,,f31863,73,G1,0.32025264030570133,-0.004481965666248669,0.026327513002944943,0.4885817141629419,0.6554740609856249
361,Coum_Library1_Col324,G2,f31863,Plate 4,Transformant,Coum_Library1,Col324,f31863,74,G2,0.5393776003150825,-0.000543793840692438,0.060432482799976366,0.4885817141629419,1.1039659992989428
362,Coum_Library1_Col325,G3,f31863,Plate 4,Transformant,Coum_Library1,Col325,f31863,75,G3,0.5879336939220776,0.0033341338404947077,0.05924081116379194,0.4885817141629419,1.2033477244013309
363,Coum_Library1_Col326,G4,f31863,Plate 4,Transformant,Coum_Library1,Col326,f31863,76,G4,0.7121978649695987,-0.002366140851303549,0.038895938305233926,0.4885817141629419,1.4576842405773722
364,Coum_Library1_Col327,G5,f31863,Plate 4,Transformant,Coum_Library1,Col327,f31863,77,G5,0.1813819230668951,0.010544039926527492,0.004364731220566915,0.4885817141629419,0.371241734614743
365,Coum_Library1_Col328,G6,f31863,Plate 4,Transformant,Coum_Library1,Col328,f31863,78,G6,0.24756070969545776,0.004438357881081848,0.006503497992597587,0.4885817141629419,0.506692539894967
366,SHK0058,G7,f31863,Plate 4,Control,nan,,f31863,79,G7,0.49786933202038863,0.0011250768549019381,0.059265855428000565,0.4885817141629419,1.0190093439607306
367,Coum_Library1_Col329,G8,f31863,Plate 4,Transformant,Coum_Library1,Col329,f31863,80,G8,0.40246703094746106,0.004383285878538876,0.04028068851747879,0.4885817141629419,0.8237455870344718
368,Coum_Library1_Col330,G9,f31863,Plate 4,Transformant,Coum_Library1,Col330,f31863,81,G9,0.510884156582899,0.003999442274031826,0.06698446930894218,0.4885817141629419,1.0456473129743846
369,Coum_Library1_Col331,G10,f31863,Plate 4,Transformant,Coum_Library1,Col331,f31863,82,G10,0.5271903267260645,-0.0021010620788858517,0.05193027044593704,0.4885817141629419,1.0790218124091453
370,Coum_Library1_Col332,G11,f31863,Plate 4,Transformant,Coum_Library1,Col332,f31863,83,G11,0.5361322412150834,0.0021867372902811817,0.05233932899115138,0.4885817141629419,1.0973235912719472
371,Coum_Library1_Col333,G12,f31863,Plate 4,Transformant,Coum_Library1,Col333,f31863,84,G12,0.5449861579322014,0.005856534637025857,0.06029588949217386,0.4885817141629419,1.1154452615278365
372,Coum_Library1_Col334,H1,f31863,Plate 4,Transformant,Coum_Library1,Col334,f31863,85,H1,0.5430460545217668,0.0004561816152349805,0.05294536655653365,0.4885817141629419,1.1114743732317847
373,Coum_Library1_Col335,H2,f31863,Plate 4,Transformant,Coum_Library1,Col335,f31863,86,H2,0.9296753551808781,-0.00117540919258686,0.05539349544729453,0.4885817141629419,1.9028042356714798
374,Coum_Library1_Col336,H3,f31863,Plate 4,Transformant,Coum_Library1,Col336,f31863,87,H3,0.4753050567626287,0.0020077077014789262,0.05939277597314612,0.4885817141629419,0.9728261271033048
377,Coum_Library1_Col339,H6,f31863,Plate 4,Transformant,Coum_Library1,Col339,f31863,90,H6,0.5919794608452988,0.1647497930160001,0.060262454321664036,0.4885817141629419,1.2116283595662236
379,Coum_Library1_Col341,H8,f31863,Plate 4,Transformant,Coum_Library1,Col341,f31863,92,H8,0.49444507590860715,0.22348316093480616,0.08997825195334652,0.4885817141629419,1.0120007801677773
380,Coum_Library1_Col342,H9,f31863,Plate 4,Transformant,Coum_Library1,Col342,f31863,93,H9,0.4930497866275047,0.015529709007790915,0.09513560730893555,0.4885817141629419,1.009144985035344
381,SHK0046,H10,f31863,Plate 4,Control,nan,,f31863,94,H10,0.34445270981866366,0.00024920038216865115,0.028379515454104987,0.4885817141629419,0.7050053242553175
382,Coum_Library1_Col343,H11,f31863,Plate 4,Transformant,Coum_Library1,Col343,f31863,95,H11,0.6560447050750693,0.0020674057161313188,0.07150655945755911,0.4885817141629419,1.342753291942233
384,Coum_Library1_Col345,A1,f31864,Plate 5,Transformant,Coum_Library1,Col345,f31864,1,A1,0.5246288141168045,0.17038796691348682,0.11888084584482105,0.35057498111274205,1.4964810450865806
385,SHK0058,A2,f31864,Plate 5,Control,nan,,f31864,2,A2,0.2693925603850918,0.008251083657066767,0.0839367800915868,0.35057498111274205,0.7684306493578826
386,Coum_Library1_Col346,A3,f31864,Plate 5,Transformant,Coum_Library1,Col346,f31864,3,A3,0.4197627555655416,0.005805239287233091,0.07021786752227145,0.35057498111274205,1.1973551399281095
387,Coum_Library1_Col347,A4,f31864,Plate 5,Transformant,Coum_Library1,Col347,f31864,4,A4,0.444815809828347,0.008630338357808244,0.09621481167436327,0.35057498111274205,1.2688178957222789
388,Coum_Library1_Col348,A5,f31864,Plate 5,Transformant,Coum_Library1,Col348,f31864,5,A5,0.37484815236360164,0.006209881059248478,0.07304808104284666,0.35057498111274205,1.0692381731685912
389,Coum_Library1_Col349,A6,f31864,Plate 5,Transformant,Coum_Library1,Col349,f31864,6,A6,0.6113791683013359,0.005018311209280871,0.053243703788757875,0.35057498111274205,1.7439326855578474
390,Coum_Library1_Col350,A7,f31864,Plate 5,Transformant,Coum_Library1,Col350,f31864,7,A7,0.37165105054829956,0.004057689508655344,0.09846115376230989,0.35057498111274205,1.0601185782529632
391,Coum_Library1_Col351,A8,f31864,Plate 5,Transformant,Coum_Library1,Col351,f31864,8,A8,0.4310462606087476,0.00890125183629557,0.05179718946709348,0.35057498111274205,1.2295408509774024
392,Coum_Library1_Col352,A9,f31864,Plate 5,Transformant,Coum_Library1,Col352,f31864,9,A9,0.36133918730194037,0.005727879719917652,0.09566391648106488,0.35057498111274205,1.0307044334853337
393,Coum_Library1_Col353,A10,f31864,Plate 5,Transformant,Coum_Library1,Col353,f31864,10,A10,0.42448970098481215,0.008152223580800614,0.08169976055941001,0.35057498111274205,1.2108385476837542
394,Coum_Library1_Col354,A11,f31864,Plate 5,Transformant,Coum_Library1,Col354,f31864,11,A11,0.3381743014246111,0.010878329885278258,0.059763115593224926,0.35057498111274205,0.9646275965022644
395,SHK0066,A12,f31864,Plate 5,Control,nan,,f31864,12,A12,0.4185553793273845,0.006030011583494806,0.08662280384171117,0.35057498111274205,1.1939111513287952
396,Coum_Library1_Col355,B1,f31864,Plate 5,Transformant,Coum_Library1,Col355,f31864,13,B1,0.48464910481012363,0.006959145859860909,0.05214486484008562,0.35057498111274205,1.3824406501337425
397,Coum_Library1_Col356,B2,f31864,Plate 5,Transformant,Coum_Library1,Col356,f31864,14,B2,0.9243002710400856,0.00893314625820704,0.08306018821891496,0.35057498111274205,2.636526622939012
398,Coum_Library1_Col357,B3,f31864,Plate 5,Transformant,Coum_Library1,Col357,f31864,15,B3,0.5680208408012298,0.009618739983367538,0.07928835290602868,0.35057498111274205,1.6202549280564862
400,SHK0046,B5,f31864,Plate 5,Control,nan,,f31864,17,B5,0.23789712872053836,0.18305637418563486,0.0305454448312996,0.35057498111274205,0.6785912901298355
402,Coum_Library1_Col360,B7,f31864,Plate 5,Transformant,Coum_Library1,Col360,f31864,19,B7,0.45032926472367224,0.01682076687701179,0.06315236149275022,0.35057498111274205,1.284544787806321
403,Coum_Library1_Col361,B8,f31864,Plate 5,Transformant,Coum_Library1,Col361,f31864,20,B8,0.380398325043303,0.00632068947956344,0.11008350605048339,0.35057498111274205,1.0850698011475326
404,SHK0066,B9,f31864,Plate 5,Control,nan,,f31864,21,B9,0.3592632609802633,0.00024283370522735841,0.08121166869085672,0.35057498111274205,1.0247829432663569
405,Coum_Library1_Col362,B10,f31864,Plate 5,Transformant,Coum_Library1,Col362,f31864,22,B10,0.46480252281743056,0.004974425329479588,0.0883350100158648,0.35057498111274205,1.3258291317370245
406,Coum_Library1_Col363,B11,f31864,Plate 5,Transformant,Coum_Library1,Col363,f31864,23,B11,0.46044132682509353,0.0033417696305494153,0.0560394012985023,0.35057498111274205,1.3133890084330329
407,Coum_Library1_Col364,B12,f31864,Plate 5,Transformant,Coum_Library1,Col364,f31864,24,B12,0.47110731917895254,0.007654727679067741,0.07009641462973581,0.35057498111274205,1.3438132911927572
410,Coum_Library1_Col367,C3,f31864,Plate 5,Transformant,Coum_Library1,Col367,f31864,27,C3,0.7230412578629676,0.10109388044439534,0.06150039276674479,0.35057498111274205,2.062443975802265
411,Coum_Library1_Col368,C4,f31864,Plate 5,Transformant,Coum_Library1,Col368,f31864,28,C4,0.8972013663831089,0.006518577936747553,0.07015015000563186,0.35057498111274205,2.5592281672107577
412,Coum_Library1_Col369,C5,f31864,Plate 5,Transformant,Coum_Library1,Col369,f31864,29,C5,0.35061657548519637,0.005103295620544632,0.080972146434715,0.35057498111274205,1.0001186461518796
413,Coum_Library1_Col370,C6,f31864,Plate 5,Transformant,Coum_Library1,Col370,f31864,30,C6,0.4402914872897638,0.0036755815981767866,0.07621867006435933,0.35057498111274205,1.2559124609869683
414,Coum_Library1_Col371,C7,f31864,Plate 5,Transformant,Coum_Library1,Col371,f31864,31,C7,0.9644054506822662,0.0019935494364360876,0.03992874964266357,0.35057498111274205,2.7509249166075582
415,Coum_Library1_Col372,C8,f31864,Plate 5,Transformant,Coum_Library1,Col372,f31864,32,C8,0.21528126761200586,0.008159753215510006,0.0658180135327826,0.35057498111274205,0.6140805225994526
416,Coum_Library1_Col373,C9,f31864,Plate 5,Transformant,Coum_Library1,Col373,f31864,33,C9,0.8170258379120292,0.008821596759719698,0.06480563301643444,0.35057498111274205,2.3305309332649737
417,Coum_Library1_Col374,C10,f31864,Plate 5,Transformant,Coum_Library1,Col374,f31864,34,C10,0.4285816472120334,0.004855750397602824,0.0788947010331712,0.35057498111274205,1.2225106476557295
418,Coum_Library1_Col375,C11,f31864,Plate 5,Transformant,Coum_Library1,Col375,f31864,35,C11,0.5968572647568297,0.005754043307502072,0.07392710312495053,0.35057498111274205,1.7025095825788128
419,Coum_Library1_Col376,C12,f31864,Plate 5,Transformant,Coum_Library1,Col376,f31864,36,C12,0.747231088236479,0.0078197895667529,0.08671205047659163,0.35057498111274205,2.1314444227158797
422,Coum_Library1_Col379,D3,f31864,Plate 5,Transformant,Coum_Library1,Col379,f31864,39,D3,0.32697515059393895,0.046102278322100676,0.06752227462036127,0.35057498111274205,0.9326825022028209
423,Coum_Library1_Col380,D4,f31864,Plate 5,Transformant,Coum_Library1,Col380,f31864,40,D4,0.5629237123920782,0.012492540940763512,0.06600453332759254,0.35057498111274205,1.6057155893022683
424,Coum_Library1_Col381,D5,f31864,Plate 5,Transformant,Coum_Library1,Col381,f31864,41,D5,0.3143824683549028,0.005491185838083162,0.06998706783792898,0.35057498111274205,0.8967624197169962
425,Coum_Library1_Col382,D6,f31864,Plate 5,Transformant,Coum_Library1,Col382,f31864,42,D6,0.47243683730859237,0.008982509001926618,0.05412917946209332,0.35057498111274205,1.3476056842649036
426,Coum_Library1_Col383,D7,f31864,Plate 5,Transformant,Coum_Library1,Col383,f31864,43,D7,0.42871650739284967,0.0026202890776902137,0.07628083469730648,0.35057498111274205,1.2228953304998622
427,Coum_Library1_Col384,D8,f31864,Plate 5,Transformant,Coum_Library1,Col384,f31864,44,D8,0.4687730760766969,0.002910706174561012,0.06347601848283622,0.35057498111274205,1.3371549635082012
428,Coum_Library1_Col385,D9,f31864,Plate 5,Transformant,Coum_Library1,Col385,f31864,45,D9,0.32726107164358914,0.006293256641341141,0.16008166825128448,0.35057498111274205,0.9334980796543055
429,Coum_Library1_Col386,D10,f31864,Plate 5,Transformant,Coum_Library1,Col386,f31864,46,D10,0.20408378408121214,0.0039049216675967617,0.011250938767683467,0.35057498111274205,0.5821401842009384
430,Coum_Library1_Col387,D11,f31864,Plate 5,Transformant,Coum_Library1,Col387,f31864,47,D11,0.42709585325452865,0.00414440645495374,0.052858992160705255,0.35057498111274205,1.2182724845307147
431,Coum_Library1_Col388,D12,f31864,Plate 5,Transformant,Coum_Library1,Col388,f31864,48,D12,0.26531445498781925,0.011301004114922792,0.0366527721417673,0.35057498111274205,0.756798029755855
432,Coum_Library1_Col389,E1,f31864,Plate 5,Transformant,Coum_Library1,Col389,f31864,49,E1,0.534411143458286,0.005336471420088091,0.058045273009588276,0.35057498111274205,1.5243847172494713
433,Coum_Library1_Col390,E2,f31864,Plate 5,Transformant,Coum_Library1,Col390,f31864,50,E2,0.509326443396132,0.007649237801269108,0.030932037343783678,0.35057498111274205,1.4528316931787462
434,Coum_Library1_Col391,E3,f31864,Plate 5,Transformant,Coum_Library1,Col391,f31864,51,E3,1.0474101570035037,0.005693106230318428,0.049677543874357355,0.35057498111274205,2.9876922582409415
435,Coum_Library1_Col392,E4,f31864,Plate 5,Transformant,Coum_Library1,Col392,f31864,52,E4,0.5100122279780477,0.005758849397456444,0.05340738538799639,0.35057498111274205,1.4547878640947054
437,Coum_Library1_Col394,E6,f31864,Plate 5,Transformant,Coum_Library1,Col394,f31864,54,E6,0.4911131883720931,0.09691456784694584,0.08625042795592303,0.35057498111274205,1.4008791694526401
438,Coum_Library1_Col395,E7,f31864,Plate 5,Transformant,Coum_Library1,Col395,f31864,55,E7,0.4952006632986053,0.010079997107945701,0.09283191279982773,0.35057498111274205,1.41253851523236
440,Coum_Library1_Col396,E9,f31864,Plate 5,Transformant,Coum_Library1,Col396,f31864,57,E9,0.6352765723674948,0.16246908546808503,0.07699513345952959,0.35057498111274205,1.8120989990532013
442,SHK0058,E11,f31864,Plate 5,Control,nan,,f31864,59,E11,0.3418867012452208,0.09383587770114377,0.07026432742431798,0.35057498111274205,0.975217056733643
444,Coum_Library1_Col399,F1,f31864,Plate 5,Transformant,Coum_Library1,Col399,f31864,61,F1,0.47961094425508993,0.15407226898829815,0.05866131584933651,0.35057498111274205,1.3680695146378714
445,Coum_Library1_Col400,F2,f31864,Plate 5,Transformant,Coum_Library1,Col400,f31864,62,F2,0.2297060647355019,0.003868454910182173,0.008180084156637707,0.35057498111274205,0.6552266337044466
446,Coum_Library1_Col401,F3,f31864,Plate 5,Transformant,Coum_Library1,Col401,f31864,63,F3,0.3762761176177767,0.003563521447069752,0.04329312363923006,0.35057498111274205,1.073311382413708
447,SHK0066,F4,f31864,Plate 5,Control,nan,,f31864,64,F4,0.3037630401882399,0.004324716791229694,0.08033977751614774,0.35057498111274205,0.8664709592911657
448,Coum_Library1_Col402,F5,f31864,Plate 5,Transformant,Coum_Library1,Col402,f31864,65,F5,0.4017684830829257,0.007516241998905504,0.07656750364677406,0.35057498111274205,1.146027254448372
449,Coum_Library1_Col403,F6,f31864,Plate 5,Transformant,Coum_Library1,Col403,f31864,66,F6,0.5124933561738082,0.006285027747854024,0.0549710494114352,0.35057498111274205,1.461865175167747
450,Coum_Library1_Col404,F7,f31864,Plate 5,Transformant,Coum_Library1,Col404,f31864,67,F7,0.44098031681740985,0.014829624585023805,0.059227387097281904,0.35057498111274205,1.257877317479179
451,Coum_Library1_Col405,F8,f31864,Plate 5,Transformant,Coum_Library1,Col405,f31864,68,F8,0.2916089761345067,0.004182949495625102,0.10228371256088757,0.35057498111274205,0.8318020162446437
452,Coum_Library1_Col406,F9,f31864,Plate 5,Transformant,Coum_Library1,Col406,f31864,69,F9,0.4674562472481525,0.0053648298550948445,0.05588599996649985,0.35057498111274205,1.3333987661196576
453,Coum_Library1_Col407,F10,f31864,Plate 5,Transformant,Coum_Library1,Col407,f31864,70,F10,0.4274150755609258,0.004679414474826211,0.08421331466229001,0.35057498111274205,1.219183052379521
454,Coum_Library1_Col408,F11,f31864,Plate 5,Transformant,Coum_Library1,Col408,f31864,71,F11,0.39347786646876065,0.004652599690446752,0.04227167525177482,0.35057498111274205,1.1223786284458828
455,Coum_Library1_Col409,F12,f31864,Plate 5,Transformant,Coum_Library1,Col409,f31864,72,F12,0.38822034872100264,0.005841986576263714,0.05177487225112472,0.35057498111274205,1.1073817860269788
456,SHK0046,G1,f31864,Plate 5,Control,nan,,f31864,73,G1,0.33484564858233307,0.0037861207578486935,0.03730770563011256,0.35057498111274205,0.9551327579609836
457,Coum_Library1_Col410,G2,f31864,Plate 5,Transformant,Coum_Library1,Col410,f31864,74,G2,0.39000284656553397,0.0044753096215902075,0.07942907864656695,0.35057498111274205,1.1124662841816206
459,Coum_Library1_Col412,G4,f31864,Plate 5,Transformant,Coum_Library1,Col412,f31864,76,G4,0.4213969702841459,0.18029315571242358,0.0696208735153334,0.35057498111274205,1.202016666867132
460,Coum_Library1_Col413,G5,f31864,Plate 5,Transformant,Coum_Library1,Col413,f31864,77,G5,0.29351644150231837,0.007289643717960177,0.06774372384150522,0.35057498111274205,0.8372429788648434
461,Coum_Library1_Col414,G6,f31864,Plate 5,Transformant,Coum_Library1,Col414,f31864,78,G6,0.36332979676740895,0.0064350793651705655,0.057129306496869516,0.35057498111274205,1.0363825610549346
462,SHK0058,G7,f31864,Plate 5,Control,nan,,f31864,79,G7,0.41076728071972446,0.012965353948868203,0.07276829420636585,0.35057498111274205,1.1716959362471593
463,Coum_Library1_Col415,G8,f31864,Plate 5,Transformant,Coum_Library1,Col415,f31864,80,G8,0.38776802488732875,0.003620277086217484,0.058996485240565305,0.35057498111274205,1.1060915518173435
464,Coum_Library1_Col416,G9,f31864,Plate 5,Transformant,Coum_Library1,Col416,f31864,81,G9,0.5447345388704735,0.006149172412053532,0.07517905672589974,0.35057498111274205,1.5538317570223055
465,Coum_Library1_Col417,G10,f31864,Plate 5,Transformant,Coum_Library1,Col417,f31864,82,G10,0.5835411756197357,0.009551381612492414,0.06650117181718423,0.35057498111274205,1.664526013144314
466,Coum_Library1_Col418,G11,f31864,Plate 5,Transformant,Coum_Library1,Col418,f31864,83,G11,0.4509884539162856,0.002819022783910365,0.042325734913527674,0.35057498111274205,1.2864250965223654
467,Coum_Library1_Col419,G12,f31864,Plate 5,Transformant,Coum_Library1,Col419,f31864,84,G12,0.3399781344714731,0.009355045956465862,0.05272957856938855,0.35057498111274205,0.9697729524005563
468,Coum_Library1_Col420,H1,f31864,Plate 5,Transformant,Coum_Library1,Col420,f31864,85,H1,0.27871721439421016,0.005825998460508589,0.009063122429613536,0.35057498111274205,0.7950288223921403
469,Coum_Library1_Col421,H2,f31864,Plate 5,Transformant,Coum_Library1,Col421,f31864,86,H2,0.8073447096684705,0.006950247414278141,0.06625049168337703,0.35057498111274205,2.302915932865258
470,Coum_Library1_Col422,H3,f31864,Plate 5,Transformant,Coum_Library1,Col422,f31864,87,H3,0.42904669828660413,0.006796296808574381,0.07563321199719973,0.35057498111274205,1.2238371857706134
471,Coum_Library1_Col423,H4,f31864,Plate 5,Transformant,Coum_Library1,Col423,f31864,88,H4,0.47927807673798506,0.00973120713957903,0.04812138645306143,0.35057498111274205,1.3671200244145578
472,Coum_Library1_Col424,H5,f31864,Plate 5,Transformant,Coum_Library1,Col424,f31864,89,H5,0.7754448639939188,0.009956223851019203,0.042107657960350015,0.35057498111274205,2.2119230001314385
473,Coum_Library1_Col425,H6,f31864,Plate 5,Transformant,Coum_Library1,Col425,f31864,90,H6,0.7672935902763298,0.016044933128645633,0.0728896235225777,0.35057498111274205,2.1886718437262767
474,Coum_Library1_Col426,H7,f31864,Plate 5,Transformant,Coum_Library1,Col426,f31864,91,H7,0.2479424358535283,0.05249500315345382,0.044500634175463516,0.35057498111274205,0.7072450950907762
475,Coum_Library1_Col427,H8,f31864,Plate 5,Transformant,Coum_Library1,Col427,f31864,92,H8,0.42546696969596726,0.0057162936173052025,0.07872827093128189,0.35057498111274205,1.2136261644955793
477,SHK0046,H10,f31864,Plate 5,Control,nan,,f31864,94,H10,0.26431742362805444,0.14542770691578205,0.03233772571963418,0.35057498111274205,0.753954040841985
479,Coum_Library1_Col430,H12,f31864,Plate 5,Transformant,Coum_Library1,Col430,f31864,96,H12,0.3818587729918422,0.09746060184914053,0.10145545208514853,0.35057498111274205,1.0892356658761098
480,Coum_Library1_Col431,A1,f31865,Plate 6,Transformant,Coum_Library1,Col431,f31865,1,A1,0.4536183305276762,0.006966488652137409,0.0578378746114793,0.38843255931163106,1.1678174747543446
481,SHK0058,A2,f31865,Plate 6,Control,nan,,f31865,2,A2,0.42916252593096216,-0.0019343123010663668,0.05691421664716853,0.38843255931163106,1.1048572413484379
485,Coum_Library1_Col435,A6,f31865,Plate 6,Transformant,Coum_Library1,Col435,f31865,6,A6,0.37462752830122265,0.18631883759088877,0.06796722714876868,0.38843255931163106,0.9644596451057725
486,Coum_Library1_Col436,A7,f31865,Plate 6,Transformant,Coum_Library1,Col436,f31865,7,A7,0.47654818688382494,0.005581957698213573,0.061335779250748165,0.38843255931163106,1.2268492315071369
487,Coum_Library1_Col437,A8,f31865,Plate 6,Transformant,Coum_Library1,Col437,f31865,8,A8,0.4274387012123557,0.007706335258806981,0.049218576539224866,0.38843255931163106,1.1004193416994965
488,Coum_Library1_Col438,A9,f31865,Plate 6,Transformant,Coum_Library1,Col438,f31865,9,A9,0.7215447772130656,0.001723358121977685,0.054590159222447136,0.38843255931163106,1.857580575870793
490,Coum_Library1_Col440,A11,f31865,Plate 6,Transformant,Coum_Library1,Col440,f31865,11,A11,0.5246720412503636,0.19255714657813214,0.0662955147659531,0.38843255931163106,1.3507416633151768
491,SHK0066,A12,f31865,Plate 6,Control,nan,,f31865,12,A12,0.41353558683634056,0.0061512130586981895,0.06489333867047398,0.38843255931163106,1.0646264761357709
492,Coum_Library1_Col441,B1,f31865,Plate 6,Transformant,Coum_Library1,Col441,f31865,13,B1,0.4082479627936421,0.01071242781477022,0.04981463799470767,0.38843255931163106,1.051013755173169
493,Coum_Library1_Col442,B2,f31865,Plate 6,Transformant,Coum_Library1,Col442,f31865,14,B2,0.45564567206317647,0.0015931338735318378,0.06821568743537519,0.38843255931163106,1.1730367631144478
494,Coum_Library1_Col443,B3,f31865,Plate 6,Transformant,Coum_Library1,Col443,f31865,15,B3,0.4610267798997169,0.0070816123659485685,0.10434966729810316,0.38843255931163106,1.1868901533814138
496,SHK0046,B5,f31865,Plate 6,Control,nan,,f31865,17,B5,0.2806445891462238,0.0731479528569461,0.027745346926887158,0.38843255931163106,0.7225053163503441
497,Coum_Library1_Col445,B6,f31865,Plate 6,Transformant,Coum_Library1,Col445,f31865,18,B6,0.462806131938619,0.0033307521835697234,0.049456869909816153,0.38843255931163106,1.1914710053111681
498,Coum_Library1_Col446,B7,f31865,Plate 6,Transformant,Coum_Library1,Col446,f31865,19,B7,0.5351696678586317,0.0023275689064845085,0.03810495849311267,0.38843255931163106,1.377767272669016
499,Coum_Library1_Col447,B8,f31865,Plate 6,Transformant,Coum_Library1,Col447,f31865,20,B8,0.6445099638872019,0.006540989515013022,0.0779991299853026,0.38843255931163106,1.659258340828544
500,SHK0066,B9,f31865,Plate 6,Control,nan,,f31865,21,B9,0.28630023681517314,0.002230610171388157,0.05589754209296883,0.38843255931163106,0.7370654955458578
501,Coum_Library1_Col448,B10,f31865,Plate 6,Transformant,Coum_Library1,Col448,f31865,22,B10,0.6426704529557711,0.0028067112554925125,0.03529396680654227,0.38843255931163106,1.6545226128692534
502,Coum_Library1_Col449,B11,f31865,Plate 6,Transformant,Coum_Library1,Col449,f31865,23,B11,0.4981022945089292,0.027054662454299723,0.05744742743366419,0.38843255931163106,1.2823391926558672
503,Coum_Library1_Col450,B12,f31865,Plate 6,Transformant,Coum_Library1,Col450,f31865,24,B12,0.42998730280109865,0.003260061471977331,0.05855829448049379,0.38843255931163106,1.1069805877321657
504,Coum_Library1_Col451,C1,f31865,Plate 6,Transformant,Coum_Library1,Col451,f31865,25,C1,0.5757242866697548,0.004337109768985709,0.05981668394283636,0.38843255931163106,1.482173089943945
505,Coum_Library1_Col452,C2,f31865,Plate 6,Transformant,Coum_Library1,Col452,f31865,26,C2,0.7804643814387778,0.008221685654527314,0.05310596010786113,0.38843255931163106,2.0092661202806847
506,Coum_Library1_Col453,C3,f31865,Plate 6,Transformant,Coum_Library1,Col453,f31865,27,C3,0.2459793524965679,0.0037786706286860178,0.00526959487019228,0.38843255931163106,0.6332614159134481
508,Coum_Library1_Col455,C5,f31865,Plate 6,Transformant,Coum_Library1,Col455,f31865,29,C5,0.3953187180502405,0.09986620399974322,0.06875684752097272,0.38843255931163106,1.0177280677778735
509,Coum_Library1_Col456,C6,f31865,Plate 6,Transformant,Coum_Library1,Col456,f31865,30,C6,0.4499363796173931,0.010943812209431221,0.04949093249894815,0.38843255931163106,1.1583384781511552
510,Coum_Library1_Col457,C7,f31865,Plate 6,Transformant,Coum_Library1,Col457,f31865,31,C7,0.46738658504931746,0.00224569442523433,0.055464930216039654,0.38843255931163106,1.203263150436221
511,Coum_Library1_Col458,C8,f31865,Plate 6,Transformant,Coum_Library1,Col458,f31865,32,C8,0.6678504992695115,0.005473331444956799,0.11704812369826176,0.38843255931163106,1.7193473699863286
512,Coum_Library1_Col459,C9,f31865,Plate 6,Transformant,Coum_Library1,Col459,f31865,33,C9,0.5138194815137512,0.008849205720359198,0.10124289879037342,0.38843255931163106,1.322802296553943
513,Coum_Library1_Col460,C10,f31865,Plate 6,Transformant,Coum_Library1,Col460,f31865,34,C10,0.2365301581501638,0.02374947610354006,0.007210723421627766,0.38843255931163106,0.608934942450076
515,Coum_Library1_Col462,C12,f31865,Plate 6,Transformant,Coum_Library1,Col462,f31865,36,C12,0.597275154524516,0.01775690495416935,0.0628109428597838,0.38843255931163106,1.5376547104676026
516,Coum_Library1_Col463,D1,f31865,Plate 6,Transformant,Coum_Library1,Col463,f31865,37,D1,0.42998644236860933,0.004244554176725809,0.05838201826232207,0.38843255931163106,1.1069783725921918
517,Coum_Library1_Col464,D2,f31865,Plate 6,Transformant,Coum_Library1,Col464,f31865,38,D2,0.4582515602386303,0.004445589275526158,0.03602190013559635,0.38843255931163106,1.1797454905704363
518,Coum_Library1_Col465,D3,f31865,Plate 6,Transformant,Coum_Library1,Col465,f31865,39,D3,0.3965320877825565,0.0019804907790400375,0.08748980483738746,0.38843255931163106,1.020851826853236
519,Coum_Library1_Col466,D4,f31865,Plate 6,Transformant,Coum_Library1,Col466,f31865,40,D4,0.4188124317563449,0.0007839848257639118,0.045562749476009766,0.38843255931163106,1.078211446791567
520,Coum_Library1_Col467,D5,f31865,Plate 6,Transformant,Coum_Library1,Col467,f31865,41,D5,0.4266130800553096,0.002827914600766327,0.04906325148946537,0.38843255931163106,1.0982938217417741
522,Coum_Library1_Col469,D7,f31865,Plate 6,Transformant,Coum_Library1,Col469,f31865,43,D7,0.27056675262758473,0.17420243095027996,0.07137911110341173,0.38843255931163106,0.6965604353740976
523,Coum_Library1_Col470,D8,f31865,Plate 6,Transformant,Coum_Library1,Col470,f31865,44,D8,0.5551691071160026,0.006373732861797276,0.043894192557512125,0.38843255931163106,1.429254818648203
524,Coum_Library1_Col471,D9,f31865,Plate 6,Transformant,Coum_Library1,Col471,f31865,45,D9,0.4580795421526672,0.0067255534872688785,0.06297088852311707,0.38843255931163106,1.1793026386986265
525,Coum_Library1_Col472,D10,f31865,Plate 6,Transformant,Coum_Library1,Col472,f31865,46,D10,0.31587908916286733,0.00808556994551611,0.018414933974118218,0.38843255931163106,0.8132147565658736
526,Coum_Library1_Col473,D11,f31865,Plate 6,Transformant,Coum_Library1,Col473,f31865,47,D11,0.3827644440369946,0.010890969407931852,0.03394051624674031,0.38843255931163106,0.985407723583519
527,Coum_Library1_Col474,D12,f31865,Plate 6,Transformant,Coum_Library1,Col474,f31865,48,D12,0.5653892239528278,0.0036017076631131655,0.058029372434466674,0.38843255931163106,1.4555659931154952
528,Coum_Library1_Col475,E1,f31865,Plate 6,Transformant,Coum_Library1,Col475,f31865,49,E1,0.40876185092840006,0.015778083639596645,0.05804599332872373,0.38843255931163106,1.052336734214032
530,Coum_Library1_Col477,E3,f31865,Plate 6,Transformant,Coum_Library1,Col477,f31865,51,E3,0.4284619564218309,0.03847360497940324,0.05650029677013568,0.38843255931163106,1.103053660540555
531,Coum_Library1_Col478,E4,f31865,Plate 6,Transformant,Coum_Library1,Col478,f31865,52,E4,0.4849643647278844,0.006376225886765292,0.05775034277705206,0.38843255931163106,1.248516256174107
532,Coum_Library1_Col479,E5,f31865,Plate 6,Transformant,Coum_Library1,Col479,f31865,53,E5,0.5737553324937353,0.003835178295380472,0.044323368252196654,0.38843255931163106,1.4771041168910453
533,Coum_Library1_Col480,E6,f31865,Plate 6,Transformant,Coum_Library1,Col480,f31865,54,E6,0.30599938108481506,-0.0012723547624345522,0.05291327187475565,0.38843255931163106,0.7877799472502982
536,Coum_Library1_Col482,E9,f31865,Plate 6,Transformant,Coum_Library1,Col482,f31865,57,E9,0.380041161743995,0.1812951256617957,0.06526249057381846,0.38843255931163106,0.9783967709027609
537,Coum_Library1_Col483,E10,f31865,Plate 6,Transformant,Coum_Library1,Col483,f31865,58,E10,0.4802758001681782,0.008306972749590242,0.06929107757566001,0.38843255931163106,1.2364457835854674
538,SHK0058,E11,f31865,Plate 6,Control,nan,,f31865,59,E11,0.36332953178692157,0.004934373862898169,0.06434721222073804,0.38843255931163106,0.9353735238642292
539,Coum_Library1_Col484,E12,f31865,Plate 6,Transformant,Coum_Library1,Col484,f31865,60,E12,0.42419916276774894,1.5183166133140195e-05,0.05817971892638471,0.38843255931163106,1.0920793136381317
540,Coum_Library1_Col485,F1,f31865,Plate 6,Transformant,Coum_Library1,Col485,f31865,61,F1,0.35991734617533455,0.004000724740154167,0.06328367137073125,0.38843255931163106,0.9265890243937575
541,Coum_Library1_Col486,F2,f31865,Plate 6,Transformant,Coum_Library1,Col486,f31865,62,F2,0.4632079354420493,0.0031609355605087095,0.06756833358522925,0.38843255931163106,1.19250542813129
542,Coum_Library1_Col487,F3,f31865,Plate 6,Transformant,Coum_Library1,Col487,f31865,63,F3,0.43466325608361805,0.005633488601016423,0.05764728224690229,0.38843255931163106,1.1190185932248204
543,SHK0066,F4,f31865,Plate 6,Control,nan,,f31865,64,F4,0.3406616323280985,0.003564848123700643,0.0632583318894457,0.38843255931163106,0.8770161619093136
544,Coum_Library1_Col488,F5,f31865,Plate 6,Transformant,Coum_Library1,Col488,f31865,65,F5,1.303288233613663,0.010138162099786402,0.033351532782354046,0.38843255931163106,3.355249714193148
545,Coum_Library1_Col489,F6,f31865,Plate 6,Transformant,Coum_Library1,Col489,f31865,66,F6,0.4011062658534747,-0.0031119098681790386,0.05350644693777221,0.38843255931163106,1.0326278172053949
546,Coum_Library1_Col490,F7,f31865,Plate 6,Transformant,Coum_Library1,Col490,f31865,67,F7,0.4119256654479599,0.005746927315834461,0.05666955166258449,0.38843255931163106,1.0604818148560013
548,Coum_Library1_Col492,F9,f31865,Plate 6,Transformant,Coum_Library1,Col492,f31865,69,F9,0.3171228432178723,0.16213984438863,0.04080119305389352,0.38843255931163106,0.8164167385449568
549,Coum_Library1_Col493,F10,f31865,Plate 6,Transformant,Coum_Library1,Col493,f31865,70,F10,0.47002002098390333,0.004057704204662508,0.05969326898010229,0.38843255931163106,1.2100427982063584
550,Coum_Library1_Col494,F11,f31865,Plate 6,Transformant,Coum_Library1,Col494,f31865,71,F11,0.27495468102902293,0.013249934033629477,0.02170595073219632,0.38843255931163106,0.7078569353616743
551,Coum_Library1_Col495,F12,f31865,Plate 6,Transformant,Coum_Library1,Col495,f31865,72,F12,0.2929315609480117,0.0028825197243723885,0.07649985916894579,0.38843255931163106,0.7541375045056381
552,SHK0046,G1,f31865,Plate 6,Control,nan,,f31865,73,G1,0.3278061090243676,0.0013693610708086935,0.03202464720418669,0.38843255931163106,0.8439202666359794
553,Coum_Library1_Col496,G2,f31865,Plate 6,Transformant,Coum_Library1,Col496,f31865,74,G2,0.35055274860450497,0.008517763876929336,0.0251984758714554,0.38843255931163106,0.9024803410551999
554,Coum_Library1_Col497,G3,f31865,Plate 6,Transformant,Coum_Library1,Col497,f31865,75,G3,0.33931420407690377,0.003535362813397126,0.06322287875065898,0.38843255931163106,0.8735472759498498
555,Coum_Library1_Col498,G4,f31865,Plate 6,Transformant,Coum_Library1,Col498,f31865,76,G4,0.825856174700518,0.009003401184717846,0.09892859550372492,0.38843255931163106,2.126124998800503
557,Coum_Library1_Col500,G6,f31865,Plate 6,Transformant,Coum_Library1,Col500,f31865,78,G6,0.4182382113784618,0.19189811008596616,0.06376122385573223,0.38843255931163106,1.0767331454388156
558,SHK0058,G7,f31865,Plate 6,Control,nan,,f31865,79,G7,0.4330425721945762,0.004298414567332327,0.05767265680379322,0.38843255931163106,1.1148462244308297
561,Coum_Library1_Col503,G10,f31865,Plate 6,Transformant,Coum_Library1,Col503,f31865,82,G10,0.4870818042047116,0.11558349802069044,0.050389553178582784,0.38843255931163106,1.2539674971323307
562,Coum_Library1_Col504,G11,f31865,Plate 6,Transformant,Coum_Library1,Col504,f31865,83,G11,0.8821291218211479,0.0057249999863559125,0.07120172477014955,0.38843255931163106,2.270996858204759
564,Coum_Library1_Col506,H1,f31865,Plate 6,Transformant,Coum_Library1,Col506,f31865,85,H1,0.6708212199100536,0.10979008327217782,0.061476940716456346,0.38843255931163106,1.7269953401920364
565,Coum_Library1_Col507,H2,f31865,Plate 6,Transformant,Coum_Library1,Col507,f31865,86,H2,0.4360579879566697,0.006467039530032843,0.04535382254003767,0.38843255931163106,1.1226092599689352
566,Coum_Library1_Col508,H3,f31865,Plate 6,Transformant,Coum_Library1,Col508,f31865,87,H3,0.35414803527416494,0.003961603504672277,0.07105170154943327,0.38843255931163106,0.9117362249492572
568,Coum_Library1_Col510,H5,f31865,Plate 6,Transformant,Coum_Library1,Col510,f31865,89,H5,0.7488333298016018,0.10295657885514947,0.06933369300786756,0.38843255931163106,1.927833575868775
569,Coum_Library1_Col511,H6,f31865,Plate 6,Transformant,Coum_Library1,Col511,f31865,90,H6,0.48635234609659367,0.007532297208241344,0.057237487348572466,0.38843255931163106,1.2520895440858337
570,Coum_Library1_Col512,H7,f31865,Plate 6,Transformant,Coum_Library1,Col512,f31865,91,H7,0.4122995572957037,0.0026495536556273664,0.05774807528235489,0.38843255931163106,1.0614443805286793
571,Coum_Library1_Col513,H8,f31865,Plate 6,Transformant,Coum_Library1,Col513,f31865,92,H8,0.4594422945437252,0.0072399307749545574,0.0550206092781151,0.38843255931163106,1.1828109758819794
573,SHK0046,H10,f31865,Plate 6,Control,nan,,f31865,94,H10,0.29897208982062556,0.10220924311873451,0.026930830834317715,0.38843255931163106,0.7696885409154558
574,Coum_Library1_Col515,H11,f31865,Plate 6,Transformant,Coum_Library1,Col515,f31865,95,H11,0.46850936093407203,0.0064910468387585196,0.03774313932198203,0.38843255931163106,1.2061536802279158
575,Coum_Library1_Col516,H12,f31865,Plate 6,Transformant,Coum_Library1,Col516,f31865,96,H12,0.273835465305404,0.005751136917088076,0.003892726946473043,0.38843255931163106,0.7049755710249606
576,Coum_Library1_Col517,A1,f31866,Plate 7,Transformant,Coum_Library1,Col517,f31866,1,A1,0.449887707585097,0.011170553175106698,0.04425065130563731,0.41724651335711516,1.0782299987730388
577,SHK0058,A2,f31866,Plate 7,Control,nan,,f31866,2,A2,0.4236215061521726,0.0057930535429630186,0.06463236175106485,0.41724651335711516,1.0152787203511062
578,Coum_Library1_Col518,A3,f31866,Plate 7,Transformant,Coum_Library1,Col518,f31866,3,A3,0.39992003131016746,0.00430389574889871,0.08078690413210728,0.41724651335711516,0.9584742316777175
579,Coum_Library1_Col519,A4,f31866,Plate 7,Transformant,Coum_Library1,Col519,f31866,4,A4,0.295843423721989,0.007898853067306992,0.050504630859886386,0.41724651335711516,0.7090374976214144
581,Coum_Library1_Col521,A6,f31866,Plate 7,Transformant,Coum_Library1,Col521,f31866,6,A6,0.4550815490572534,0.10321017415613826,0.07590591879434816,0.41724651335711516,1.0906778954142051
582,Coum_Library1_Col522,A7,f31866,Plate 7,Transformant,Coum_Library1,Col522,f31866,7,A7,0.36378629494173875,0.00907787982831986,0.07360587510194794,0.41724651335711516,0.8718737803577029
583,Coum_Library1_Col523,A8,f31866,Plate 7,Transformant,Coum_Library1,Col523,f31866,8,A8,0.34940167605368644,0.0030342619437582004,0.0351688042374963,0.41724651335711516,0.8373986716927666
584,Coum_Library1_Col524,A9,f31866,Plate 7,Transformant,Coum_Library1,Col524,f31866,9,A9,0.4244536638926833,0.0037340280252630502,0.054297716250953344,0.41724651335711516,1.0172731234530406
585,Coum_Library1_Col525,A10,f31866,Plate 7,Transformant,Coum_Library1,Col525,f31866,10,A10,0.6793402665742592,0.005436862025100725,0.04762574622567249,0.41724651335711516,1.6281508528576292
586,Coum_Library1_Col526,A11,f31866,Plate 7,Transformant,Coum_Library1,Col526,f31866,11,A11,0.5760305254802106,0.00817309962292103,0.0436678918655489,0.41724651335711516,1.3805520406762382
587,SHK0066,A12,f31866,Plate 7,Control,nan,,f31866,12,A12,0.41273824141904525,0.003880988183629586,0.06513364369757385,0.41724651335711516,0.9891951836773976
588,Coum_Library1_Col527,B1,f31866,Plate 7,Transformant,Coum_Library1,Col527,f31866,13,B1,0.4760066667940887,0.005957136039195668,0.06368087539916957,0.41724651335711516,1.1408283869509093
589,Coum_Library1_Col528,B2,f31866,Plate 7,Transformant,Coum_Library1,Col528,f31866,14,B2,0.470839682948677,0.0036401921999579365,0.06845881122410084,0.41724651335711516,1.1284448590363467
590,Coum_Library1_Col529,B3,f31866,Plate 7,Transformant,Coum_Library1,Col529,f31866,15,B3,0.34275052285318863,0.0016146448266938982,0.04510609577002321,0.41724651335711516,0.8214580874396271
591,Coum_Library1_Col530,B4,f31866,Plate 7,Transformant,Coum_Library1,Col530,f31866,16,B4,0.2623462251855472,0.003535082658992035,0.017633157559878543,0.41724651335711516,0.6287559435182359
592,SHK0046,B5,f31866,Plate 7,Control,nan,,f31866,17,B5,0.2092411695087506,0.00016097687390935627,0.026882073576474787,0.41724651335711516,0.5014809298829639
593,Coum_Library1_Col531,B6,f31866,Plate 7,Transformant,Coum_Library1,Col531,f31866,18,B6,0.28079601906001656,0.005219089725951331,0.05482703732220646,0.41724651335711516,0.6729739136721974
595,Coum_Library1_Col533,B8,f31866,Plate 7,Transformant,Coum_Library1,Col533,f31866,20,B8,0.4368790268331606,0.01949777998223302,0.04730523684224165,0.41724651335711516,1.04705255250208
596,SHK0066,B9,f31866,Plate 7,Control,nan,,f31866,21,B9,0.4217547852951851,0.008525374439776016,0.05122726876864879,0.41724651335711516,1.0108048163226027
597,Coum_Library1_Col534,B10,f31866,Plate 7,Transformant,Coum_Library1,Col534,f31866,22,B10,0.45465198872849855,0.0026016050710402265,0.04585758160034042,0.41724651335711516,1.0896483833272168
598,Coum_Library1_Col535,B11,f31866,Plate 7,Transformant,Coum_Library1,Col535,f31866,23,B11,0.45122100684631455,0.004762487113787741,0.0032780809367072656,0.41724651335711516,1.0814254700796533
599,Coum_Library1_Col536,B12,f31866,Plate 7,Transformant,Coum_Library1,Col536,f31866,24,B12,0.5048661158145761,0.00031410862685934043,0.03743331730044063,0.41724651335711516,1.2099948103879508
600,Coum_Library1_Col537,C1,f31866,Plate 7,Transformant,Coum_Library1,Col537,f31866,25,C1,0.7462075323585838,0.005338509023598846,0.08126345348649147,0.41724651335711516,1.7884092699893115
601,Coum_Library1_Col538,C2,f31866,Plate 7,Transformant,Coum_Library1,Col538,f31866,26,C2,0.432056042161358,0.010244257470809636,0.047253944761075854,0.41724651335711516,1.035493475272177
603,Coum_Library1_Col540,C4,f31866,Plate 7,Transformant,Coum_Library1,Col540,f31866,28,C4,0.4788409117505828,0.10235848785869014,0.08881647455669478,0.41724651335711516,1.147621121858842
604,Coum_Library1_Col541,C5,f31866,Plate 7,Transformant,Coum_Library1,Col541,f31866,29,C5,0.36187435614667884,0.002890734804777279,0.051362244976338206,0.41724651335711516,0.8672915040921046
605,Coum_Library1_Col542,C6,f31866,Plate 7,Transformant,Coum_Library1,Col542,f31866,30,C6,0.3952387151443932,0.006135255397144483,0.03150725047830655,0.41724651335711516,0.947254686358791
606,Coum_Library1_Col543,C7,f31866,Plate 7,Transformant,Coum_Library1,Col543,f31866,31,C7,0.4839886755310177,0.00804607204228059,0.05561783183101038,0.41724651335711516,1.1599585857216712
607,Coum_Library1_Col544,C8,f31866,Plate 7,Transformant,Coum_Library1,Col544,f31866,32,C8,0.5011012551000383,0.0038639371021919845,0.04618078128830934,0.41724651335711516,1.2009717015206143
609,Coum_Library1_Col546,C10,f31866,Plate 7,Transformant,Coum_Library1,Col546,f31866,34,C10,0.4092087041114003,0.029015724333495158,0.04351281399385364,0.41724651335711516,0.9807360661182196
610,Coum_Library1_Col547,C11,f31866,Plate 7,Transformant,Coum_Library1,Col547,f31866,35,C11,1.140466170351057,0.004034131175721771,0.03278162343229774,0.41724651335711516,2.733315040010769
611,Coum_Library1_Col548,C12,f31866,Plate 7,Transformant,Coum_Library1,Col548,f31866,36,C12,0.8861160193409611,0.007259556299632101,0.08773510364089411,0.41724651335711516,2.1237230054036362
612,Coum_Library1_Col549,D1,f31866,Plate 7,Transformant,Coum_Library1,Col549,f31866,37,D1,0.46361695697858407,0.0030269093197420943,0.05224057799493115,0.41724651335711516,1.1111344064888113
613,Coum_Library1_Col550,D2,f31866,Plate 7,Transformant,Coum_Library1,Col550,f31866,38,D2,0.2806235681655937,0.018801182675961738,0.006590632047362738,0.41724651335711516,0.6725606066968188
614,Coum_Library1_Col551,D3,f31866,Plate 7,Transformant,Coum_Library1,Col551,f31866,39,D3,0.3960950330324216,0.0022666045463464127,0.04771258565908781,0.41724651335711516,0.9493069932340206
616,Coum_Library1_Col553,D5,f31866,Plate 7,Transformant,Coum_Library1,Col553,f31866,41,D5,0.49606547293976777,0.14264544176926675,0.07638817254905386,0.41724651335711516,1.1889026200566297
617,Coum_Library1_Col554,D6,f31866,Plate 7,Transformant,Coum_Library1,Col554,f31866,42,D6,0.38656241095017047,0.006425276708444431,0.06280947359763799,0.41724651335711516,0.9264604941571253
619,Coum_Library1_Col556,D8,f31866,Plate 7,Transformant,Coum_Library1,Col556,f31866,44,D8,0.12460814483388558,0.12406707377332839,0.0046396462347673235,0.41724651335711516,0.29864394511365344
620,Coum_Library1_Col557,D9,f31866,Plate 7,Transformant,Coum_Library1,Col557,f31866,45,D9,0.31840623477071417,0.04879623347284542,0.02078188853200648,0.41724651335711516,0.7631129909483388
621,Coum_Library1_Col558,D10,f31866,Plate 7,Transformant,Coum_Library1,Col558,f31866,46,D10,0.3315529646548593,0.0036995515877667885,0.08448337143683794,0.41724651335711516,0.7946212947047157
623,Coum_Library1_Col560,D12,f31866,Plate 7,Transformant,Coum_Library1,Col560,f31866,48,D12,0.4740514178622649,0.07125985969609153,0.055684700057061984,0.41724651335711516,1.1361423108083142
624,Coum_Library1_Col561,E1,f31866,Plate 7,Transformant,Coum_Library1,Col561,f31866,49,E1,0.28058291890380754,0.019723003891281368,0.004960617198478861,0.41724651335711516,0.6724631840450174
625,Coum_Library1_Col562,E2,f31866,Plate 7,Transformant,Coum_Library1,Col562,f31866,50,E2,0.20856012909882166,0.00740332567167966,0.00210349487802727,0.41724651335711516,0.49984870435650136
626,Coum_Library1_Col563,E3,f31866,Plate 7,Transformant,Coum_Library1,Col563,f31866,51,E3,0.38400484083583536,0.004242813324727721,0.04782863312085426,0.41724651335711516,0.9203308560835625
627,Coum_Library1_Col564,E4,f31866,Plate 7,Transformant,Coum_Library1,Col564,f31866,52,E4,0.48762698532324245,0.0051629725219810635,0.04455979612676332,0.41724651335711516,1.168678394457642
629,Coum_Library1_Col566,E6,f31866,Plate 7,Transformant,Coum_Library1,Col566,f31866,54,E6,0.20637183726363123,0.09238297029328596,0.016990937476582688,0.41724651335711516,0.49460410250810316
632,Coum_Library1_Col568,E9,f31866,Plate 7,Transformant,Coum_Library1,Col568,f31866,57,E9,0.9406826634328291,0.11994596681256453,0.10236377904893165,0.41724651335711516,2.2545009564351055
633,Coum_Library1_Col569,E10,f31866,Plate 7,Transformant,Coum_Library1,Col569,f31866,58,E10,0.4500307973961591,0.0033096698588045387,0.043261889170407714,0.41724651335711516,1.0785729370756523
634,SHK0058,E11,f31866,Plate 7,Control,nan,,f31866,59,E11,0.43598456658271745,0.0016705276426564174,0.05892849213739081,0.41724651335711516,1.0449088311723402
635,Coum_Library1_Col570,E12,f31866,Plate 7,Transformant,Coum_Library1,Col570,f31866,60,E12,0.5136995557242872,0.0068831387364841025,0.08050459609236583,0.41724651335711516,1.2311656042158925
636,Coum_Library1_Col571,F1,f31866,Plate 7,Transformant,Coum_Library1,Col571,f31866,61,F1,0.48024689883258287,0.015024910305692606,0.03926873094433855,0.41724651335711516,1.1509908015014294
637,Coum_Library1_Col572,F2,f31866,Plate 7,Transformant,Coum_Library1,Col572,f31866,62,F2,0.29426056331061506,0.005129324553160631,0.047353814960807816,0.41724651335711516,0.7052439119096048
638,Coum_Library1_Col573,F3,f31866,Plate 7,Transformant,Coum_Library1,Col573,f31866,63,F3,0.6594183257424044,0.0034974211963323763,0.05270710696157188,0.41724651335711516,1.5804046400215643
639,SHK0066,F4,f31866,Plate 7,Control,nan,,f31866,64,F4,0.3861222021646418,0.002540455073508559,0.04934048564829066,0.41724651335711516,0.9254054612894165
640,Coum_Library1_Col574,F5,f31866,Plate 7,Transformant,Coum_Library1,Col574,f31866,65,F5,0.21232658181632907,0.006607361144210506,0.0058407818518740025,0.41724651335711516,0.5088756287211965
641,Coum_Library1_Col575,F6,f31866,Plate 7,Transformant,Coum_Library1,Col575,f31866,66,F6,0.47451325457649424,0.004758923761816526,0.04984215393496684,0.41724651335711516,1.1372491785698047
642,Coum_Library1_Col576,F7,f31866,Plate 7,Transformant,Coum_Library1,Col576,f31866,67,F7,0.45520421852072307,0.0033171066202934097,0.08745354919049829,0.41724651335711516,1.0909718929900811
644,Coum_Library1_Col578,F9,f31866,Plate 7,Transformant,Coum_Library1,Col578,f31866,69,F9,0.48504057957820024,0.09877546330097427,0.03514796217701378,0.41724651335711516,1.1624796470451537
645,Coum_Library1_Col579,F10,f31866,Plate 7,Transformant,Coum_Library1,Col579,f31866,70,F10,0.4045042651553656,0.005745108809173945,0.06748962363590137,0.41724651335711516,0.9694611032235428
646,Coum_Library1_Col580,F11,f31866,Plate 7,Transformant,Coum_Library1,Col580,f31866,71,F11,0.4646319066550753,0.0020798167860095547,0.062172203809701294,0.41724651335711516,1.1135669005756406
647,Coum_Library1_Col581,F12,f31866,Plate 7,Transformant,Coum_Library1,Col581,f31866,72,F12,0.3656025334192704,0.001737837802159442,0.031486185303151205,0.41724651335711516,0.8762266950481539
648,SHK0046,G1,f31866,Plate 7,Control,nan,,f31866,73,G1,0.3009955780815597,0.004961643748054181,0.02967965833771365,0.41724651335711516,0.7213854842303787
649,Coum_Library1_Col582,G2,f31866,Plate 7,Transformant,Coum_Library1,Col582,f31866,74,G2,0.35025933208294824,-0.0004862208263136404,0.04216016797701101,0.41724651335711516,0.8394541856438867
650,Coum_Library1_Col583,G3,f31866,Plate 7,Transformant,Coum_Library1,Col583,f31866,75,G3,0.42994515708911907,0.0008776036331439409,0.05849522778189912,0.41724651335711516,1.0304343914819853
651,Coum_Library1_Col584,G4,f31866,Plate 7,Transformant,Coum_Library1,Col584,f31866,76,G4,0.4467601177384855,0.004724902179723196,0.053181584386492155,0.41724651335711516,1.070734214514838
652,Coum_Library1_Col585,G5,f31866,Plate 7,Transformant,Coum_Library1,Col585,f31866,77,G5,0.4680978090341027,0.004395074362092031,0.07895905102693684,0.41724651335711516,1.1218735065461523
653,Coum_Library1_Col586,G6,f31866,Plate 7,Transformant,Coum_Library1,Col586,f31866,78,G6,0.4432068767172639,0.00421438655736546,0.052990406152000694,0.41724651335711516,1.0622182871014902
654,SHK0058,G7,f31866,Plate 7,Control,nan,,f31866,79,G7,0.38275001280869064,-0.00024611877631182746,0.050938180525115395,0.41724651335711516,0.9173234540155415
655,Coum_Library1_Col587,G8,f31866,Plate 7,Transformant,Coum_Library1,Col587,f31866,80,G8,0.8854552373131025,0.0018472632435674989,0.05965266222113754,0.41724651335711516,2.1221393324268583
656,Coum_Library1_Col588,G9,f31866,Plate 7,Transformant,Coum_Library1,Col588,f31866,81,G9,0.4660499331812608,0.004384985373658379,0.06596057321296427,0.41724651335711516,1.1169654347294102
657,Coum_Library1_Col589,G10,f31866,Plate 7,Transformant,Coum_Library1,Col589,f31866,82,G10,0.4971454428822686,0.002622622930610324,0.05395374936246988,0.41724651335711516,1.191490945921384
658,Coum_Library1_Col590,G11,f31866,Plate 7,Transformant,Coum_Library1,Col590,f31866,83,G11,0.24787295698344675,0.002881202242741424,0.05094491385707901,0.41724651335711516,0.594068372169466
659,Coum_Library1_Col591,G12,f31866,Plate 7,Transformant,Coum_Library1,Col591,f31866,84,G12,0.19722355339283631,0.0038565803840182973,0.0037722434734576435,0.41724651335711516,0.47267873326489745
660,Coum_Library1_Col592,H1,f31866,Plate 7,Transformant,Coum_Library1,Col592,f31866,85,H1,0.4637618271579488,0.0032153649036078405,0.07672049613950757,0.41724651335711516,1.1114816117373325
661,Coum_Library1_Col593,H2,f31866,Plate 7,Transformant,Coum_Library1,Col593,f31866,86,H2,1.1470174548046792,0.00966599687452828,0.042764330080783605,0.41724651335711516,2.7490162723611875
662,Coum_Library1_Col594,H3,f31866,Plate 7,Transformant,Coum_Library1,Col594,f31866,87,H3,0.519950396504786,0.001937600122981175,0.06153060141610066,0.41724651335711516,1.2461467738132257
663,Coum_Library1_Col595,H4,f31866,Plate 7,Transformant,Coum_Library1,Col595,f31866,88,H4,0.3823811849667209,0.006079951594616612,0.08300863717721589,0.41724651335711516,0.9164394973372647
664,Coum_Library1_Col596,H5,f31866,Plate 7,Transformant,Coum_Library1,Col596,f31866,89,H5,0.31811904868277757,3.111215600771147e-06,0.0552081265970004,0.41724651335711516,0.7624247021820028
665,Coum_Library1_Col597,H6,f31866,Plate 7,Transformant,Coum_Library1,Col597,f31866,90,H6,0.28248088059769616,0.005975791489355504,0.006463120661799656,0.41724651335711516,0.677011961885287
667,Coum_Library1_Col599,H8,f31866,Plate 7,Transformant,Coum_Library1,Col599,f31866,92,H8,0.8742024138804828,0.014472733535265608,0.03305395903723785,0.41724651335711516,2.0951700874544295
669,SHK0046,H10,f31866,Plate 7,Control,nan,,f31866,94,H10,0.23067342551158193,0.08744490673467425,0.022236375722225893,0.41724651335711516,0.5528468618122446
670,Coum_Library1_Col601,H11,f31866,Plate 7,Transformant,Coum_Library1,Col601,f31866,95,H11,0.2834581753069278,0.24320796013970053,0.01911289905028986,0.41724651335711516,0.6793542096403814
671,Coum_Library1_Col602,H12,f31866,Plate 7,Transformant,Coum_Library1,Col602,f31866,96,H12,0.4628775618561195,0.0049642373928882435,0.046639342764441594,0.41724651335711516,1.1093623242813042
672,Coum_Library1_Col603,A1,f31867,Plate 8,Transformant,Coum_Library1,Col603,f31867,1,A1,0.7772160544891996,0.06982750642417887,0.06379288021814793,0.420449069168868,1.8485379359397291
673,SHK0058,A2,f31867,Plate 8,Control,nan,,f31867,2,A2,0.42919801742278096,0.004965624039631615,0.05768004788390091,0.420449069168868,1.0208085803857472
674,Coum_Library1_Col604,A3,f31867,Plate 8,Transformant,Coum_Library1,Col604,f31867,3,A3,0.4684142847612534,0.0019100295391800612,0.046124373678389466,0.420449069168868,1.1140809175465693
675,Coum_Library1_Col605,A4,f31867,Plate 8,Transformant,Coum_Library1,Col605,f31867,4,A4,0.39334049824869394,0.0037805164269758365,0.06296465098195245,0.420449069168868,0.9355247212848835
676,Coum_Library1_Col606,A5,f31867,Plate 8,Transformant,Coum_Library1,Col606,f31867,5,A5,0.42861234538759124,0.004837334794123126,0.056102943538402665,0.420449069168868,1.0194156125374714
677,Coum_Library1_Col607,A6,f31867,Plate 8,Transformant,Coum_Library1,Col607,f31867,6,A6,0.45576706034801767,0.001253360047272527,0.06430200023867497,0.420449069168868,1.084000640669666
678,Coum_Library1_Col608,A7,f31867,Plate 8,Transformant,Coum_Library1,Col608,f31867,7,A7,0.45500018731003816,0.0030103897883724026,0.04461745375699566,0.420449069168868,1.0821767026609665
679,Coum_Library1_Col609,A8,f31867,Plate 8,Transformant,Coum_Library1,Col609,f31867,8,A8,0.41464633915662735,0.013106752149387195,0.021561829105659947,0.420449069168868,0.9861987326462363
680,Coum_Library1_Col610,A9,f31867,Plate 8,Transformant,Coum_Library1,Col610,f31867,9,A9,0.4038269461442862,0.0008716454073978606,0.05977531694224312,0.420449069168868,0.9604657870751386
681,Coum_Library1_Col611,A10,f31867,Plate 8,Transformant,Coum_Library1,Col611,f31867,10,A10,0.3606344364637973,0.0017609660040479448,0.1358100029485454,0.420449069168868,0.8577363179247594
682,Coum_Library1_Col612,A11,f31867,Plate 8,Transformant,Coum_Library1,Col612,f31867,11,A11,0.7853647986756369,0.005006675651336936,0.07467170301191706,0.420449069168868,1.8679189853556442
683,SHK0066,A12,f31867,Plate 8,Control,nan,,f31867,12,A12,0.4165865300246866,0.0022747012672632554,0.05804789799072088,0.420449069168868,0.990813300760026
684,Coum_Library1_Col613,B1,f31867,Plate 8,Transformant,Coum_Library1,Col613,f31867,13,B1,0.41669123000865005,0.002171646814997888,0.06421902531175036,0.420449069168868,0.9910623201814994
685,Coum_Library1_Col614,B2,f31867,Plate 8,Transformant,Coum_Library1,Col614,f31867,14,B2,1.0200114709198842,0.002518954510795786,0.04713194689992174,0.420449069168868,2.42600482606898
686,Coum_Library1_Col615,B3,f31867,Plate 8,Transformant,Coum_Library1,Col615,f31867,15,B3,0.22233395809668108,0.0029927608951131235,0.017074340442879043,0.420449069168868,0.5288011661821125
688,SHK0046,B5,f31867,Plate 8,Control,nan,,f31867,17,B5,0.30370410989536695,0.006601727601947937,0.024377529936523475,0.420449069168868,0.7223326965516199
689,Coum_Library1_Col617,B6,f31867,Plate 8,Transformant,Coum_Library1,Col617,f31867,18,B6,0.44311138628055663,0.006462232436587211,0.06530021994740111,0.420449069168868,1.0539002670560953
690,Coum_Library1_Col618,B7,f31867,Plate 8,Transformant,Coum_Library1,Col618,f31867,19,B7,0.35311232850009566,-0.0006860918075909548,0.058884210331277886,0.420449069168868,0.8398456659640566
691,Coum_Library1_Col619,B8,f31867,Plate 8,Transformant,Coum_Library1,Col619,f31867,20,B8,0.4295758066178121,-0.0023420085811578875,0.09967262442530321,0.420449069168868,1.0217071177419552
692,SHK0066,B9,f31867,Plate 8,Control,nan,,f31867,21,B9,0.4219984242266626,0.0010813556106321804,0.06268801628882366,0.420449069168868,1.003685000565841
693,Coum_Library1_Col620,B10,f31867,Plate 8,Transformant,Coum_Library1,Col620,f31867,22,B10,0.18414633076082182,0.0010438409060925969,0.06199978924174859,0.420449069168868,0.43797535602787074
694,Coum_Library1_Col621,B11,f31867,Plate 8,Transformant,Coum_Library1,Col621,f31867,23,B11,0.5065324074152524,0.004848208774971015,0.05367672464538241,0.420449069168868,1.2047414171151611
695,Coum_Library1_Col622,B12,f31867,Plate 8,Transformant,Coum_Library1,Col622,f31867,24,B12,0.2295328949629509,0.003856987728846702,0.0032519278022481134,0.420449069168868,0.545923184980966
696,Coum_Library1_Col623,C1,f31867,Plate 8,Transformant,Coum_Library1,Col623,f31867,25,C1,0.3861364534346232,0.0021208281941425956,0.0670171820405696,0.420449069168868,0.9183905536951884
697,Coum_Library1_Col624,C2,f31867,Plate 8,Transformant,Coum_Library1,Col624,f31867,26,C2,0.417803413556715,0.0005698180943552602,0.07647759956493785,0.420449069168868,0.9937075479382489
698,Coum_Library1_Col625,C3,f31867,Plate 8,Transformant,Coum_Library1,Col625,f31867,27,C3,0.29911415597759927,0.0022089128666444727,0.05971725068377251,0.420449069168868,0.7114159072081663
699,Coum_Library1_Col626,C4,f31867,Plate 8,Transformant,Coum_Library1,Col626,f31867,28,C4,0.17564503110307106,0.002403707524991694,0.04975303776043206,0.420449069168868,0.4177557853803346
700,Coum_Library1_Col627,C5,f31867,Plate 8,Transformant,Coum_Library1,Col627,f31867,29,C5,0.4198853302398987,0.002841725894858816,0.05269203113731421,0.420449069168868,0.9986591980567738
701,Coum_Library1_Col628,C6,f31867,Plate 8,Transformant,Coum_Library1,Col628,f31867,30,C6,0.48726710380209926,0.005272740952406474,0.06375514085255728,0.420449069168868,1.1589206387477924
702,Coum_Library1_Col629,C7,f31867,Plate 8,Transformant,Coum_Library1,Col629,f31867,31,C7,0.5270601898946041,0.0041216490018803915,0.048659424610209175,0.420449069168868,1.253564887030151
703,Coum_Library1_Col630,C8,f31867,Plate 8,Transformant,Coum_Library1,Col630,f31867,32,C8,0.486532585078907,0.00036545042900806683,0.05173983986011522,0.420449069168868,1.1571736525441025
704,Coum_Library1_Col631,C9,f31867,Plate 8,Transformant,Coum_Library1,Col631,f31867,33,C9,0.21617597074647232,-4.4145630840624535e-05,0.053774186383323076,0.420449069168868,0.5141549514517965
706,Coum_Library1_Col633,C11,f31867,Plate 8,Transformant,Coum_Library1,Col633,f31867,35,C11,0.33209032781179926,0.018381808249127326,0.09178136650788393,0.420449069168868,0.7898467428368106
707,Coum_Library1_Col634,C12,f31867,Plate 8,Transformant,Coum_Library1,Col634,f31867,36,C12,0.3828985863705236,-0.00037956512590755126,0.04721770516842315,0.420449069168868,0.9106895803751615
708,Coum_Library1_Col635,D1,f31867,Plate 8,Transformant,Coum_Library1,Col635,f31867,37,D1,0.38895715314052515,0.002017056086016039,0.07599044243519223,0.420449069168868,0.9250993322672941
709,Coum_Library1_Col636,D2,f31867,Plate 8,Transformant,Coum_Library1,Col636,f31867,38,D2,0.30937217749179247,0.0036435148936819466,0.05746451724177709,0.420449069168868,0.7358136815556537
710,Coum_Library1_Col637,D3,f31867,Plate 8,Transformant,Coum_Library1,Col637,f31867,39,D3,0.2592649452831036,0.0016933181586196,0.04812204339433471,0.420449069168868,0.6166381716473088
711,Coum_Library1_Col638,D4,f31867,Plate 8,Transformant,Coum_Library1,Col638,f31867,40,D4,0.333986177101834,-0.0005856726631137521,0.07610384240275624,0.420449069168868,0.7943558485265494
712,Coum_Library1_Col639,D5,f31867,Plate 8,Transformant,Coum_Library1,Col639,f31867,41,D5,0.4677273037902758,0.002753264937993625,0.039759272730012146,0.420449069168868,1.1124469955775287
713,Coum_Library1_Col640,D6,f31867,Plate 8,Transformant,Coum_Library1,Col640,f31867,42,D6,0.43647673695446726,0.0036697653293032225,0.04337717604032021,0.420449069168868,1.0381203550225055
714,Coum_Library1_Col641,D7,f31867,Plate 8,Transformant,Coum_Library1,Col641,f31867,43,D7,0.2995714137322276,0.0021744028969506598,0.049262969485905354,0.420449069168868,0.7125034533300598
715,Coum_Library1_Col642,D8,f31867,Plate 8,Transformant,Coum_Library1,Col642,f31867,44,D8,0.24138308620504334,0.0013935638477729384,0.08258342704565204,0.420449069168868,0.5741077907062625
716,Coum_Library1_Col643,D9,f31867,Plate 8,Transformant,Coum_Library1,Col643,f31867,45,D9,0.6975705933967443,0.0026896229782669722,0.04885645200306031,0.420449069168868,1.659108426082813
717,Coum_Library1_Col644,D10,f31867,Plate 8,Transformant,Coum_Library1,Col644,f31867,46,D10,0.3779946172011341,0.0020519272660077777,0.0544957730347456,0.420449069168868,0.8990259342191989
718,Coum_Library1_Col645,D11,f31867,Plate 8,Transformant,Coum_Library1,Col645,f31867,47,D11,0.40450819966819807,0.0015109219488022324,0.06312387080480084,0.420449069168868,0.9620860868304897
719,Coum_Library1_Col646,D12,f31867,Plate 8,Transformant,Coum_Library1,Col646,f31867,48,D12,0.5383446048826042,0.008927715092184962,0.04142186064283564,0.420449069168868,1.2804038452190862
720,Coum_Library1_Col647,E1,f31867,Plate 8,Transformant,Coum_Library1,Col647,f31867,49,E1,0.42620186573089225,0.002174411309128032,0.05178258350559748,0.420449069168868,1.0136825051685718
721,Coum_Library1_Col648,E2,f31867,Plate 8,Transformant,Coum_Library1,Col648,f31867,50,E2,0.5082575395996881,0.0027729904183397863,0.06255860037875323,0.420449069168868,1.208844487643646
722,Coum_Library1_Col649,E3,f31867,Plate 8,Transformant,Coum_Library1,Col649,f31867,51,E3,0.277286175199586,0.0012103739259765984,0.05344092005485007,0.420449069168868,0.6595000334944672
723,Coum_Library1_Col650,E4,f31867,Plate 8,Transformant,Coum_Library1,Col650,f31867,52,E4,0.41315086668220735,0.0028856430254757316,0.0645982660099727,0.420449069168868,0.9826418869208403
724,Coum_Library1_Col651,E5,f31867,Plate 8,Transformant,Coum_Library1,Col651,f31867,53,E5,0.3920953956640889,0.007393562586312978,0.030451173617844683,0.420449069168868,0.9325633576479838
725,Coum_Library1_Col652,E6,f31867,Plate 8,Transformant,Coum_Library1,Col652,f31867,54,E6,0.3442702448380735,0.004311481492167238,0.0939665345151685,0.420449069168868,0.8188155714522507
726,Coum_Library1_Col653,E7,f31867,Plate 8,Transformant,Coum_Library1,Col653,f31867,55,E7,0.3846296617606851,0.0039740021903918385,0.06769217244945114,0.420449069168868,0.9148067862797515
729,Coum_Library1_Col655,E10,f31867,Plate 8,Transformant,Coum_Library1,Col655,f31867,58,E10,0.36300735730400707,0.04806507833943671,0.07923489864524455,0.420449069168868,0.8633800950531058
730,SHK0058,E11,f31867,Plate 8,Control,nan,,f31867,59,E11,0.43206821996476913,-0.00035783271668344353,0.06012818783303412,0.420449069168868,1.0276350969663688
731,Coum_Library1_Col656,E12,f31867,Plate 8,Transformant,Coum_Library1,Col656,f31867,60,E12,0.3605166910359393,0.004297149674817636,0.06420527385280662,0.420449069168868,0.8574562710974689
732,Coum_Library1_Col657,F1,f31867,Plate 8,Transformant,Coum_Library1,Col657,f31867,61,F1,0.43507344286365746,0.004231598266962324,0.046353710973784774,0.420449069168868,1.0347827472271458
733,Coum_Library1_Col658,F2,f31867,Plate 8,Transformant,Coum_Library1,Col658,f31867,62,F2,0.29807029114495226,0.005498050052869429,0.021554720749336204,0.420449069168868,0.7089331693233839
734,Coum_Library1_Col659,F3,f31867,Plate 8,Transformant,Coum_Library1,Col659,f31867,63,F3,0.42213674207984025,0.0034327182050527287,0.053003477333137566,0.420449069168868,1.0040139770419956
735,SHK0066,F4,f31867,Plate 8,Control,nan,,f31867,64,F4,0.41889971411107335,0.001661364985569398,0.05673016019388829,0.420449069168868,0.9963149994341589
736,Coum_Library1_Col660,F5,f31867,Plate 8,Transformant,Coum_Library1,Col660,f31867,65,F5,0.4532286724315143,0.0033083098467238227,0.07717941187966612,0.420449069168868,1.0779633150988874
737,Coum_Library1_Col661,F6,f31867,Plate 8,Transformant,Coum_Library1,Col661,f31867,66,F6,0.4322715155139729,0.004516486547726396,0.10095968502295939,0.420449069168868,1.028118617002709
738,Coum_Library1_Col662,F7,f31867,Plate 8,Transformant,Coum_Library1,Col662,f31867,67,F7,0.41308743868037995,0.0008191255981630602,0.08195546596843299,0.420449069168868,0.9824910291678364
739,Coum_Library1_Col663,F8,f31867,Plate 8,Transformant,Coum_Library1,Col663,f31867,68,F8,0.42723210366618697,0.003201752433644684,0.058678999678569994,0.420449069168868,1.0161328327131929
740,Coum_Library1_Col664,F9,f31867,Plate 8,Transformant,Coum_Library1,Col664,f31867,69,F9,0.4161083419478989,0.008758896279076209,0.034881058550590996,0.420449069168868,0.9896759737640763
741,Coum_Library1_Col665,F10,f31867,Plate 8,Transformant,Coum_Library1,Col665,f31867,70,F10,0.3991352256946231,0.0036459984161460114,0.07991082210622141,0.420449069168868,0.9493069552600569
742,Coum_Library1_Col666,F11,f31867,Plate 8,Transformant,Coum_Library1,Col666,f31867,71,F11,0.4278631806158586,0.004269281151389954,0.05457690402507907,0.420449069168868,1.0176337920348988
743,Coum_Library1_Col667,F12,f31867,Plate 8,Transformant,Coum_Library1,Col667,f31867,72,F12,0.462306639329106,0.0017649400618579118,0.05147556948968299,0.420449069168868,1.0995544365051892
744,SHK0046,G1,f31867,Plate 8,Control,nan,,f31867,73,G1,0.2475795863994992,0.0008832752393695187,0.02575334917347197,0.420449069168868,0.5888456047456774
745,Coum_Library1_Col668,G2,f31867,Plate 8,Transformant,Coum_Library1,Col668,f31867,74,G2,0.5173213561296119,0.003539716682080819,0.08139136285919571,0.420449069168868,1.2304019536830904
746,Coum_Library1_Col669,G3,f31867,Plate 8,Transformant,Coum_Library1,Col669,f31867,75,G3,0.3582808796989704,0.004821698358562973,0.04744957525945457,0.420449069168868,0.8521385964944816
747,Coum_Library1_Col670,G4,f31867,Plate 8,Transformant,Coum_Library1,Col670,f31867,76,G4,0.43777126431890484,0.002510415952190582,0.04859571384378347,0.420449069168868,1.041199271018197
748,Coum_Library1_Col671,G5,f31867,Plate 8,Transformant,Coum_Library1,Col671,f31867,77,G5,0.37101273459288375,0.023684261652339427,0.025635996986734362,0.420449069168868,0.8824201592984648
749,Coum_Library1_Col672,G6,f31867,Plate 8,Transformant,Coum_Library1,Col672,f31867,78,G6,0.5663853006928331,0.007126822798582506,0.1083923349786754,0.420449069168868,1.3470960984940408
750,SHK0058,G7,f31867,Plate 8,Control,nan,,f31867,79,G7,0.36729155628936094,0.0016183305153658865,0.060137582376182205,0.420449069168868,0.8735696740045416
752,Coum_Library1_Col674,G9,f31867,Plate 8,Transformant,Coum_Library1,Col674,f31867,81,G9,0.48559697807310975,0.0546124030955816,0.06771860248489187,0.420449069168868,1.154948396087603
753,Coum_Library1_Col675,G10,f31867,Plate 8,Transformant,Coum_Library1,Col675,f31867,82,G10,0.5625960016224792,0.004036157929541416,0.06295573548530278,0.420449069168868,1.3380835941309215
754,Coum_Library1_Col676,G11,f31867,Plate 8,Transformant,Coum_Library1,Col676,f31867,83,G11,0.3015086839745696,0.006000226286456046,0.051720442899153445,0.420449069168868,0.7171110750003171
755,Coum_Library1_Col677,G12,f31867,Plate 8,Transformant,Coum_Library1,Col677,f31867,84,G12,1.0616399523104043,0.009441381007406347,0.04105941691828784,0.420449069168868,2.525014395700827
756,Coum_Library1_Col678,H1,f31867,Plate 8,Transformant,Coum_Library1,Col678,f31867,85,H1,1.2064477817745003,0.008028004533254945,0.058946751529611506,0.420449069168868,2.869426692177896
757,Coum_Library1_Col679,H2,f31867,Plate 8,Transformant,Coum_Library1,Col679,f31867,86,H2,0.8298979876423906,0.005492819519119324,0.04058849285150061,0.420449069168868,1.9738371386644045
758,Coum_Library1_Col680,H3,f31867,Plate 8,Transformant,Coum_Library1,Col680,f31867,87,H3,0.4683734887293616,0.0013184406631236603,0.05832226562480577,0.420449069168868,1.1139838878826138
759,Coum_Library1_Col681,H4,f31867,Plate 8,Transformant,Coum_Library1,Col681,f31867,88,H4,0.5313823894860623,0.003365308692188133,0.08135458025094036,0.420449069168868,1.263844846978694
760,Coum_Library1_Col682,H5,f31867,Plate 8,Transformant,Coum_Library1,Col682,f31867,89,H5,0.35911299084070775,0.007876745514203995,0.05256456509080698,0.420449069168868,0.8541176974195527
761,Coum_Library1_Col683,H6,f31867,Plate 8,Transformant,Coum_Library1,Col683,f31867,90,H6,0.393485676158365,0.004173745807950781,0.07372474231649673,0.420449069168868,0.9358700137835875
762,Coum_Library1_Col684,H7,f31867,Plate 8,Transformant,Coum_Library1,Col684,f31867,91,H7,0.42103480406329397,0.0020118436241282917,0.05189518565857564,0.420449069168868,1.0013931173532715
763,Coum_Library1_Col685,H8,f31867,Plate 8,Transformant,Coum_Library1,Col685,f31867,92,H8,0.3441915052166002,0.005094521080420392,0.050094466248135724,0.420449069168868,0.8186282963998193
764,Coum_Library1_Col686,H9,f31867,Plate 8,Transformant,Coum_Library1,Col686,f31867,93,H9,0.5984517274618812,0.004321053180424619,0.04807070767698726,0.420449069168868,1.423363187947791
765,SHK0046,H10,f31867,Plate 8,Control,nan,,f31867,94,H10,0.3008384473486453,0.0005950891075818189,0.023667210122535764,0.420449069168868,0.7155169779382182
766,Coum_Library1_Col687,H11,f31867,Plate 8,Transformant,Coum_Library1,Col687,f31867,95,H11,0.38963097306172834,0.0012660484748164827,0.05202383435182364,0.420449069168868,0.9267019518724111
767,Coum_Library1_Col688,H12,f31867,Plate 8,Transformant,Coum_Library1,Col688,f31867,96,H12,0.555593098796333,0.004972909302561339,0.0544340592348788,0.420449069168868,1.3214278245272704
768,Coum_Library2_Col001,A1,f31868,Plate 9,Transformant,Coum_Library2,Col001,f31868,1,A1,0.4543054601069698,0.003980681518225878,0.010348054328602101,0.31275288998873196,1.4526019571660482
769,SHK0058,A2,f31868,Plate 9,Control,nan,,f31868,2,A2,0.366987110873593,0.0016288182648618878,0.010743687332414455,0.31275288998873196,1.1734091758091028
771,Coum_Library2_Col003,A4,f31868,Plate 9,Transformant,Coum_Library2,Col003,f31868,4,A4,0.3759184113705115,0.1370406429828742,0.03430972739266384,0.31275288998873196,1.201966227663173
772,Coum_Library2_Col004,A5,f31868,Plate 9,Transformant,Coum_Library2,Col004,f31868,5,A5,0.32266221048550553,0.006146037791136367,0.016904023991752004,0.31275288998873196,1.031684185227291
774,Coum_Library2_Col006,A7,f31868,Plate 9,Transformant,Coum_Library2,Col006,f31868,7,A7,0.33174604028851684,0.1208064500970224,0.027952663472840474,0.31275288998873196,1.0607289361913463
775,Coum_Library2_Col007,A8,f31868,Plate 9,Transformant,Coum_Library2,Col007,f31868,8,A8,0.2637362371197695,0.009204756358690409,0.009011441184896017,0.31275288998873196,0.8432735413868487
776,Coum_Library2_Col008,A9,f31868,Plate 9,Transformant,Coum_Library2,Col008,f31868,9,A9,0.37493609740873757,0.0033530126916500396,0.021147132309052304,0.31275288998873196,1.1988253647224363
777,Coum_Library2_Col009,A10,f31868,Plate 9,Transformant,Coum_Library2,Col009,f31868,10,A10,0.43458663385718804,0.015565672449854375,0.016408576385842914,0.31275288998873196,1.38955273562091
778,Coum_Library2_Col010,A11,f31868,Plate 9,Transformant,Coum_Library2,Col010,f31868,11,A11,0.4158185037153267,0.002832528912137709,0.03474341823327239,0.31275288998873196,1.3295432816953603
779,SHK0066,A12,f31868,Plate 9,Control,nan,,f31868,12,A12,0.33052655282562793,0.0031342768548243876,0.012007355505661305,0.31275288998873196,1.0568297317333706
780,Coum_Library2_Col011,B1,f31868,Plate 9,Transformant,Coum_Library2,Col011,f31868,13,B1,0.42181291774457547,-0.00021837362424107426,0.01119397240438021,0.31275288998873196,1.348709896045318
781,Coum_Library2_Col012,B2,f31868,Plate 9,Transformant,Coum_Library2,Col012,f31868,14,B2,0.37921921149917015,-0.00022929933439888798,0.02508328717327264,0.31275288998873196,1.2125202472560137
782,Coum_Library2_Col013,B3,f31868,Plate 9,Transformant,Coum_Library2,Col013,f31868,15,B3,0.39752063327235054,-0.0008711839194534674,0.012995760236798016,0.31275288998873196,1.2710374420094812
784,SHK0046,B5,f31868,Plate 9,Control,nan,,f31868,17,B5,0.17864649659909643,0.161160243068959,0.007157546095819676,0.31275288998873196,0.5712065413865011
786,Coum_Library2_Col016,B7,f31868,Plate 9,Transformant,Coum_Library2,Col016,f31868,19,B7,0.42617990504386816,0.15629769873785707,0.014193878582707922,0.31275288998873196,1.3626729558253572
787,Coum_Library2_Col017,B8,f31868,Plate 9,Transformant,Coum_Library2,Col017,f31868,20,B8,0.5543720575423772,0.003973467536029629,0.02112878480137444,0.31275288998873196,1.7725561466829305
788,SHK0066,B9,f31868,Plate 9,Control,nan,,f31868,21,B9,0.1796889286324764,-0.002708356109562949,0.013310887162009614,0.31275288998873196,0.5745396266008935
789,Coum_Library2_Col018,B10,f31868,Plate 9,Transformant,Coum_Library2,Col018,f31868,22,B10,0.3025956159400243,0.00229741135909421,0.007623345157353132,0.31275288998873196,0.9675230049862255
790,Coum_Library2_Col019,B11,f31868,Plate 9,Transformant,Coum_Library2,Col019,f31868,23,B11,0.7811218466992487,0.0026825215218514676,0.02465350440549482,0.31275288998873196,2.4975687570061824
792,Coum_Library2_Col021,C1,f31868,Plate 9,Transformant,Coum_Library2,Col021,f31868,25,C1,0.44594981594355176,0.18072371346917737,0.01213877402685744,0.31275288998873196,1.4258855160686723
793,Coum_Library2_Col022,C2,f31868,Plate 9,Transformant,Coum_Library2,Col022,f31868,26,C2,0.4160709663520886,0.014177870183829957,0.05351847459334073,0.31275288998873196,1.330350508886038
795,Coum_Library2_Col024,C4,f31868,Plate 9,Transformant,Coum_Library2,Col024,f31868,28,C4,0.31049802342295413,0.20209794489315563,0.019820194723505304,0.31275288998873196,0.9927902614557484
796,Coum_Library2_Col025,C5,f31868,Plate 9,Transformant,Coum_Library2,Col025,f31868,29,C5,0.44445392439133363,0.004168070457757927,0.05061713679056564,0.31275288998873196,1.4211025337203012
797,Coum_Library2_Col026,C6,f31868,Plate 9,Transformant,Coum_Library2,Col026,f31868,30,C6,0.22265688660623528,-0.000994461801190291,0.023885473036904036,0.31275288998873196,0.7119259125447484
799,Coum_Library2_Col028,C8,f31868,Plate 9,Transformant,Coum_Library2,Col028,f31868,32,C8,0.20886188320784851,0.1942967424049477,0.01646664850337274,0.31275288998873196,0.6678175962350772
800,Coum_Library2_Col029,C9,f31868,Plate 9,Transformant,Coum_Library2,Col029,f31868,33,C9,0.35744412424647665,0.003414664637093517,0.010848212785842784,0.31275288998873196,1.1428963110759898
801,Coum_Library2_Col030,C10,f31868,Plate 9,Transformant,Coum_Library2,Col030,f31868,34,C10,0.3083302738401975,0.00012806079651195212,0.014748125077761572,0.31275288998873196,0.9858590718420098
802,Coum_Library2_Col031,C11,f31868,Plate 9,Transformant,Coum_Library2,Col031,f31868,35,C11,0.5344550378631189,0.0032194380962716393,0.004830497038276965,0.31275288998873196,1.7088732189888782
803,Coum_Library2_Col032,C12,f31868,Plate 9,Transformant,Coum_Library2,Col032,f31868,36,C12,0.3706898983461041,0.0005107776940386124,0.013812137748598258,0.31275288998873196,1.1852485147601979
804,Coum_Library2_Col033,D1,f31868,Plate 9,Transformant,Coum_Library2,Col033,f31868,37,D1,0.4157981823098216,0.0010669939619206332,0.017387701796390976,0.31275288998873196,1.3294783057793715
805,Coum_Library2_Col034,D2,f31868,Plate 9,Transformant,Coum_Library2,Col034,f31868,38,D2,1.0570167816086486,0.00499747176306389,0.026647705766111883,0.31275288998873196,3.3797186706947184
806,Coum_Library2_Col035,D3,f31868,Plate 9,Transformant,Coum_Library2,Col035,f31868,39,D3,0.33740855759357374,0.0018866072348010454,0.033515379933483844,0.31275288998873196,1.0788343398065166
807,Coum_Library2_Col036,D4,f31868,Plate 9,Transformant,Coum_Library2,Col036,f31868,40,D4,0.24695286445505857,0.14814173726965815,0.022394164322798716,0.31275288998873196,0.7896101758290897
808,Coum_Library2_Col037,D5,f31868,Plate 9,Transformant,Coum_Library2,Col037,f31868,41,D5,0.22407019675286444,0.004505421420123396,0.025819004485860567,0.31275288998873196,0.7164448480745849
809,Coum_Library2_Col038,D6,f31868,Plate 9,Transformant,Coum_Library2,Col038,f31868,42,D6,0.40131028137922997,-0.0007913907055569658,0.014218687637334927,0.31275288998873196,1.2831545102387019
810,Coum_Library2_Col039,D7,f31868,Plate 9,Transformant,Coum_Library2,Col039,f31868,43,D7,0.28046301286159886,0.00045108332020193784,0.029652163008330384,0.31275288998873196,0.8967559432358996
812,Coum_Library2_Col041,D9,f31868,Plate 9,Transformant,Coum_Library2,Col041,f31868,45,D9,0.4948981926161291,0.19616718329895058,0.04511383699561387,0.31275288998873196,1.582393667518019
813,Coum_Library2_Col042,D10,f31868,Plate 9,Transformant,Coum_Library2,Col042,f31868,46,D10,0.46472687737992396,0.009093851689223172,0.04664862132040419,0.31275288998873196,1.4859235270269362
814,Coum_Library2_Col043,D11,f31868,Plate 9,Transformant,Coum_Library2,Col043,f31868,47,D11,0.4868216255741402,0.0034065362318579507,0.04839421182429757,0.31275288998873196,1.5565695510972886
815,Coum_Library2_Col044,D12,f31868,Plate 9,Transformant,Coum_Library2,Col044,f31868,48,D12,0.3826370180911466,0.0033574109802272756,0.022639420869387403,0.31275288998873196,1.2234483847772997
816,Coum_Library2_Col045,E1,f31868,Plate 9,Transformant,Coum_Library2,Col045,f31868,49,E1,0.3178506712672414,0.0012697977707726254,0.005698451694680607,0.31275288998873196,1.0162997095844362
818,Coum_Library2_Col047,E3,f31868,Plate 9,Transformant,Coum_Library2,Col047,f31868,51,E3,0.4631228783424783,0.07880108146701428,0.04264744808206928,0.31275288998873196,1.480794880453907
819,Coum_Library2_Col048,E4,f31868,Plate 9,Transformant,Coum_Library2,Col048,f31868,52,E4,0.3445287719350693,0.0021327006382932277,0.01606024357074502,0.31275288998873196,1.1016006021478562
821,Coum_Library2_Col050,E6,f31868,Plate 9,Transformant,Coum_Library2,Col050,f31868,54,E6,0.2886871859225732,0.01291564131154197,0.06894891825618477,0.31275288998873196,0.9230520169868748
822,Coum_Library2_Col051,E7,f31868,Plate 9,Transformant,Coum_Library2,Col051,f31868,55,E7,0.47345649320036487,0.009804761893484129,0.02654041397923218,0.31275288998873196,1.5138357097752888
824,Coum_Library2_Col052,E9,f31868,Plate 9,Transformant,Coum_Library2,Col052,f31868,57,E9,0.3704668249138582,0.17867217117676473,0.05750708071670464,0.31275288998873196,1.1845352569794176
825,Coum_Library2_Col053,E10,f31868,Plate 9,Transformant,Coum_Library2,Col053,f31868,58,E10,0.7526832293836503,0.005725981970519105,0.052778698596866916,0.31275288998873196,2.4066387665059414
826,SHK0058,E11,f31868,Plate 9,Control,nan,,f31868,59,E11,0.40921083666795266,-0.0008430281179495708,0.013517378963818933,0.31275288998873196,1.3084158444793137
828,Coum_Library2_Col055,F1,f31868,Plate 9,Transformant,Coum_Library2,Col055,f31868,61,F1,0.38589775910819757,0.15424041477786915,0.005469118139450269,0.31275288998873196,1.2338743188659294
829,Coum_Library2_Col056,F2,f31868,Plate 9,Transformant,Coum_Library2,Col056,f31868,62,F2,0.44082858690665894,0.002006752749909783,0.01605932417282348,0.31275288998873196,1.4095108343284737
830,Coum_Library2_Col057,F3,f31868,Plate 9,Transformant,Coum_Library2,Col057,f31868,63,F3,0.2691157797448046,0.00851278599352913,0.025044538474415193,0.31275288998873196,0.8604741582228079
831,SHK0066,F4,f31868,Plate 9,Control,nan,,f31868,64,F4,0.29497922715183605,-8.124172412551455e-05,0.01577399911603754,0.31275288998873196,0.9431702682666298
832,Coum_Library2_Col058,F5,f31868,Plate 9,Transformant,Coum_Library2,Col058,f31868,65,F5,0.36194531166015637,0.0029634909799601066,0.04640478721089089,0.31275288998873196,1.1572884639793313
833,Coum_Library2_Col059,F6,f31868,Plate 9,Transformant,Coum_Library2,Col059,f31868,66,F6,0.5103205524561298,0.0061368190346999295,0.02318984140845934,0.31275288998873196,1.631705313656785
834,Coum_Library2_Col060,F7,f31868,Plate 9,Transformant,Coum_Library2,Col060,f31868,67,F7,0.9122292987545835,0.031173837179493877,0.030182958461213126,0.31275288998873196,2.91677336310929
835,Coum_Library2_Col061,F8,f31868,Plate 9,Transformant,Coum_Library2,Col061,f31868,68,F8,0.8790471853028493,0.0042238567990281655,0.017916581347110307,0.31275288998873196,2.8106764587675594
836,Coum_Library2_Col062,F9,f31868,Plate 9,Transformant,Coum_Library2,Col062,f31868,69,F9,0.5554249233063134,0.0011352341153386993,0.015991862395252826,0.31275288998873196,1.77592259283783
837,Coum_Library2_Col063,F10,f31868,Plate 9,Transformant,Coum_Library2,Col063,f31868,70,F10,0.5033432633989935,0.00202978862490169,0.041848813827990584,0.31275288998873196,1.6093960424062852
838,Coum_Library2_Col064,F11,f31868,Plate 9,Transformant,Coum_Library2,Col064,f31868,71,F11,0.37250678936777853,0.0010949951925839688,0.010788306777726131,0.31275288998873196,1.1910578648248444
839,Coum_Library2_Col065,F12,f31868,Plate 9,Transformant,Coum_Library2,Col065,f31868,72,F12,0.42263169895873054,-6.192002396364544e-05,0.025876342913048238,0.31275288998873196,1.3513278773345863
840,SHK0046,G1,f31868,Plate 9,Control,nan,,f31868,73,G1,0.28841864618019625,0.001073320154185593,0.0062942234327553895,0.31275288998873196,0.9221933846577327
841,Coum_Library2_Col066,G2,f31868,Plate 9,Transformant,Coum_Library2,Col066,f31868,74,G2,0.4256252872379825,0.004897702627992659,0.010748696462558093,0.31275288998873196,1.3608996139198495
842,Coum_Library2_Col067,G3,f31868,Plate 9,Transformant,Coum_Library2,Col067,f31868,75,G3,0.47276401786102323,0.0017665297309155791,0.03857496486702983,0.31275288998873196,1.5116215804690285
843,Coum_Library2_Col068,G4,f31868,Plate 9,Transformant,Coum_Library2,Col068,f31868,76,G4,0.457265085770634,-0.0007395130859628392,0.008794789172721139,0.31275288998873196,1.4620651012596835
844,Coum_Library2_Col069,G5,f31868,Plate 9,Transformant,Coum_Library2,Col069,f31868,77,G5,0.5576647642496277,0.0069526097961462455,0.06804047047276035,0.31275288998873196,1.7830842882689897
845,Coum_Library2_Col070,G6,f31868,Plate 9,Transformant,Coum_Library2,Col070,f31868,78,G6,0.1599436250905235,-0.001705918858884389,0.02710398853908695,0.31275288998873196,0.5114057462307896
846,SHK0058,G7,f31868,Plate 9,Control,nan,,f31868,79,G7,0.26508091009429574,0.0026146653240677847,0.013352726382638408,0.31275288998873196,0.8475730155646083
847,Coum_Library2_Col071,G8,f31868,Plate 9,Transformant,Coum_Library2,Col071,f31868,80,G8,0.26862372530240974,0.0017109010821229468,0.026164714685074343,0.31275288998873196,0.8589008571977956
848,Coum_Library2_Col072,G9,f31868,Plate 9,Transformant,Coum_Library2,Col072,f31868,81,G9,0.4921201884576085,0.003728208822645431,0.02536302897150118,0.31275288998873196,1.5735112422952795
849,Coum_Library2_Col073,G10,f31868,Plate 9,Transformant,Coum_Library2,Col073,f31868,82,G10,0.558914466503431,0.0035987340556129523,0.027878122945882645,0.31275288998873196,1.7870801018771334
850,Coum_Library2_Col074,G11,f31868,Plate 9,Transformant,Coum_Library2,Col074,f31868,83,G11,0.2611201845122593,0.0037110286556467534,0.004519584658859893,0.31275288998873196,0.8349089420777762
851,Coum_Library2_Col075,G12,f31868,Plate 9,Transformant,Coum_Library2,Col075,f31868,84,G12,0.33838833568135934,1.6631567017995444e-06,0.03940856827682766,0.31275288998873196,1.0819670945120634
853,Coum_Library2_Col077,H2,f31868,Plate 9,Transformant,Coum_Library2,Col077,f31868,86,H2,0.7662798780507135,0.11325950274890174,0.013295410641969005,0.31275288998873196,2.4501128609181566
854,Coum_Library2_Col078,H3,f31868,Plate 9,Transformant,Coum_Library2,Col078,f31868,87,H3,0.5104952305236732,0.003859323507301462,0.02295319987130697,0.31275288998873196,1.6322638314935014
856,Coum_Library2_Col080,H5,f31868,Plate 9,Transformant,Coum_Library2,Col080,f31868,89,H5,0.43784353697987444,0.1242910869478237,0.013426142012374898,0.31275288998873196,1.3999663983781232
858,Coum_Library2_Col082,H7,f31868,Plate 9,Transformant,Coum_Library2,Col082,f31868,91,H7,0.4770127258255003,0.17562838948433127,0.026848347186179494,0.31275288998873196,1.525206452425384
859,Coum_Library2_Col083,H8,f31868,Plate 9,Transformant,Coum_Library2,Col083,f31868,92,H8,0.8205465573647617,0.005869150161156729,0.03860670839196991,0.31275288998873196,2.623625819714487
860,Coum_Library2_Col084,H9,f31868,Plate 9,Transformant,Coum_Library2,Col084,f31868,93,H9,0.40221842498147875,-0.0002700242386174937,0.012188320588060153,0.31275288998873196,1.2860582199447306
861,SHK0046,H10,f31868,Plate 9,Control,nan,,f31868,94,H10,0.2778902831560438,0.0009167443862924559,0.004326631498170949,0.31275288998873196,0.8885298651150939
862,Coum_Library2_Col085,H11,f31868,Plate 9,Transformant,Coum_Library2,Col085,f31868,95,H11,0.2325811039071384,0.35467884837225744,0.019816434825426797,0.31275288998873196,0.7436577289997799
863,Coum_Library2_Col086,H12,f31868,Plate 9,Transformant,Coum_Library2,Col086,f31868,96,H12,0.48726988313206254,0.003547230218640924,0.022157981515460185,0.31275288998873196,1.558002815416408
864,Coum_Library2_Col087,A1,f31869,Plate 10,Transformant,Coum_Library2,Col087,f31869,1,A1,0.4350600550549004,0.004699515297901451,0.011000518928355907,0.35770665652139166,1.2162481383090584
865,SHK0058,A2,f31869,Plate 10,Control,nan,,f31869,2,A2,0.37552097970789605,0.0029155707890734274,0.011267724427223163,0.35770665652139166,1.0498014863903966
866,Coum_Library2_Col088,A3,f31869,Plate 10,Transformant,Coum_Library2,Col088,f31869,3,A3,0.457530099833001,0.001999993214609175,0.028358332118705695,0.35770665652139166,1.279065098431121
867,Coum_Library2_Col089,A4,f31869,Plate 10,Transformant,Coum_Library2,Col089,f31869,4,A4,0.37328005518745305,0.001613391879501202,0.02766989674922776,0.35770665652139166,1.0435367874266273
868,Coum_Library2_Col090,A5,f31869,Plate 10,Transformant,Coum_Library2,Col090,f31869,5,A5,0.3902287200402876,0.0014281877358716907,0.008674928920436793,0.35770665652139166,1.0909182508236355
870,Coum_Library2_Col092,A7,f31869,Plate 10,Transformant,Coum_Library2,Col092,f31869,7,A7,0.37893675475729743,0.09821172889808455,0.014374280631454857,0.35770665652139166,1.0593505819611053
871,Coum_Library2_Col093,A8,f31869,Plate 10,Transformant,Coum_Library2,Col093,f31869,8,A8,0.33619259733011086,0.0033167460226896537,0.01937752734912447,0.35770665652139166,0.939855580546083
872,Coum_Library2_Col094,A9,f31869,Plate 10,Transformant,Coum_Library2,Col094,f31869,9,A9,0.37807605663425936,0.004417840403895086,0.010590181319911797,0.35770665652139166,1.0569444256669838
873,Coum_Library2_Col095,A10,f31869,Plate 10,Transformant,Coum_Library2,Col095,f31869,10,A10,0.3753640389570288,-0.0017935368639287277,0.02196781739287706,0.35770665652139166,1.0493627449020682
874,Coum_Library2_Col096,A11,f31869,Plate 10,Transformant,Coum_Library2,Col096,f31869,11,A11,0.416835604590664,-0.00017309914503356162,0.010456788198496545,0.35770665652139166,1.165300105523019
875,SHK0066,A12,f31869,Plate 10,Control,nan,,f31869,12,A12,0.3825484769494342,0.00048330013178366534,0.005122455973302073,0.35770665652139166,1.0694474647735748
877,Coum_Library2_Col098,B2,f31869,Plate 10,Transformant,Coum_Library2,Col098,f31869,14,B2,0.8579435413509929,0.2347025009007967,0.028505094203742216,0.35770665652139166,2.398455621973269
878,Coum_Library2_Col099,B3,f31869,Plate 10,Transformant,Coum_Library2,Col099,f31869,15,B3,0.5414307519645373,0.03539580061555755,0.01114763730794421,0.35770665652139166,1.5136166523424999
880,SHK0046,B5,f31869,Plate 10,Control,nan,,f31869,17,B5,0.2725613243309645,0.1902573419127821,0.004258148572060096,0.35770665652139166,0.7619688349709667
881,Coum_Library2_Col101,B6,f31869,Plate 10,Transformant,Coum_Library2,Col101,f31869,18,B6,0.5918511643375982,0.016057494596893082,0.012731682769646967,0.35770665652139166,1.6545712906022039
884,SHK0066,B9,f31869,Plate 10,Control,nan,,f31869,21,B9,0.3648558631085372,0.20796182584855094,0.010240677826805645,0.35770665652139166,1.01998622742073
885,Coum_Library2_Col104,B10,f31869,Plate 10,Transformant,Coum_Library2,Col104,f31869,22,B10,0.429793027294298,0.009314722742342024,0.06167104203366143,0.35770665652139166,1.2015237051329388
886,Coum_Library2_Col105,B11,f31869,Plate 10,Transformant,Coum_Library2,Col105,f31869,23,B11,0.448808692853997,0.0018959924440621364,0.009883557249741394,0.35770665652139166,1.2546836483797925
887,Coum_Library2_Col106,B12,f31869,Plate 10,Transformant,Coum_Library2,Col106,f31869,24,B12,0.4194136022142727,0.002412807371285278,0.025886163391707982,0.35770665652139166,1.172507121597808
888,Coum_Library2_Col107,C1,f31869,Plate 10,Transformant,Coum_Library2,Col107,f31869,25,C1,0.43480417848706376,3.735166720006677e-06,0.022916772909745385,0.35770665652139166,1.2155328131587664
890,Coum_Library2_Col109,C3,f31869,Plate 10,Transformant,Coum_Library2,Col109,f31869,27,C3,0.21274504577172298,0.2207522530361738,0.005637917348826686,0.35770665652139166,0.5947472374168702
891,Coum_Library2_Col110,C4,f31869,Plate 10,Transformant,Coum_Library2,Col110,f31869,28,C4,0.5236926590794593,0.008773752585663236,0.09220462699052445,0.35770665652139166,1.464028274374987
892,Coum_Library2_Col111,C5,f31869,Plate 10,Transformant,Coum_Library2,Col111,f31869,29,C5,0.6728784993763551,0.0047328779299930885,0.02643026556981882,0.35770665652139166,1.8810902372349771
894,Coum_Library2_Col113,C7,f31869,Plate 10,Transformant,Coum_Library2,Col113,f31869,31,C7,0.4379731580854697,0.014186311173247314,0.03228440695319495,0.35770665652139166,1.2243919706293693
895,Coum_Library2_Col114,C8,f31869,Plate 10,Transformant,Coum_Library2,Col114,f31869,32,C8,0.32581381003042975,-7.93755321824242e-05,0.007715323331062419,0.35770665652139166,0.9108407799812508
896,Coum_Library2_Col115,C9,f31869,Plate 10,Transformant,Coum_Library2,Col115,f31869,33,C9,0.3692103136186011,-0.0003741367983235644,0.012851859056052815,0.35770665652139166,1.0321594716997433
897,Coum_Library2_Col116,C10,f31869,Plate 10,Transformant,Coum_Library2,Col116,f31869,34,C10,0.23720993545971786,0.002887051302477538,0.055956931924289736,0.35770665652139166,0.6631409595966861
898,Coum_Library2_Col117,C11,f31869,Plate 10,Transformant,Coum_Library2,Col117,f31869,35,C11,0.428357252956354,-0.000363089420015377,0.019216972055308902,0.35770665652139166,1.1975098733750773
899,Coum_Library2_Col118,C12,f31869,Plate 10,Transformant,Coum_Library2,Col118,f31869,36,C12,0.4487185403747666,-0.003284417914511526,0.027195776036339922,0.35770665652139166,1.2544316193006944
900,Coum_Library2_Col119,D1,f31869,Plate 10,Transformant,Coum_Library2,Col119,f31869,37,D1,0.3396031988411463,0.011131329059113923,0.004228563585476756,0.35770665652139166,0.9493902130413312
902,Coum_Library2_Col121,D3,f31869,Plate 10,Transformant,Coum_Library2,Col121,f31869,39,D3,0.58524391999895,0.18578152802795156,0.01997727773283335,0.35770665652139166,1.6361001656784966
904,Coum_Library2_Col123,D5,f31869,Plate 10,Transformant,Coum_Library2,Col123,f31869,41,D5,0.30710864442481123,0.35306388961091967,0.002660521334344336,0.35770665652139166,0.8585488663011376
907,Coum_Library2_Col126,D8,f31869,Plate 10,Transformant,Coum_Library2,Col126,f31869,44,D8,0.470426092658767,0.198342504023811,0.011147803106591338,0.35770665652139166,1.3151169654865913
908,Coum_Library2_Col127,D9,f31869,Plate 10,Transformant,Coum_Library2,Col127,f31869,45,D9,0.33220782044591013,0.004655317906923853,0.04491805870153614,0.35770665652139166,0.9287157909683555
909,Coum_Library2_Col128,D10,f31869,Plate 10,Transformant,Coum_Library2,Col128,f31869,46,D10,0.4576535933142582,0.006240374509831578,0.02823606663210638,0.35770665652139166,1.279410335174709
910,Coum_Library2_Col129,D11,f31869,Plate 10,Transformant,Coum_Library2,Col129,f31869,47,D11,0.38422198810001035,4.5001577611928846e-05,0.017301390365006032,0.35770665652139166,1.0741259104218905
911,Coum_Library2_Col130,D12,f31869,Plate 10,Transformant,Coum_Library2,Col130,f31869,48,D12,0.4648979308366445,0.006599009750178808,0.03067391229330264,0.35770665652139166,1.2996625093803436
913,Coum_Library2_Col132,E2,f31869,Plate 10,Transformant,Coum_Library2,Col132,f31869,50,E2,0.38500515342326835,0.17935046762240245,0.003204894622748896,0.35770665652139166,1.0763153170459498
914,Coum_Library2_Col133,E3,f31869,Plate 10,Transformant,Coum_Library2,Col133,f31869,51,E3,0.3339543201047646,-0.0001771819301765781,0.026030657019031823,0.35770665652139166,0.9335982823254881
915,Coum_Library2_Col134,E4,f31869,Plate 10,Transformant,Coum_Library2,Col134,f31869,52,E4,0.5269686699000743,0.000787301770535377,0.014018674356718525,0.35770665652139166,1.4731866469154185
916,Coum_Library2_Col135,E5,f31869,Plate 10,Transformant,Coum_Library2,Col135,f31869,53,E5,0.3529057241033477,0.018135183190071815,0.010669712574459513,0.35770665652139166,0.9865785768016401
918,Coum_Library2_Col137,E7,f31869,Plate 10,Transformant,Coum_Library2,Col137,f31869,55,E7,0.28172358009562565,0.017093007886303604,0.020493205441444052,0.35770665652139166,0.7875827160593472
920,Coum_Library2_Col138,E9,f31869,Plate 10,Transformant,Coum_Library2,Col138,f31869,57,E9,0.44888882814422,0.16557322992199308,0.015421596361717,0.35770665652139166,1.2549076735377314
921,Coum_Library2_Col139,E10,f31869,Plate 10,Transformant,Coum_Library2,Col139,f31869,58,E10,0.40834947418135176,0.0014130993544819617,0.017302435266588145,0.35770665652139166,1.1415763915395059
922,SHK0058,E11,f31869,Plate 10,Control,nan,,f31869,59,E11,0.3505574499342462,0.002073376011337955,0.010948615046593706,0.35770665652139166,0.98001377257927
923,Coum_Library2_Col140,E12,f31869,Plate 10,Transformant,Coum_Library2,Col140,f31869,60,E12,0.6554085287098046,0.0008404336259985443,0.01933947684123256,0.35770665652139166,1.8322514181969374
924,Coum_Library2_Col141,F1,f31869,Plate 10,Transformant,Coum_Library2,Col141,f31869,61,F1,0.5350229433488755,0.0005737998666837654,0.00923839912628746,0.35770665652139166,1.4957030672893834
925,Coum_Library2_Col142,F2,f31869,Plate 10,Transformant,Coum_Library2,Col142,f31869,62,F2,0.4497061246267467,0.0028847179999732346,0.06355955533140085,0.35770665652139166,1.2571924967794197
926,Coum_Library2_Col143,F3,f31869,Plate 10,Transformant,Coum_Library2,Col143,f31869,63,F3,0.26920941383047975,-0.00024391607385112191,0.014514531961580854,0.35770665652139166,0.7525982782889041
927,SHK0066,F4,f31869,Plate 10,Control,nan,,f31869,64,F4,0.3051432511723968,0.00013176204184118907,0.013012299210904528,0.35770665652139166,0.8530544389076767
928,Coum_Library2_Col144,F5,f31869,Plate 10,Transformant,Coum_Library2,Col144,f31869,65,F5,0.3538245642385005,0.0012571571304712174,0.011486844638070655,0.35770665652139166,0.9891472741361775
929,Coum_Library2_Col145,F6,f31869,Plate 10,Transformant,Coum_Library2,Col145,f31869,66,F6,0.3390768105769331,0.003415016899547014,0.012862439621818711,0.35770665652139166,0.9479186489688809
930,Coum_Library2_Col146,F7,f31869,Plate 10,Transformant,Coum_Library2,Col146,f31869,67,F7,0.2093911237884644,0.006182346007910528,0.004814295731753976,0.35770665652139166,0.5853710574601575
932,Coum_Library2_Col148,F9,f31869,Plate 10,Transformant,Coum_Library2,Col148,f31869,69,F9,0.41445931637585676,0.10014489399016747,0.006878151511983972,0.35770665652139166,1.1586569856048266
933,Coum_Library2_Col149,F10,f31869,Plate 10,Transformant,Coum_Library2,Col149,f31869,70,F10,0.4520234164275025,0.0017878902408138598,0.07240533489687732,0.35770665652139166,1.2636706871024372
934,Coum_Library2_Col150,F11,f31869,Plate 10,Transformant,Coum_Library2,Col150,f31869,71,F11,0.38245730076975915,0.0015140121812860575,0.011928197192535343,0.35770665652139166,1.069192573851047
935,Coum_Library2_Col151,F12,f31869,Plate 10,Transformant,Coum_Library2,Col151,f31869,72,F12,0.7462843385493172,0.001463869962953716,0.013793901935931222,0.35770665652139166,2.0863026307834103
936,SHK0046,G1,f31869,Plate 10,Control,nan,,f31869,73,G1,0.3251094464192193,-0.0004766073023217662,0.006159785867691052,0.35770665652139166,0.9088716703816134
937,Coum_Library2_Col152,G2,f31869,Plate 10,Transformant,Coum_Library2,Col152,f31869,74,G2,0.5123805595004269,-0.00178714454445262,0.014526897931828566,0.35770665652139166,1.4324043183406217
938,Coum_Library2_Col153,G3,f31869,Plate 10,Transformant,Coum_Library2,Col153,f31869,75,G3,0.39991299331277513,0.003593465332705065,0.047137312636877246,0.35770665652139166,1.117991477155694
939,Coum_Library2_Col154,G4,f31869,Plate 10,Transformant,Coum_Library2,Col154,f31869,76,G4,0.7747016890992041,0.0040496449092575545,0.020197965655795274,0.35770665652139166,2.1657458002962136
941,Coum_Library2_Col156,G6,f31869,Plate 10,Transformant,Coum_Library2,Col156,f31869,78,G6,0.4747439774042715,0.02430503770735963,0.02524724082945979,0.35770665652139166,1.3271879869976104
942,SHK0058,G7,f31869,Plate 10,Control,nan,,f31869,79,G7,0.34325994600835263,0.0030543383625235743,0.009718887357592135,0.35770665652139166,0.9596129670788637
943,Coum_Library2_Col157,G8,f31869,Plate 10,Transformant,Coum_Library2,Col157,f31869,80,G8,0.5745577327227986,0.004992913618630387,0.052377289198740414,0.35770665652139166,1.6062260018033485
945,Coum_Library2_Col159,G10,f31869,Plate 10,Transformant,Coum_Library2,Col159,f31869,82,G10,0.4156214783841516,0.1445445145671979,0.01806096494631259,0.35770665652139166,1.161905910351144
946,Coum_Library2_Col160,G11,f31869,Plate 10,Transformant,Coum_Library2,Col160,f31869,83,G11,0.5282757424482996,0.008954610529111692,0.04820519926421714,0.35770665652139166,1.476840681651412
947,Coum_Library2_Col161,G12,f31869,Plate 10,Transformant,Coum_Library2,Col161,f31869,84,G12,0.5525532803125616,0.0013451477246169362,0.031007423761686786,0.35770665652139166,1.544710645549638
948,Coum_Library2_Col162,H1,f31869,Plate 10,Transformant,Coum_Library2,Col162,f31869,85,H1,0.39836826487642935,0.0036449411603674048,0.035703307159661586,0.35770665652139166,1.113673054760741
949,Coum_Library2_Col163,H2,f31869,Plate 10,Transformant,Coum_Library2,Col163,f31869,86,H2,0.2628391112104563,0.010082109606966061,0.0029825760468007233,0.35770665652139166,0.7347895445013557
950,Coum_Library2_Col164,H3,f31869,Plate 10,Transformant,Coum_Library2,Col164,f31869,87,H3,0.44205896061964467,-0.0015026701258480054,0.016446240733854617,0.35770665652139166,1.2358141861785805
951,Coum_Library2_Col165,H4,f31869,Plate 10,Transformant,Coum_Library2,Col165,f31869,88,H4,0.45938544747534,0.0011127301466208202,0.024308437287374567,0.35770665652139166,1.2842518837718853
954,Coum_Library2_Col168,H7,f31869,Plate 10,Transformant,Coum_Library2,Col168,f31869,91,H7,1.0523499798912697,0.19894386096644784,0.015241411229254586,0.35770665652139166,2.941935691454869
955,Coum_Library2_Col169,H8,f31869,Plate 10,Transformant,Coum_Library2,Col169,f31869,92,H8,0.5960557866869225,0.0066272374399221025,0.012859167809783857,0.35770665652139166,1.6663256772558188
956,Coum_Library2_Col170,H9,f31869,Plate 10,Transformant,Coum_Library2,Col170,f31869,93,H9,0.5279786004348844,0.0013754220385330076,0.01773653271686113,0.35770665652139166,1.476009995367
957,SHK0046,H10,f31869,Plate 10,Control,nan,,f31869,94,H10,0.26346295592638114,0.0003963344793588667,0.004538067762306137,0.35770665652139166,0.7365335565418125
958,Coum_Library2_Col171,H11,f31869,Plate 10,Transformant,Coum_Library2,Col171,f31869,95,H11,0.5089582179124681,0.004858321345809728,0.01382712027755372,0.35770665652139166,1.4228368654415333
959,Coum_Library2_Col172,H12,f31869,Plate 10,Transformant,Coum_Library2,Col172,f31869,96,H12,0.39580228266576467,0.0011744789622108007,0.007674624068452297,0.35770665652139166,1.1064996288155313
960,Coum_Library2_Col173,A1,f31870,Plate 11,Transformant,Coum_Library2,Col173,f31870,1,A1,0.42705188782920334,0.0020702508069538445,0.04568046123307169,0.42554994842347815,1.0035294080313941
961,SHK0058,A2,f31870,Plate 11,Control,nan,,f31870,2,A2,0.4254455008421096,0.0017478337454160703,0.05798624239943175,0.42554994842347815,0.9997545585852953
962,Coum_Library2_Col174,A3,f31870,Plate 11,Transformant,Coum_Library2,Col174,f31870,3,A3,0.5672502178587651,-0.0001684496687509487,0.06876001546803649,0.42554994842347815,1.3329815218172145
964,Coum_Library2_Col176,A5,f31870,Plate 11,Transformant,Coum_Library2,Col176,f31870,5,A5,0.5209539164798169,0.13634362247408743,0.061441295414523964,0.42554994842347815,1.224189824037763
965,Coum_Library2_Col177,A6,f31870,Plate 11,Transformant,Coum_Library2,Col177,f31870,6,A6,0.4969282522917836,0.003517587692136499,0.04572561598920793,0.42554994842347815,1.1677319058144373
966,Coum_Library2_Col178,A7,f31870,Plate 11,Transformant,Coum_Library2,Col178,f31870,7,A7,0.42820338152078113,0.005169580690446472,0.04539411508526055,0.42554994842347815,1.0062353035340106
968,Coum_Library2_Col180,A9,f31870,Plate 11,Transformant,Coum_Library2,Col180,f31870,9,A9,0.5198174292841933,0.4716390176237992,0.07173073104894558,0.42554994842347815,1.2215191923062028
969,Coum_Library2_Col181,A10,f31870,Plate 11,Transformant,Coum_Library2,Col181,f31870,10,A10,0.5522556941276708,0.005413295493300137,0.08505456760083065,0.42554994842347815,1.2977458842930085
970,Coum_Library2_Col182,A11,f31870,Plate 11,Transformant,Coum_Library2,Col182,f31870,11,A11,0.6670264901398982,0.002625716616671427,0.06380802511062553,0.42554994842347815,1.567445825363182
971,SHK0066,A12,f31870,Plate 11,Control,nan,,f31870,12,A12,0.4256543960048468,-0.001073502173421205,0.061497744907109776,0.42554994842347815,1.0002454414147048
972,Coum_Library2_Col183,B1,f31870,Plate 11,Transformant,Coum_Library2,Col183,f31870,13,B1,0.42130345581799894,0.0010808454890759583,0.05804955117690056,0.42554994842347815,0.990021165268117
973,Coum_Library2_Col184,B2,f31870,Plate 11,Transformant,Coum_Library2,Col184,f31870,14,B2,0.5008045016438258,0.0037521223459678807,0.08577057798184891,0.42554994842347815,1.1768407057717687
974,Coum_Library2_Col185,B3,f31870,Plate 11,Transformant,Coum_Library2,Col185,f31870,15,B3,0.4955929761669637,0.0021258834974022126,0.08601289478835078,0.42554994842347815,1.1645941398958495
975,Coum_Library2_Col186,B4,f31870,Plate 11,Transformant,Coum_Library2,Col186,f31870,16,B4,0.25520137537985327,0.008340662754431627,0.009039215006383924,0.42554994842347815,0.599697817671674
976,SHK0046,B5,f31870,Plate 11,Control,nan,,f31870,17,B5,0.3033565012344377,6.602904027334458e-05,0.028352755473205375,0.42554994842347815,0.7128575678560725
977,Coum_Library2_Col187,B6,f31870,Plate 11,Transformant,Coum_Library2,Col187,f31870,18,B6,0.721269605554779,0.003847904823542905,0.05544181914524308,0.42554994842347815,1.694911744736063
978,Coum_Library2_Col188,B7,f31870,Plate 11,Transformant,Coum_Library2,Col188,f31870,19,B7,0.46250396806837757,0.004314618905398203,0.053441314998059486,0.42554994842347815,1.086838266064423
980,SHK0066,B9,f31870,Plate 11,Control,nan,,f31870,21,B9,0.41250583842229777,0.14197694310847495,0.05022270269677873,0.42554994842347815,0.9693476405072906
981,Coum_Library2_Col190,B10,f31870,Plate 11,Transformant,Coum_Library2,Col190,f31870,22,B10,0.45497382373518763,0.0033559942587668983,0.05600484104069097,0.42554994842347815,1.0691431767779909
982,Coum_Library2_Col191,B11,f31870,Plate 11,Transformant,Coum_Library2,Col191,f31870,23,B11,0.5740374074064777,0.009929321543266971,0.07124099748936907,0.42554994842347815,1.3489307413456315
983,Coum_Library2_Col192,B12,f31870,Plate 11,Transformant,Coum_Library2,Col192,f31870,24,B12,0.4207385636822442,0.0038396053333121403,0.059901869581094586,0.42554994842347815,0.9886937250044124
984,Coum_Library2_Col193,C1,f31870,Plate 11,Transformant,Coum_Library2,Col193,f31870,25,C1,0.4736577112958286,0.002033022454987209,0.05974289991420474,0.42554994842347815,1.113048451892836
985,Coum_Library2_Col194,C2,f31870,Plate 11,Transformant,Coum_Library2,Col194,f31870,26,C2,0.27912614854745993,0.003060776792813553,0.006241185802023624,0.42554994842347815,0.6559186520443253
986,Coum_Library2_Col195,C3,f31870,Plate 11,Transformant,Coum_Library2,Col195,f31870,27,C3,0.42085669090765676,0.0028110071287479753,0.05429313598841818,0.42554994842347815,0.9889713122203202
988,Coum_Library2_Col197,C5,f31870,Plate 11,Transformant,Coum_Library2,Col197,f31870,29,C5,0.4433894116764401,0.1713296945248751,0.03184085560422728,0.42554994842347815,1.0419209620845948
989,Coum_Library2_Col198,C6,f31870,Plate 11,Transformant,Coum_Library2,Col198,f31870,30,C6,0.5983893661619984,0.012207959535917984,0.06561684011510423,0.42554994842347815,1.406155419308199
990,Coum_Library2_Col199,C7,f31870,Plate 11,Transformant,Coum_Library2,Col199,f31870,31,C7,0.29707822533903366,0.005352405168722096,0.00810295460890912,0.42554994842347815,0.6981042447299318
991,Coum_Library2_Col200,C8,f31870,Plate 11,Transformant,Coum_Library2,Col200,f31870,32,C8,0.4608965436901465,0.0016974722084046987,0.0610171564111147,0.42554994842347815,1.0830609788524608
992,Coum_Library2_Col201,C9,f31870,Plate 11,Transformant,Coum_Library2,Col201,f31870,33,C9,0.4347091174815533,0.004970675884257939,0.06140417233415595,0.42554994842347815,1.02152313516194
994,Coum_Library2_Col203,C11,f31870,Plate 11,Transformant,Coum_Library2,Col203,f31870,35,C11,0.5614083157956816,0.10290777312095892,0.11709104887189122,0.42554994842347815,1.3192536337403253
995,Coum_Library2_Col204,C12,f31870,Plate 11,Transformant,Coum_Library2,Col204,f31870,36,C12,0.8563850934661591,0.0024226107264049496,0.06972530327235088,0.42554994842347815,2.0124196857238092
996,Coum_Library2_Col205,D1,f31870,Plate 11,Transformant,Coum_Library2,Col205,f31870,37,D1,0.5688910933402933,0.0011853050633348825,0.07489715059960815,0.42554994842347815,1.336837415790665
998,Coum_Library2_Col207,D3,f31870,Plate 11,Transformant,Coum_Library2,Col207,f31870,39,D3,0.6717507364209806,0.13577895057353379,0.09260529180696815,0.42554994842347815,1.5785473336551794
999,Coum_Library2_Col208,D4,f31870,Plate 11,Transformant,Coum_Library2,Col208,f31870,40,D4,0.4719936015057393,0.004285663455636074,0.05064061168476756,0.42554994842347815,1.109137959608078
1000,Coum_Library2_Col209,D5,f31870,Plate 11,Transformant,Coum_Library2,Col209,f31870,41,D5,0.9840169865108338,0.00977760638540378,0.0446571791455693,0.42554994842347815,2.3123419240356893
1001,Coum_Library2_Col210,D6,f31870,Plate 11,Transformant,Coum_Library2,Col210,f31870,42,D6,0.4636295828037119,0.0007176852717528581,0.0716900588616211,0.42554994842347815,1.0894833485970477
1002,Coum_Library2_Col211,D7,f31870,Plate 11,Transformant,Coum_Library2,Col211,f31870,43,D7,0.48002987627912735,0.003716211320625772,0.06996331851570219,0.42554994842347815,1.1280224050254954
1003,Coum_Library2_Col212,D8,f31870,Plate 11,Transformant,Coum_Library2,Col212,f31870,44,D8,0.4128305796822807,0.0029532753027783406,0.04338544579861458,0.42554994842347815,0.9701107501285842
1005,Coum_Library2_Col214,D10,f31870,Plate 11,Transformant,Coum_Library2,Col214,f31870,46,D10,0.44193861448066185,0.1444630853974593,0.04849117629160534,0.42554994842347815,1.0385117331535305
1006,Coum_Library2_Col215,D11,f31870,Plate 11,Transformant,Coum_Library2,Col215,f31870,47,D11,0.45644989982627515,0.002453300541149435,0.043152558686716455,0.42554994842347815,1.0726118085956093
1007,Coum_Library2_Col216,D12,f31870,Plate 11,Transformant,Coum_Library2,Col216,f31870,48,D12,0.46574399858470034,0.00031203765069092137,0.05561538031423372,0.42554994842347815,1.0944520151162698
1009,Coum_Library2_Col218,E2,f31870,Plate 11,Transformant,Coum_Library2,Col218,f31870,50,E2,0.4854392874703739,0.13657456521149605,0.0496875116455083,0.42554994842347815,1.1407339826235814
1011,Coum_Library2_Col220,E4,f31870,Plate 11,Transformant,Coum_Library2,Col220,f31870,52,E4,0.3629516066298046,0.1328758592081344,0.037781277825904486,0.42554994842347815,0.8529001307000983
1012,Coum_Library2_Col221,E5,f31870,Plate 11,Transformant,Coum_Library2,Col221,f31870,53,E5,0.4401383395514725,0.01131397044697684,0.03759990222108581,0.42554994842347815,1.0342812663520218
1014,Coum_Library2_Col223,E7,f31870,Plate 11,Transformant,Coum_Library2,Col223,f31870,55,E7,0.4679462665673097,0.1755852570169367,0.035582988817676596,0.42554994842347815,1.0996271255604562
1016,Coum_Library2_Col224,E9,f31870,Plate 11,Transformant,Coum_Library2,Col224,f31870,57,E9,0.4249560377980361,0.15462953621896577,0.038773168044825015,0.42554994842347815,0.998604369175364
1017,Coum_Library2_Col225,E10,f31870,Plate 11,Transformant,Coum_Library2,Col225,f31870,58,E10,0.5451434199579311,0.22094255952756658,0.06631288203221576,0.42554994842347815,1.2810327482766881
1018,SHK0058,E11,f31870,Plate 11,Control,nan,,f31870,59,E11,0.4313695636895813,0.0016731300166955248,0.054614982252914904,0.42554994842347815,1.0136755163234372
1019,Coum_Library2_Col226,E12,f31870,Plate 11,Transformant,Coum_Library2,Col226,f31870,60,E12,0.3724291859429307,0.005108737049982921,0.006519148329434871,0.42554994842347815,0.8751714982522208
1020,Coum_Library2_Col227,F1,f31870,Plate 11,Transformant,Coum_Library2,Col227,f31870,61,F1,0.4601444551304919,0.003942026401093384,0.06128525601097949,0.42554994842347815,1.081293645634725
1021,Coum_Library2_Col228,F2,f31870,Plate 11,Transformant,Coum_Library2,Col228,f31870,62,F2,0.4521852963009966,0.004666940460280618,0.07848536818335627,0.42554994842347815,1.062590415005791
1023,SHK0066,F4,f31870,Plate 11,Control,nan,,f31870,64,F4,0.4241122752346598,0.15074028254760052,0.06162264801224496,0.42554994842347815,0.9966216111783247
1024,Coum_Library2_Col230,F5,f31870,Plate 11,Transformant,Coum_Library2,Col230,f31870,65,F5,0.5065411078252205,0.0019010772088230603,0.0736207256877334,0.42554994842347815,1.1903211590126797
1026,Coum_Library2_Col232,F7,f31870,Plate 11,Transformant,Coum_Library2,Col232,f31870,67,F7,0.6996036189181549,0.09910657390487862,0.07218517743179975,0.42554994842347815,1.6439988337678222
1027,Coum_Library2_Col233,F8,f31870,Plate 11,Transformant,Coum_Library2,Col233,f31870,68,F8,0.5200631474675702,0.025368281508517037,0.05765434273922536,0.42554994842347815,1.2220966055670603
1030,Coum_Library2_Col236,F11,f31870,Plate 11,Transformant,Coum_Library2,Col236,f31870,71,F11,0.441195253428453,0.12449675308833072,0.051866168832815265,0.42554994842347815,1.036764908709155
1031,Coum_Library2_Col237,F12,f31870,Plate 11,Transformant,Coum_Library2,Col237,f31870,72,F12,0.4671903208423483,0.0034624898447256527,0.06423325342472624,0.42554994842347815,1.097850728388369
1032,SHK0046,G1,f31870,Plate 11,Control,nan,,f31870,73,G1,0.30141645623049373,0.0025033789048597294,0.02796638573823377,0.42554994842347815,0.7082986552980256
1033,Coum_Library2_Col238,G2,f31870,Plate 11,Transformant,Coum_Library2,Col238,f31870,74,G2,0.5421122009104883,0.0017007809014680287,0.051145278122256235,0.42554994842347815,1.2739096853820209
1034,Coum_Library2_Col239,G3,f31870,Plate 11,Transformant,Coum_Library2,Col239,f31870,75,G3,0.5245262179064171,-0.00015539731467142083,0.05207434413174843,0.42554994842347815,1.2325843766392484
1035,Coum_Library2_Col240,G4,f31870,Plate 11,Transformant,Coum_Library2,Col240,f31870,76,G4,0.7673245187086827,0.003243757210755878,0.0558509033372603,0.42554994842347815,1.8031362042255352
1036,Coum_Library2_Col241,G5,f31870,Plate 11,Transformant,Coum_Library2,Col241,f31870,77,G5,0.4845498138367586,0.001305117994942437,0.070189455567294,0.42554994842347815,1.1386438081636607
1037,Coum_Library2_Col242,G6,f31870,Plate 11,Transformant,Coum_Library2,Col242,f31870,78,G6,0.4419245860439537,0.004485227014707458,0.06748866403861878,0.42554994842347815,1.0384787677243015
1038,SHK0058,G7,f31870,Plate 11,Control,nan,,f31870,79,G7,0.430266796014533,0.0009220928772989387,0.06229829419145694,0.42554994842347815,1.0110841221072384
1039,Coum_Library2_Col243,G8,f31870,Plate 11,Transformant,Coum_Library2,Col243,f31870,80,G8,0.45116293586551093,0.002949576188400347,0.06754664848997881,0.42554994842347815,1.060187969795133
1040,Coum_Library2_Col244,G9,f31870,Plate 11,Transformant,Coum_Library2,Col244,f31870,81,G9,0.2611149877426043,0.0026050494141952687,0.004710509673375991,0.42554994842347815,0.6135942178114436
1041,Coum_Library2_Col245,G10,f31870,Plate 11,Transformant,Coum_Library2,Col245,f31870,82,G10,0.42825964529757005,0.0021663168323047093,0.05526808964786247,0.42554994842347815,1.0063675178063831
1044,Coum_Library2_Col248,H1,f31870,Plate 11,Transformant,Coum_Library2,Col248,f31870,85,H1,0.43370985342753093,0.0865056532774,0.06416836338286486,0.42554994842347815,1.019174964147646
1046,Coum_Library2_Col250,H3,f31870,Plate 11,Transformant,Coum_Library2,Col250,f31870,87,H3,0.6431336288572207,0.06205663552698083,0.051480609530095436,0.42554994842347815,1.5112999807421388
1050,Coum_Library2_Col254,H7,f31870,Plate 11,Transformant,Coum_Library2,Col254,f31870,91,H7,0.41304881308464203,0.040053855937022306,0.06776179650293981,0.42554994842347815,0.970623576891153
1051,Coum_Library2_Col255,H8,f31870,Plate 11,Transformant,Coum_Library2,Col255,f31870,92,H8,0.9475368099387401,0.004632898309220941,0.05824977030177283,0.42554994842347815,2.226617142004248
1053,SHK0046,H10,f31870,Plate 11,Control,nan,,f31870,94,H10,0.24412916112246497,0.06718805907399501,0.030794926224096304,0.42554994842347815,0.5736792168037683
1054,Coum_Library2_Col257,H11,f31870,Plate 11,Transformant,Coum_Library2,Col257,f31870,95,H11,0.5017781271568064,0.005354493241576525,0.08619407182553361,0.42554994842347815,1.179128628767853
1055,Coum_Library2_Col258,H12,f31870,Plate 11,Transformant,Coum_Library2,Col258,f31870,96,H12,0.485634962303578,0.0010047760534992395,0.03986829083667757,0.42554994842347815,1.1411937989951473
1056,Coum_Library2_Col259,A1,f31871,Plate 12,Transformant,Coum_Library2,Col259,f31871,1,A1,0.23761303365528022,0.009774989074300227,0.006641805561181431,0.44265913032419973,0.5367855701547475
1057,SHK0058,A2,f31871,Plate 12,Control,nan,,f31871,2,A2,0.43880770701800537,0.027181480965955865,0.05567257476689693,0.44265913032419973,0.9912993474157562
1058,Coum_Library2_Col260,A3,f31871,Plate 12,Transformant,Coum_Library2,Col260,f31871,3,A3,0.9209503684832369,0.004117655531726633,0.04334217135164032,0.44265913032419973,2.0804955899333666
1060,Coum_Library2_Col262,A5,f31871,Plate 12,Transformant,Coum_Library2,Col262,f31871,5,A5,0.5272571457275956,0.1464596054474147,0.05129612421419858,0.44265913032419973,1.191113228233736
1061,Coum_Library2_Col263,A6,f31871,Plate 12,Transformant,Coum_Library2,Col263,f31871,6,A6,0.43512970006927465,0.02297902355227787,0.06171491222489934,0.44265913032419973,0.9829904553207552
1062,Coum_Library2_Col264,A7,f31871,Plate 12,Transformant,Coum_Library2,Col264,f31871,7,A7,1.1162955313304737,0.013008802184559675,0.027611251596811517,0.44265913032419973,2.52179488653698
1064,Coum_Library2_Col266,A9,f31871,Plate 12,Transformant,Coum_Library2,Col266,f31871,9,A9,0.3408075995465148,0.15170940694852478,0.025508711600528592,0.44265913032419973,0.7699097933367154
1065,Coum_Library2_Col267,A10,f31871,Plate 12,Transformant,Coum_Library2,Col267,f31871,10,A10,0.4507888468821506,0.006222181532962322,0.061866914591395365,0.44265913032419973,1.0183656362221576
1066,Coum_Library2_Col268,A11,f31871,Plate 12,Transformant,Coum_Library2,Col268,f31871,11,A11,0.9109687286765571,0.004160269535194381,0.05455640420305675,0.44265913032419973,2.057946320929541
1067,SHK0066,A12,f31871,Plate 12,Control,nan,,f31871,12,A12,0.44652234576408,0.0025670626657727296,0.06398891126383266,0.44265913032419973,1.0087272918939927
1068,Coum_Library2_Col269,B1,f31871,Plate 12,Transformant,Coum_Library2,Col269,f31871,13,B1,0.45065357246333626,0.006044822475012709,0.04502302000263166,0.44265913032419973,1.018060041217904
1069,Coum_Library2_Col270,B2,f31871,Plate 12,Transformant,Coum_Library2,Col270,f31871,14,B2,0.5368004352224431,0.0006635338274090019,0.05631185114408025,0.44265913032419973,1.2126722311799942
1070,Coum_Library2_Col271,B3,f31871,Plate 12,Transformant,Coum_Library2,Col271,f31871,15,B3,0.49881661183496395,0.005888269320470419,0.040167401637626284,0.44265913032419973,1.1268639403634009
1072,SHK0046,B5,f31871,Plate 12,Control,nan,,f31871,17,B5,0.2525112255339523,0.14449910813342925,0.03263329399868889,0.44265913032419973,0.5704416970887175
1073,Coum_Library2_Col273,B6,f31871,Plate 12,Transformant,Coum_Library2,Col273,f31871,18,B6,0.4518041329457812,0.0014904481344211941,0.048517873323437245,0.44265913032419973,1.020659243185346
1074,Coum_Library2_Col274,B7,f31871,Plate 12,Transformant,Coum_Library2,Col274,f31871,19,B7,0.3989543784325564,0.00398185539713778,0.07187264775200802,0.44265913032419973,0.901267704882458
1075,Coum_Library2_Col275,B8,f31871,Plate 12,Transformant,Coum_Library2,Col275,f31871,20,B8,0.5411173381048318,0.009464690417863337,0.04567354604505312,0.44265913032419973,1.2224244368539785
1076,SHK0066,B9,f31871,Plate 12,Control,nan,,f31871,21,B9,0.34275488302305723,0.0035304866899153174,0.0658140321288342,0.44265913032419973,0.7743088519873667
1077,Coum_Library2_Col276,B10,f31871,Plate 12,Transformant,Coum_Library2,Col276,f31871,22,B10,0.30962233780230153,0.008317456122224287,0.044372718237397524,0.44265913032419973,0.6994599604791543
1079,Coum_Library2_Col278,B12,f31871,Plate 12,Transformant,Coum_Library2,Col278,f31871,24,B12,0.8029168850408335,0.19573018421437569,0.04825590286209493,0.44265913032419973,1.8138491449454213
1080,Coum_Library2_Col279,C1,f31871,Plate 12,Transformant,Coum_Library2,Col279,f31871,25,C1,0.9751434577824629,0.01148178905929816,0.05908075206129502,0.44265913032419973,2.202921821737363
1081,Coum_Library2_Col280,C2,f31871,Plate 12,Transformant,Coum_Library2,Col280,f31871,26,C2,0.4903854117647777,0.013957297971859366,0.06228864089863976,0.44265913032419973,1.1078172303949172
1082,Coum_Library2_Col281,C3,f31871,Plate 12,Transformant,Coum_Library2,Col281,f31871,27,C3,0.47489342767870696,0.013393340407827524,0.06285109358373592,0.44265913032419973,1.0728196825645482
1083,Coum_Library2_Col282,C4,f31871,Plate 12,Transformant,Coum_Library2,Col282,f31871,28,C4,0.44879915434695794,0.0078100633633991536,0.05455908878678155,0.44265913032419973,1.0138707723440863
1084,Coum_Library2_Col283,C5,f31871,Plate 12,Transformant,Coum_Library2,Col283,f31871,29,C5,0.513966921994166,0.0004771483090926639,0.05477713924160283,0.44265913032419973,1.1610896213023802
1086,Coum_Library2_Col285,C7,f31871,Plate 12,Transformant,Coum_Library2,Col285,f31871,31,C7,0.5305639362212315,0.17851395949650414,0.06283196219265903,0.44265913032419973,1.1985835146620631
1087,Coum_Library2_Col286,C8,f31871,Plate 12,Transformant,Coum_Library2,Col286,f31871,32,C8,0.7292104271858462,0.010384870607076034,0.07341577391543011,0.44265913032419973,1.6473407577785162
1089,Coum_Library2_Col288,C10,f31871,Plate 12,Transformant,Coum_Library2,Col288,f31871,34,C10,0.3399671764912164,0.12151570266254685,0.0552899136233402,0.44265913032419973,0.7680112149550091
1090,Coum_Library2_Col289,C11,f31871,Plate 12,Transformant,Coum_Library2,Col289,f31871,35,C11,0.558461718182142,0.00843096368877959,0.048504172807794135,0.44265913032419973,1.2616066854266157
1091,Coum_Library2_Col290,C12,f31871,Plate 12,Transformant,Coum_Library2,Col290,f31871,36,C12,0.4505291830796671,0.002516826932171683,0.08152730899482624,0.44265913032419973,1.0177790363201216
1092,Coum_Library2_Col291,D1,f31871,Plate 12,Transformant,Coum_Library2,Col291,f31871,37,D1,0.5113345493646845,0.03588372078600593,0.057734302077479475,0.44265913032419973,1.1551428951441427
1094,Coum_Library2_Col293,D3,f31871,Plate 12,Transformant,Coum_Library2,Col293,f31871,39,D3,0.49030581188473277,0.20681474396768854,0.06009301660898409,0.44265913032419973,1.1076374083273444
1096,Coum_Library2_Col295,D5,f31871,Plate 12,Transformant,Coum_Library2,Col295,f31871,41,D5,0.3536318425174582,0.2086955984551309,0.0962313783270794,0.44265913032419973,0.7988807149611064
1097,Coum_Library2_Col296,D6,f31871,Plate 12,Transformant,Coum_Library2,Col296,f31871,42,D6,0.659381555366412,0.006983065761549673,0.08076392960052144,0.44265913032419973,1.4895921267533476
1098,Coum_Library2_Col297,D7,f31871,Plate 12,Transformant,Coum_Library2,Col297,f31871,43,D7,0.6171411955950545,0.004187752545770552,0.09143680162721449,0.44265913032419973,1.3941680026865495
1099,Coum_Library2_Col298,D8,f31871,Plate 12,Transformant,Coum_Library2,Col298,f31871,44,D8,0.6253947879874755,0.004352263770072961,0.03984004718534954,0.44265913032419973,1.4128134836605353
1100,Coum_Library2_Col299,D9,f31871,Plate 12,Transformant,Coum_Library2,Col299,f31871,45,D9,0.5321101108837937,0.004645200055014876,0.05618320425266493,0.44265913032419973,1.2020764385771978
1101,Coum_Library2_Col300,D10,f31871,Plate 12,Transformant,Coum_Library2,Col300,f31871,46,D10,0.5110491150603027,0.004140010533609861,0.06165414994252511,0.44265913032419973,1.1544980777557095
1102,Coum_Library2_Col301,D11,f31871,Plate 12,Transformant,Coum_Library2,Col301,f31871,47,D11,0.4837859889603674,0.0031592476764957422,0.05762093373381602,0.44265913032419973,1.092908641929619
1104,Coum_Library2_Col303,E1,f31871,Plate 12,Transformant,Coum_Library2,Col303,f31871,49,E1,0.4899667384204724,0.09029928559695476,0.06444685759408829,0.44265913032419973,1.1068714160749942
1105,Coum_Library2_Col304,E2,f31871,Plate 12,Transformant,Coum_Library2,Col304,f31871,50,E2,0.4848794772750388,0.007079546536678919,0.08223546155857889,0.44265913032419973,1.09537891361219
1106,Coum_Library2_Col305,E3,f31871,Plate 12,Transformant,Coum_Library2,Col305,f31871,51,E3,0.5633225738919215,0.0066096674993358084,0.05432967582320188,0.44265913032419973,1.272587721119293
1107,Coum_Library2_Col306,E4,f31871,Plate 12,Transformant,Coum_Library2,Col306,f31871,52,E4,0.7641160639313576,0.008522171142742197,0.06416442413203803,0.44265913032419973,1.726195195322698
1108,Coum_Library2_Col307,E5,f31871,Plate 12,Transformant,Coum_Library2,Col307,f31871,53,E5,0.24251872310388692,0.006179199402515719,0.00561557854408718,0.44265913032419973,0.5478678886082577
1110,Coum_Library2_Col309,E7,f31871,Plate 12,Transformant,Coum_Library2,Col309,f31871,55,E7,0.5542394382735621,0.14849892162544456,0.03892956710875806,0.44265913032419973,1.2520682401098153
1112,Coum_Library2_Col310,E9,f31871,Plate 12,Transformant,Coum_Library2,Col310,f31871,57,E9,0.48517458069675434,0.19664508871911796,0.05599678371272676,0.44265913032419973,1.096045574258045
1113,Coum_Library2_Col311,E10,f31871,Plate 12,Transformant,Coum_Library2,Col311,f31871,58,E10,0.49253923097741653,0.009022076714970339,0.08048660732988694,0.44265913032419973,1.1126828686820152
1114,SHK0058,E11,f31871,Plate 12,Control,nan,,f31871,59,E11,0.4465105536303941,0.0028357493199361,0.06765444196388493,0.44265913032419973,1.008700652584244
1115,Coum_Library2_Col312,E12,f31871,Plate 12,Transformant,Coum_Library2,Col312,f31871,60,E12,0.3147889791007247,0.0019208564313794513,0.05068805540865055,0.44265913032419973,0.7111317886297205
1117,Coum_Library2_Col314,F2,f31871,Plate 12,Transformant,Coum_Library2,Col314,f31871,62,F2,0.6463970813911092,0.0879264990794309,0.04287949492955142,0.44265913032419973,1.46025923133607
1118,Coum_Library2_Col315,F3,f31871,Plate 12,Transformant,Coum_Library2,Col315,f31871,63,F3,0.24084533714586545,0.49693430130436944,0.020946275388204177,0.44265913032419973,0.5440875848860779
1119,SHK0066,F4,f31871,Plate 12,Control,nan,,f31871,64,F4,0.43754154102714843,0.006366459408774526,0.05642251688085647,0.44265913032419973,0.9884389839800588
1120,Coum_Library2_Col316,F5,f31871,Plate 12,Transformant,Coum_Library2,Col316,f31871,65,F5,0.9772094033495128,0.004163835491439323,0.06034743640651019,0.44265913032419973,2.2075889469032597
1121,Coum_Library2_Col317,F6,f31871,Plate 12,Transformant,Coum_Library2,Col317,f31871,66,F6,0.2668703011596903,0.007287069769797013,0.02493783768035091,0.44265913032419973,0.6028799201865255
1122,Coum_Library2_Col318,F7,f31871,Plate 12,Transformant,Coum_Library2,Col318,f31871,67,F7,0.21250270559037754,0.04122714769321512,0.008664064255558112,0.44265913032419973,0.4800594656993574
1124,Coum_Library2_Col320,F9,f31871,Plate 12,Transformant,Coum_Library2,Col320,f31871,69,F9,0.6398772825289997,0.22317318193384925,0.07475753890850466,0.44265913032419973,1.445530519296776
1125,Coum_Library2_Col321,F10,f31871,Plate 12,Transformant,Coum_Library2,Col321,f31871,70,F10,1.192850970435011,0.009185299646005595,0.049159742279575924,0.44265913032419973,2.69473933489495
1126,Coum_Library2_Col322,F11,f31871,Plate 12,Transformant,Coum_Library2,Col322,f31871,71,F11,0.47130254356065493,0.0012445836953563698,0.05259878519822234,0.44265913032419973,1.064707607443852
1127,Coum_Library2_Col323,F12,f31871,Plate 12,Transformant,Coum_Library2,Col323,f31871,72,F12,0.539329912435851,0.00417341721630677,0.05582249486380027,0.44265913032419973,1.2183865089168058
1128,SHK0046,G1,f31871,Plate 12,Control,nan,,f31871,73,G1,0.30324488857344506,0.000367927925058153,0.03363945794289232,0.44265913032419973,0.6850528268813774
1129,Coum_Library2_Col324,G2,f31871,Plate 12,Transformant,Coum_Library2,Col324,f31871,74,G2,0.517924731942151,0.005376185115157303,0.04476793979016237,0.44265913032419973,1.1700306092474078
1131,Coum_Library2_Col326,G4,f31871,Plate 12,Transformant,Coum_Library2,Col326,f31871,76,G4,0.5262096068021423,0.21459823640496534,0.058836625892488864,0.44265913032419973,1.1887467596494643
1132,Coum_Library2_Col327,G5,f31871,Plate 12,Transformant,Coum_Library2,Col327,f31871,77,G5,0.5206171597217814,0.002873431572333806,0.0589202938757378,0.44265913032419973,1.1761130044702475
1133,Coum_Library2_Col328,G6,f31871,Plate 12,Transformant,Coum_Library2,Col328,f31871,78,G6,0.46414794277193355,0.004773094433489947,0.05439835079109112,0.44265913032419973,1.0485448304929248
1134,SHK0058,G7,f31871,Plate 12,Control,nan,,f31871,79,G7,0.4496580465035495,0.024045321680763662,0.06047158919132508,0.44265913032419973,1.0158110738035016
1135,Coum_Library2_Col329,G8,f31871,Plate 12,Transformant,Coum_Library2,Col329,f31871,80,G8,0.481727328360465,0.004597788992174109,0.05979888759388696,0.44265913032419973,1.088257974048004
1136,Coum_Library2_Col330,G9,f31871,Plate 12,Transformant,Coum_Library2,Col330,f31871,81,G9,0.48044366013078293,0.0023982289964486034,0.0617561063295796,0.44265913032419973,1.0853580717490456
1137,Coum_Library2_Col331,G10,f31871,Plate 12,Transformant,Coum_Library2,Col331,f31871,82,G10,0.5234975895995552,0.0025720315041713633,0.05976883872394094,0.44265913032419973,1.1826201104586955
1138,Coum_Library2_Col332,G11,f31871,Plate 12,Transformant,Coum_Library2,Col332,f31871,83,G11,0.7900155864671838,0.006850477921302178,0.05983536950721232,0.44265913032419973,1.7847041489657816
1139,Coum_Library2_Col333,G12,f31871,Plate 12,Transformant,Coum_Library2,Col333,f31871,84,G12,0.18990281287922076,0.0012485197908170824,0.02420402435454532,0.44265913032419973,0.4290046219991838
1140,Coum_Library2_Col334,H1,f31871,Plate 12,Transformant,Coum_Library2,Col334,f31871,85,H1,0.5872112184867678,0.002050888487126315,0.07404967342428778,0.44265913032419973,1.326553951472094
1142,Coum_Library2_Col336,H3,f31871,Plate 12,Transformant,Coum_Library2,Col336,f31871,87,H3,0.5200544630737796,0.00759232561279718,0.05823083625435196,0.44265913032419973,1.174841830762411
1143,Coum_Library2_Col337,H4,f31871,Plate 12,Transformant,Coum_Library2,Col337,f31871,88,H4,0.38798223321408093,0.004129305800686301,0.07010413980902507,0.44265913032419973,0.8764808102567004
1144,Coum_Library2_Col338,H5,f31871,Plate 12,Transformant,Coum_Library2,Col338,f31871,89,H5,0.3164688154155461,0.04619942909371687,0.05726979030307242,0.44265913032419973,0.7149266641891405
1145,Coum_Library2_Col339,H6,f31871,Plate 12,Transformant,Coum_Library2,Col339,f31871,90,H6,0.46573016708825793,0.003587434357281007,0.05409181712969762,0.44265913032419973,1.052119193265394
1146,Coum_Library2_Col340,H7,f31871,Plate 12,Transformant,Coum_Library2,Col340,f31871,91,H7,0.6926819168580971,0.00841812486153069,0.0582995506722415,0.44265913032419973,1.5648201277375275
1147,Coum_Library2_Col341,H8,f31871,Plate 12,Transformant,Coum_Library2,Col341,f31871,92,H8,0.7650783774326314,0.0011652924713425566,0.0460791672130392,0.44265913032419973,1.7283691333155031
1148,Coum_Library2_Col342,H9,f31871,Plate 12,Transformant,Coum_Library2,Col342,f31871,93,H9,0.4887377569950149,0.005419135121476363,0.055116658584579155,0.44265913032419973,1.10409505534669
1149,SHK0046,H10,f31871,Plate 12,Control,nan,,f31871,94,H10,0.32383168092933506,-9.244357732801121e-05,0.03138812781689079,0.44265913032419973,0.7315599266915912
1150,Coum_Library2_Col343,H11,f31871,Plate 12,Transformant,Coum_Library2,Col343,f31871,95,H11,0.6230021493692854,0.005925656666975265,0.08220263523776351,0.44265913032419973,1.4074083345191684
1151,Coum_Library2_Col344,H12,f31871,Plate 12,Transformant,Coum_Library2,Col344,f31871,96,H12,0.5375727455897891,0.005036095324677942,0.05919897233866961,0.44265913032419973,1.2144169379180667
1152,Coum_Library2_Col345,A1,f31872,Plate 13,Transformant,Coum_Library2,Col345,f31872,1,A1,0.4691547598330785,0.004547632565495019,0.07643540577550985,0.4321596829822044,1.0856051091938568
1153,SHK0058,A2,f31872,Plate 13,Control,nan,,f31872,2,A2,0.45272773463162735,0.0037699740952684265,0.08074586270489223,0.4321596829822044,1.0475936383225037
1154,Coum_Library2_Col346,A3,f31872,Plate 13,Transformant,Coum_Library2,Col346,f31872,3,A3,0.5114365169591063,0.009319045586226102,0.053469185362365564,0.4321596829822044,1.1834433823855022
1155,Coum_Library2_Col347,A4,f31872,Plate 13,Transformant,Coum_Library2,Col347,f31872,4,A4,0.36259423729447826,0.01174416061036057,0.033489389590711016,0.4321596829822044,0.8390283767155792
1156,Coum_Library2_Col348,A5,f31872,Plate 13,Transformant,Coum_Library2,Col348,f31872,5,A5,0.34859488870271016,0.010529550517900978,0.03992411839194952,0.4321596829822044,0.8066344511759203
1157,Coum_Library2_Col349,A6,f31872,Plate 13,Transformant,Coum_Library2,Col349,f31872,6,A6,0.6675258419617375,0.004333258929650793,0.061381807015400976,0.4321596829822044,1.5446277573959277
1158,Coum_Library2_Col350,A7,f31872,Plate 13,Transformant,Coum_Library2,Col350,f31872,7,A7,0.4645445529392837,0.0007227100680453662,0.07681491061790569,0.4321596829822044,1.0749372771971717
1159,Coum_Library2_Col351,A8,f31872,Plate 13,Transformant,Coum_Library2,Col351,f31872,8,A8,0.5115129075056148,0.0017418345673230657,0.07019471675479126,0.4321596829822044,1.183620147015607
1161,Coum_Library2_Col353,A10,f31872,Plate 13,Transformant,Coum_Library2,Col353,f31872,10,A10,0.5488267990311727,0.16694934038454637,0.0626217873727582,0.4321596829822044,1.2699629804517707
1162,Coum_Library2_Col354,A11,f31872,Plate 13,Transformant,Coum_Library2,Col354,f31872,11,A11,0.6156231669905539,0.0017393627655073467,0.04555228521702215,0.4321596829822044,1.4245270700457824
1163,SHK0066,A12,f31872,Plate 13,Control,nan,,f31872,12,A12,0.4489267110368517,0.0009881212662045224,0.0710197421647937,0.4321596829822044,1.0387982237004227
1164,Coum_Library2_Col355,B1,f31872,Plate 13,Transformant,Coum_Library2,Col355,f31872,13,B1,0.2030049050667424,0.7502502472929958,0.027782996859935353,0.4321596829822044,0.4697451267685741
1165,Coum_Library2_Col356,B2,f31872,Plate 13,Transformant,Coum_Library2,Col356,f31872,14,B2,0.48510729060175545,0.007224951824625055,0.07798561247097079,0.4321596829822044,1.1225186191691354
1166,Coum_Library2_Col357,B3,f31872,Plate 13,Transformant,Coum_Library2,Col357,f31872,15,B3,0.4135817259310077,0.015339011432005537,0.0215808887708344,0.4321596829822044,0.9570113599607539
1167,Coum_Library2_Col358,B4,f31872,Plate 13,Transformant,Coum_Library2,Col358,f31872,16,B4,1.239669625479986,0.007818689316814151,0.04756406422071792,0.4321596829822044,2.8685452953996022
1168,SHK0046,B5,f31872,Plate 13,Control,nan,,f31872,17,B5,0.28725494508816757,0.002531386144294256,0.11792119570832747,0.4321596829822044,0.6646963064807603
1169,Coum_Library2_Col359,B6,f31872,Plate 13,Transformant,Coum_Library2,Col359,f31872,18,B6,0.3213188769274268,0.010111319797591967,0.13211820005650626,0.4321596829822044,0.743518864855929
1170,Coum_Library2_Col360,B7,f31872,Plate 13,Transformant,Coum_Library2,Col360,f31872,19,B7,0.40271713847490737,0.005837497312492103,0.10003011171445253,0.4321596829822044,0.9318711447025255
1171,Coum_Library2_Col361,B8,f31872,Plate 13,Transformant,Coum_Library2,Col361,f31872,20,B8,0.33900243320191664,0.008038003549267137,0.019832763245322342,0.4321596829822044,0.7844378977292895
1172,SHK0066,B9,f31872,Plate 13,Control,nan,,f31872,21,B9,0.32304459190894125,0.004003473532430983,0.07675434657846805,0.4321596829822044,0.7475120994159089
1173,Coum_Library2_Col362,B10,f31872,Plate 13,Transformant,Coum_Library2,Col362,f31872,22,B10,0.5019009785243297,0.0022543930982297307,0.06204280094236973,0.4321596829822044,1.1613785327239725
1174,Coum_Library2_Col363,B11,f31872,Plate 13,Transformant,Coum_Library2,Col363,f31872,23,B11,0.6120797928315147,0.006051860608215438,0.06677812127176085,0.4321596829822044,1.4163278457808361
1175,Coum_Library2_Col364,B12,f31872,Plate 13,Transformant,Coum_Library2,Col364,f31872,24,B12,0.30629532216549327,0.013577518360164902,0.0077061312238470465,0.4321596829822044,0.7087549677282273
1176,Coum_Library2_Col365,C1,f31872,Plate 13,Transformant,Coum_Library2,Col365,f31872,25,C1,0.3485109708842089,0.009235520896587739,0.037796832078899,0.4321596829822044,0.8064402687433477
1177,Coum_Library2_Col366,C2,f31872,Plate 13,Transformant,Coum_Library2,Col366,f31872,26,C2,0.28075154598098373,0.005341525520937676,0.009134814224675243,0.4321596829822044,0.6496477043938979
1178,Coum_Library2_Col367,C3,f31872,Plate 13,Transformant,Coum_Library2,Col367,f31872,27,C3,0.6710784481147437,0.002238542424973082,0.07616922449619584,0.4321596829822044,1.5528483441209335
1179,Coum_Library2_Col368,C4,f31872,Plate 13,Transformant,Coum_Library2,Col368,f31872,28,C4,0.49416826670549335,0.005507446287506802,0.0543701038563901,0.4321596829822044,1.1434853508207574
1180,Coum_Library2_Col369,C5,f31872,Plate 13,Transformant,Coum_Library2,Col369,f31872,29,C5,1.0021084792095274,0.008113852860842685,0.059322033403295456,0.4321596829822044,2.318838426329539
1181,Coum_Library2_Col370,C6,f31872,Plate 13,Transformant,Coum_Library2,Col370,f31872,30,C6,0.43188834292958156,0.005574471747600113,0.009855500820359242,0.4321596829822044,0.9993721301099853
1182,Coum_Library2_Col371,C7,f31872,Plate 13,Transformant,Coum_Library2,Col371,f31872,31,C7,0.26660743247667384,0.0034590747003729445,0.04889126728883123,0.4321596829822044,0.6169187987109206
1184,Coum_Library2_Col373,C9,f31872,Plate 13,Transformant,Coum_Library2,Col373,f31872,33,C9,0.3227507363688903,0.23364941942578615,0.07547894373549843,0.4321596829822044,0.7468321296000687
1186,Coum_Library2_Col375,C11,f31872,Plate 13,Transformant,Coum_Library2,Col375,f31872,35,C11,0.30037309096824816,0.03346842816581407,0.05773945033828277,0.4321596829822044,0.6950511646423458
1187,Coum_Library2_Col376,C12,f31872,Plate 13,Transformant,Coum_Library2,Col376,f31872,36,C12,0.4276574605622236,0.009117255743687732,0.05762325692879751,0.4321596829822044,0.9895820397013615
1188,Coum_Library2_Col377,D1,f31872,Plate 13,Transformant,Coum_Library2,Col377,f31872,37,D1,0.48938106610702264,0.003630277631624336,0.08028954753153546,0.4321596829822044,1.1324079625613168
1190,Coum_Library2_Col379,D3,f31872,Plate 13,Transformant,Coum_Library2,Col379,f31872,39,D3,0.4241720746035813,0.25859290128927737,0.050180419401853846,0.4321596829822044,0.981516997783081
1191,Coum_Library2_Col380,D4,f31872,Plate 13,Transformant,Coum_Library2,Col380,f31872,40,D4,0.49373168468725226,0.008579100482669888,0.08398167671519995,0.4321596829822044,1.1424751177161134
1192,Coum_Library2_Col381,D5,f31872,Plate 13,Transformant,Coum_Library2,Col381,f31872,41,D5,0.43744026214649423,0.003239970283802585,0.06638508672544523,0.4321596829822044,1.0122190462744005
1194,Coum_Library2_Col383,D7,f31872,Plate 13,Transformant,Coum_Library2,Col383,f31872,43,D7,0.23422027676048268,0.1054957045058504,0.09351280629051227,0.4321596829822044,0.5419762323597582
1195,Coum_Library2_Col384,D8,f31872,Plate 13,Transformant,Coum_Library2,Col384,f31872,44,D8,0.5370004677191148,0.006049647446163632,0.08635150038786193,0.4321596829822044,1.2425973288702814
1198,Coum_Library2_Col387,D11,f31872,Plate 13,Transformant,Coum_Library2,Col387,f31872,47,D11,0.541080611906256,0.18531980509168605,0.04236395253039106,0.4321596829822044,1.2520386172361588
1199,Coum_Library2_Col388,D12,f31872,Plate 13,Transformant,Coum_Library2,Col388,f31872,48,D12,0.8371126999780231,0.006277126366977257,0.04331443369580839,0.4321596829822044,1.9370448770263788
1201,Coum_Library2_Col390,E2,f31872,Plate 13,Transformant,Coum_Library2,Col390,f31872,50,E2,0.4253675960647839,0.2466044226217633,0.13764335589316343,0.4321596829822044,0.9842833860147473
1202,Coum_Library2_Col391,E3,f31872,Plate 13,Transformant,Coum_Library2,Col391,f31872,51,E3,0.41844910113154793,0.006821013788321663,0.0659198728155548,0.4321596829822044,0.9682742690015786
1203,Coum_Library2_Col392,E4,f31872,Plate 13,Transformant,Coum_Library2,Col392,f31872,52,E4,0.8820752247872391,0.010553701956424149,0.05068591370419108,0.4321596829822044,2.0410863380413056
1204,Coum_Library2_Col393,E5,f31872,Plate 13,Transformant,Coum_Library2,Col393,f31872,53,E5,0.5112459170860976,0.0032690908102717174,0.05318752751963716,0.4321596829822044,1.1830023420003986
1205,Coum_Library2_Col394,E6,f31872,Plate 13,Transformant,Coum_Library2,Col394,f31872,54,E6,0.37690414001755507,0.0030864681030262193,0.058590503706760666,0.4321596829822044,0.8721409119348028
1206,Coum_Library2_Col395,E7,f31872,Plate 13,Transformant,Coum_Library2,Col395,f31872,55,E7,0.5347637084589256,0.008628067237983332,0.07987633739433096,0.4321596829822044,1.2374215585514168
1208,Coum_Library2_Col396,E9,f31872,Plate 13,Transformant,Coum_Library2,Col396,f31872,57,E9,0.32032344559601583,0.2150872023582859,0.07452380849663727,0.4321596829822044,0.7412154770791198
1209,Coum_Library2_Col397,E10,f31872,Plate 13,Transformant,Coum_Library2,Col397,f31872,58,E10,0.397293565557381,0.012827546184089465,0.03346592889112874,0.4321596829822044,0.9193212166756908
1210,SHK0058,E11,f31872,Plate 13,Control,nan,,f31872,59,E11,0.4213780774795346,0.003467454890594642,0.07436307683043446,0.4321596829822044,0.9750518016204816
1211,Coum_Library2_Col398,E12,f31872,Plate 13,Transformant,Coum_Library2,Col398,f31872,60,E12,0.5453151897276176,0.0026254866685678814,0.08442436778751933,0.4321596829822044,1.2618372587756475
1212,Coum_Library2_Col399,F1,f31872,Plate 13,Transformant,Coum_Library2,Col399,f31872,61,F1,0.4919069038420924,0.00143214353129367,0.08860390552618015,0.4321596829822044,1.138252648760732
1213,Coum_Library2_Col400,F2,f31872,Plate 13,Transformant,Coum_Library2,Col400,f31872,62,F2,0.579558058035905,0.001971636437461239,0.059044670245385164,0.4321596829822044,1.3410738688915833
1215,SHK0066,F4,f31872,Plate 13,Control,nan,,f31872,64,F4,0.4429412884848743,0.05977577624449975,0.068753268018686,0.4321596829822044,1.0249481983795186
1216,Coum_Library2_Col402,F5,f31872,Plate 13,Transformant,Coum_Library2,Col402,f31872,65,F5,0.5167972281476798,0.008782423086456012,0.03774951589876359,0.4321596829822044,1.195847850918015
1217,Coum_Library2_Col403,F6,f31872,Plate 13,Transformant,Coum_Library2,Col403,f31872,66,F6,0.4732471296713653,0.0030169777988290425,0.07616097447720803,0.4321596829822044,1.0950746872212342
1218,Coum_Library2_Col404,F7,f31872,Plate 13,Transformant,Coum_Library2,Col404,f31872,67,F7,0.5505282848183757,0.004930436450035116,0.07194662993674979,0.4321596829822044,1.2739001496376179
1219,Coum_Library2_Col405,F8,f31872,Plate 13,Transformant,Coum_Library2,Col405,f31872,68,F8,0.5089415477871825,0.014734351508722517,0.041408309203093054,0.4321596829822044,1.1776701247907473
1220,Coum_Library2_Col406,F9,f31872,Plate 13,Transformant,Coum_Library2,Col406,f31872,69,F9,0.6844523550952497,0.0037429971666489287,0.07417183798819355,0.4321596829822044,1.583795023108239
1221,Coum_Library2_Col407,F10,f31872,Plate 13,Transformant,Coum_Library2,Col407,f31872,70,F10,0.5163808849137488,0.003289868482952026,0.05702774578682661,0.4321596829822044,1.1948844495404085
1222,Coum_Library2_Col408,F11,f31872,Plate 13,Transformant,Coum_Library2,Col408,f31872,71,F11,0.531418801270669,0.009146445166923553,0.0707035154452269,0.4321596829822044,1.2296815788171334
1223,Coum_Library2_Col409,F12,f31872,Plate 13,Transformant,Coum_Library2,Col409,f31872,72,F12,0.6558638818090453,0.0032388991122209924,0.06110579705895841,0.4321596829822044,1.517642454018675
1224,SHK0046,G1,f31872,Plate 13,Control,nan,,f31872,73,G1,0.2720365253639706,0.0021784160892472817,0.08970339302046161,0.4321596829822044,0.6294814997241948
1225,Coum_Library2_Col410,G2,f31872,Plate 13,Transformant,Coum_Library2,Col410,f31872,74,G2,0.8714307565515834,0.0024703302218577737,0.05452921847749581,0.4321596829822044,2.016455469742344
1226,Coum_Library2_Col411,G3,f31872,Plate 13,Transformant,Coum_Library2,Col411,f31872,75,G3,0.26160590561630687,0.003283447955291176,0.08596227896986432,0.4321596829822044,0.6053454681636263
1228,Coum_Library2_Col413,G5,f31872,Plate 13,Transformant,Coum_Library2,Col413,f31872,77,G5,0.512696925337947,0.08614930181639048,0.05707315191136599,0.4321596829822044,1.186359916316069
1229,Coum_Library2_Col414,G6,f31872,Plate 13,Transformant,Coum_Library2,Col414,f31872,78,G6,0.38558807997766137,0.006366363666243744,0.0705008447112007,0.4321596829822044,0.8922351972234744
1230,SHK0058,G7,f31872,Plate 13,Control,nan,,f31872,79,G7,0.302916257258765,0.003147776311630823,0.08297121122017476,0.4321596829822044,0.7009359484171006
1232,Coum_Library2_Col416,G9,f31872,Plate 13,Transformant,Coum_Library2,Col416,f31872,81,G9,0.6562873702370944,0.2175814463283633,0.11579035274832541,0.4321596829822044,1.5186223890860249
1235,Coum_Library2_Col419,G12,f31872,Plate 13,Transformant,Coum_Library2,Col419,f31872,84,G12,0.46345407330423016,0.02473275132081442,0.09100280552148488,0.4321596829822044,1.0724139514960593
1236,Coum_Library2_Col420,H1,f31872,Plate 13,Transformant,Coum_Library2,Col420,f31872,85,H1,0.41289041130323006,0.004454131047837902,0.061920489574628985,0.4321596829822044,0.9554116859166434
1237,Coum_Library2_Col421,H2,f31872,Plate 13,Transformant,Coum_Library2,Col421,f31872,86,H2,0.456750170030298,0.010446893612945238,0.07195658673310133,0.4321596829822044,1.0569013908895943
1238,Coum_Library2_Col422,H3,f31872,Plate 13,Transformant,Coum_Library2,Col422,f31872,87,H3,0.4614465907996828,0.005405322086695884,0.06111027426962574,0.4321596829822044,1.067768718301944
1239,Coum_Library2_Col423,H4,f31872,Plate 13,Transformant,Coum_Library2,Col423,f31872,88,H4,0.7385188402880459,0.005859790302710088,0.09350722549048605,0.4321596829822044,1.708902679657086
1241,Coum_Library2_Col425,H6,f31872,Plate 13,Transformant,Coum_Library2,Col425,f31872,90,H6,0.48260170322761836,0.13852626955211353,0.05959366950181022,0.4321596829822044,1.1167207914845936
1242,Coum_Library2_Col426,H7,f31872,Plate 13,Transformant,Coum_Library2,Col426,f31872,91,H7,0.8514572080545738,0.006282804390484304,0.06965876912542153,0.4321596829822044,1.970237487631708
1243,Coum_Library2_Col427,H8,f31872,Plate 13,Transformant,Coum_Library2,Col427,f31872,92,H8,0.4610156449576795,0.0024673818489275405,0.048656660896741824,0.4321596829822044,1.0667715270807974
1244,Coum_Library2_Col428,H9,f31872,Plate 13,Transformant,Coum_Library2,Col428,f31872,93,H9,0.5720976274929851,0.0016155330865001282,0.048588679488085665,0.4321596829822044,1.3238107348309562
1245,SHK0046,H10,f31872,Plate 13,Control,nan,,f31872,94,H10,0.2862696611778357,0.005307193049871159,0.1258204151602519,0.4321596829822044,0.6624163994252648
1247,Coum_Library2_Col430,H12,f31872,Plate 13,Transformant,Coum_Library2,Col430,f31872,96,H12,0.2468468603638982,0.05774767234206144,0.04102050039777751,0.4321596829822044,0.57119363532591
1248,Coum_Library2_Col431,A1,f31873,Plate 14,Transformant,Coum_Library2,Col431,f31873,1,A1,0.45444972143090717,0.0014232962054646805,0.07520587910362432,0.44043560802664694,1.0318187565874837
1249,SHK0058,A2,f31873,Plate 14,Control,nan,,f31873,2,A2,0.4631721925645552,0.0028689272680530666,0.07081288950687119,0.44043560802664694,1.0516229481076214
1250,Coum_Library2_Col432,A3,f31873,Plate 14,Transformant,Coum_Library2,Col432,f31873,3,A3,0.47496233671606136,0.005530954028993825,0.06645662775200258,0.44043560802664694,1.078392228194514
1251,Coum_Library2_Col433,A4,f31873,Plate 14,Transformant,Coum_Library2,Col433,f31873,4,A4,0.46738482239208506,0.0033274824798446827,0.04385971490230549,0.44043560802664694,1.061187637589483
1252,Coum_Library2_Col434,A5,f31873,Plate 14,Transformant,Coum_Library2,Col434,f31873,5,A5,1.1351432558054748,0.007761736545204409,0.04402300654148968,0.44043560802664694,2.577319442656864
1253,Coum_Library2_Col435,A6,f31873,Plate 14,Transformant,Coum_Library2,Col435,f31873,6,A6,0.9865657753446063,0.0064502508243228064,0.05169723953848374,0.44043560802664694,2.2399773255502033
1254,Coum_Library2_Col436,A7,f31873,Plate 14,Transformant,Coum_Library2,Col436,f31873,7,A7,0.43209591847335255,0.0029585292475301605,0.055864176448417575,0.44043560802664694,0.9810649061944378
1256,Coum_Library2_Col438,A9,f31873,Plate 14,Transformant,Coum_Library2,Col438,f31873,9,A9,0.5257578555815502,0.2685801141612732,0.049386142570420455,0.44043560802664694,1.193722410268293
1257,Coum_Library2_Col439,A10,f31873,Plate 14,Transformant,Coum_Library2,Col439,f31873,10,A10,0.5289750142349311,0.004609840422815174,0.0623323723195988,0.44043560802664694,1.2010269028995662
1258,Coum_Library2_Col440,A11,f31873,Plate 14,Transformant,Coum_Library2,Col440,f31873,11,A11,0.5132151317200153,0.000711265389594732,0.09679353387789633,0.44043560802664694,1.1652444134102915
1259,SHK0066,A12,f31873,Plate 14,Control,nan,,f31873,12,A12,0.4351329883813291,0.001827396755509092,0.06375988713708095,0.44043560802664694,0.987960511028897
1260,Coum_Library2_Col441,B1,f31873,Plate 14,Transformant,Coum_Library2,Col441,f31873,13,B1,0.4640281094580112,0.005243442442932015,0.0862786650474144,0.44043560802664694,1.0535662898308098
1261,Coum_Library2_Col442,B2,f31873,Plate 14,Transformant,Coum_Library2,Col442,f31873,14,B2,0.4397813463141437,0.001017824990351066,0.061636702607417354,0.44043560802664694,0.9985145122224911
1262,Coum_Library2_Col443,B3,f31873,Plate 14,Transformant,Coum_Library2,Col443,f31873,15,B3,0.45358462481767436,0.0011277422092378386,0.05007073651590843,0.44043560802664694,1.0298545724991244
1263,Coum_Library2_Col444,B4,f31873,Plate 14,Transformant,Coum_Library2,Col444,f31873,16,B4,0.6207040913761658,-9.297033716212176e-05,0.06774165624488791,0.44043560802664694,1.4092958881258582
1264,SHK0046,B5,f31873,Plate 14,Control,nan,,f31873,17,B5,0.306659193375153,0.000221589928251123,0.0713837366975562,0.44043560802664694,0.6962633987499933
1265,Coum_Library2_Col445,B6,f31873,Plate 14,Transformant,Coum_Library2,Col445,f31873,18,B6,0.4147007496177671,0.00994276506129858,0.04993917580598114,0.44043560802664694,0.9415695326629384
1266,Coum_Library2_Col446,B7,f31873,Plate 14,Transformant,Coum_Library2,Col446,f31873,19,B7,0.4214119019717861,0.001883187824496813,0.06381879647637345,0.44043560802664694,0.9568070662131616
1267,Coum_Library2_Col447,B8,f31873,Plate 14,Transformant,Coum_Library2,Col447,f31873,20,B8,0.3338501117600202,0.004191798862485478,0.0037364090097254193,0.44043560802664694,0.757999820350179
1268,SHK0066,B9,f31873,Plate 14,Control,nan,,f31873,21,B9,0.4322883454336542,0.0018557363740625463,0.059826823204221134,0.44043560802664694,0.9815018076547075
1270,Coum_Library2_Col449,B11,f31873,Plate 14,Transformant,Coum_Library2,Col449,f31873,23,B11,0.6676006295314703,0.18624835190720254,0.07466789713071689,0.44043560802664694,1.515773514595304
1271,Coum_Library2_Col450,B12,f31873,Plate 14,Transformant,Coum_Library2,Col450,f31873,24,B12,0.4683695847200808,0.002105969921949893,0.06158575005707159,0.44043560802664694,1.0634235202248765
1272,Coum_Library2_Col451,C1,f31873,Plate 14,Transformant,Coum_Library2,Col451,f31873,25,C1,0.4247933008500923,0.002532495792434335,0.06316674890690469,0.44043560802664694,0.9644844629010826
1273,Coum_Library2_Col452,C2,f31873,Plate 14,Transformant,Coum_Library2,Col452,f31873,26,C2,0.23040783868990689,0.008856952191889342,0.01729168949703683,0.44043560802664694,0.5231362643956955
1274,Coum_Library2_Col453,C3,f31873,Plate 14,Transformant,Coum_Library2,Col453,f31873,27,C3,0.46092546601862655,0.0025880405938574834,0.09071735198629363,0.44043560802664694,1.0465218016403885
1275,Coum_Library2_Col454,C4,f31873,Plate 14,Transformant,Coum_Library2,Col454,f31873,28,C4,0.45968061222841655,0.009933420940059366,0.05350437647835028,0.44043560802664694,1.0436953866831886
1276,Coum_Library2_Col455,C5,f31873,Plate 14,Transformant,Coum_Library2,Col455,f31873,29,C5,0.4909929018226326,0.010642582966002855,0.029658274366813613,0.44043560802664694,1.114789296947414
1277,Coum_Library2_Col456,C6,f31873,Plate 14,Transformant,Coum_Library2,Col456,f31873,30,C6,0.49018562180876313,0.0015343554043503584,0.0842112151373353,0.44043560802664694,1.1129563842601624
1278,Coum_Library2_Col457,C7,f31873,Plate 14,Transformant,Coum_Library2,Col457,f31873,31,C7,0.5312582310767299,0.002843121006194423,0.06817612306750637,0.44043560802664694,1.2062108998339391
1279,Coum_Library2_Col458,C8,f31873,Plate 14,Transformant,Coum_Library2,Col458,f31873,32,C8,0.5234174580395242,0.005646146710115819,0.09119104444016085,0.44043560802664694,1.1884085857287379
1281,Coum_Library2_Col460,C10,f31873,Plate 14,Transformant,Coum_Library2,Col460,f31873,34,C10,0.32531269295925525,0.22691192927145173,0.008748638390191564,0.44043560802664694,0.7386157863502567
1282,Coum_Library2_Col461,C11,f31873,Plate 14,Transformant,Coum_Library2,Col461,f31873,35,C11,0.4433824694098051,0.007451254534248326,0.06828849869169351,0.44043560802664694,1.0066907882320446
1283,Coum_Library2_Col462,C12,f31873,Plate 14,Transformant,Coum_Library2,Col462,f31873,36,C12,0.6886174219637312,0.002541105876709393,0.06455463348864779,0.44043560802664694,1.5634917100573507
1285,Coum_Library2_Col464,D2,f31873,Plate 14,Transformant,Coum_Library2,Col464,f31873,38,D2,0.47199752241548565,0.31199815898186434,0.05555671334367175,0.44043560802664694,1.0716606782322857
1286,Coum_Library2_Col465,D3,f31873,Plate 14,Transformant,Coum_Library2,Col465,f31873,39,D3,0.49911313250114614,0.008155663380808056,0.05691443979949357,0.44043560802664694,1.1332261138862076
1287,Coum_Library2_Col466,D4,f31873,Plate 14,Transformant,Coum_Library2,Col466,f31873,40,D4,0.3439541620430161,0.08066532904913022,0.030991966958484572,0.44043560802664694,0.7809408589466418
1289,Coum_Library2_Col468,D6,f31873,Plate 14,Transformant,Coum_Library2,Col468,f31873,42,D6,0.4697554027922276,0.12117569897772003,0.053872793879723886,0.44043560802664694,1.066569991688335
1291,Coum_Library2_Col470,D8,f31873,Plate 14,Transformant,Coum_Library2,Col470,f31873,44,D8,0.5288298085231848,0.1851360281399648,0.03945406171657812,0.44043560802664694,1.2006972163140586
1292,Coum_Library2_Col471,D9,f31873,Plate 14,Transformant,Coum_Library2,Col471,f31873,45,D9,0.5329434507759806,0.007046935765686726,0.09912403074430826,0.44043560802664694,1.2100371565410233
1293,Coum_Library2_Col472,D10,f31873,Plate 14,Transformant,Coum_Library2,Col472,f31873,46,D10,0.48352358135955376,0.002800344785232997,0.07145251773756599,0.44043560802664694,1.0978303582808862
1294,Coum_Library2_Col473,D11,f31873,Plate 14,Transformant,Coum_Library2,Col473,f31873,47,D11,0.4466171609262465,0.00236632478767084,0.07727599177142219,0.44043560802664694,1.0140350888687129
1295,Coum_Library2_Col474,D12,f31873,Plate 14,Transformant,Coum_Library2,Col474,f31873,48,D12,0.44632091643294924,0.0012359429370654693,0.07692217437295149,0.44043560802664694,1.013362471832537
1297,Coum_Library2_Col476,E2,f31873,Plate 14,Transformant,Coum_Library2,Col476,f31873,50,E2,1.1290729594412128,0.1528743466818065,0.03817350343009474,0.44043560802664694,2.563536959466053
1299,Coum_Library2_Col478,E4,f31873,Plate 14,Transformant,Coum_Library2,Col478,f31873,52,E4,0.45935823788485075,0.25168970123024326,0.06440182785964293,0.44043560802664694,1.0429634423587726
1300,Coum_Library2_Col479,E5,f31873,Plate 14,Transformant,Coum_Library2,Col479,f31873,53,E5,0.5385441141495122,0.0038324344716579484,0.0620002949860351,0.44043560802664694,1.2227533476742178
1302,Coum_Library2_Col481,E7,f31873,Plate 14,Transformant,Coum_Library2,Col481,f31873,55,E7,0.4985326617976165,0.2627380330900122,0.0513051413200451,0.44043560802664694,1.1319081670786586
1304,Coum_Library2_Col482,E9,f31873,Plate 14,Transformant,Coum_Library2,Col482,f31873,57,E9,0.4162319352745113,0.24787868707544952,0.06040216194700304,0.44043560802664694,0.9450460582408875
1305,Coum_Library2_Col483,E10,f31873,Plate 14,Transformant,Coum_Library2,Col483,f31873,58,E10,0.5143062616701466,0.005479910774018361,0.04079584554191176,0.44043560802664694,1.167721801546596
1306,SHK0058,E11,f31873,Plate 14,Control,nan,,f31873,59,E11,0.44573822767196475,0.0031320915900246928,0.065887979203264,0.44043560802664694,1.0120394889711029
1307,Coum_Library2_Col484,E12,f31873,Plate 14,Transformant,Coum_Library2,Col484,f31873,60,E12,0.5461214969927575,0.0011758917144899664,0.07644948750741294,0.44043560802664694,1.23995763975495
1308,Coum_Library2_Col485,F1,f31873,Plate 14,Transformant,Coum_Library2,Col485,f31873,61,F1,1.121547693129446,0.0063415833164422565,0.05390524992653561,0.44043560802664694,2.5464509968993942
1310,Coum_Library2_Col487,F3,f31873,Plate 14,Transformant,Coum_Library2,Col487,f31873,63,F3,0.14081347026702726,0.17399330613335773,0.07378854056488951,0.44043560802664694,0.31971409146035223
1311,SHK0066,F4,f31873,Plate 14,Control,nan,,f31873,64,F4,0.44608609257196147,0.007247996301028546,0.06435091597244912,0.44043560802664694,1.0128293090802338
1313,Coum_Library2_Col489,F6,f31873,Plate 14,Transformant,Coum_Library2,Col489,f31873,66,F6,0.32018570204357766,0.2612080989848737,0.07180664371327072,0.44043560802664694,0.7269750588017988
1315,Coum_Library2_Col491,F8,f31873,Plate 14,Transformant,Coum_Library2,Col491,f31873,68,F8,0.2917188652995807,0.11653573497298385,0.015425303658307667,0.44043560802664694,0.6623416907788512
1316,Coum_Library2_Col492,F9,f31873,Plate 14,Transformant,Coum_Library2,Col492,f31873,69,F9,0.09558173017867203,0.0030340336931479403,0.016751657497770217,0.44043560802664694,0.2170163548013793
1318,Coum_Library2_Col494,F11,f31873,Plate 14,Transformant,Coum_Library2,Col494,f31873,71,F11,0.43315406554002484,0.2860436844064132,0.10812293228684353,0.44043560802664694,0.9834674073714277
1319,Coum_Library2_Col495,F12,f31873,Plate 14,Transformant,Coum_Library2,Col495,f31873,72,F12,0.5891715453443611,0.0041417909138354745,0.08377933380945758,0.44043560802664694,1.3377018901448936
1320,SHK0046,G1,f31873,Plate 14,Control,nan,,f31873,73,G1,0.27337114948630137,0.002302854614119309,0.07511572342136125,0.44043560802664694,0.620683578948417
1321,Coum_Library2_Col496,G2,f31873,Plate 14,Transformant,Coum_Library2,Col496,f31873,74,G2,0.5059190454381433,0.006197885776520885,0.07276161590954743,0.44043560802664694,1.1486787993933825
1324,Coum_Library2_Col499,G5,f31873,Plate 14,Transformant,Coum_Library2,Col499,f31873,77,G5,0.3827048578725827,0.18104363931209919,0.06145379079050794,0.44043560802664694,0.86892351775842
1325,Coum_Library2_Col500,G6,f31873,Plate 14,Transformant,Coum_Library2,Col500,f31873,78,G6,0.4683717729630066,0.006373215747651295,0.08168212784273449,0.44043560802664694,1.0634284885854857
1326,SHK0058,G7,f31873,Plate 14,Control,nan,,f31873,79,G7,0.4118735683910164,0.0030589243399971513,0.06888994880943626,0.44043560802664694,0.9351504757673851
1329,Coum_Library2_Col503,G10,f31873,Plate 14,Transformant,Coum_Library2,Col503,f31873,82,G10,0.3614846510290148,0.3172439548896597,0.10539644205047576,0.44043560802664694,0.820743474054315
1330,Coum_Library2_Col504,G11,f31873,Plate 14,Transformant,Coum_Library2,Col504,f31873,83,G11,0.6024629271339641,0.005707117727457943,0.05569999516249254,0.44043560802664694,1.3678796994486293
1331,Coum_Library2_Col505,G12,f31873,Plate 14,Transformant,Coum_Library2,Col505,f31873,84,G12,0.6596197535487401,0.004892902750891232,0.045754509872643415,0.44043560802664694,1.4976530996304738
1332,Coum_Library2_Col506,H1,f31873,Plate 14,Transformant,Coum_Library2,Col506,f31873,85,H1,0.5637170302547267,0.0035941487370630626,0.07018231301508097,0.44043560802664694,1.279907936554987
1333,Coum_Library2_Col507,H2,f31873,Plate 14,Transformant,Coum_Library2,Col507,f31873,86,H2,0.5115858481092175,0.002266336224553197,0.07463449424722668,0.44043560802664694,1.1615451584429246
1334,Coum_Library2_Col508,H3,f31873,Plate 14,Transformant,Coum_Library2,Col508,f31873,87,H3,0.5205845669796576,0.0045568852223338225,0.06026955844499016,0.44043560802664694,1.1819765647743938
1335,Coum_Library2_Col509,H4,f31873,Plate 14,Transformant,Coum_Library2,Col509,f31873,88,H4,0.5572930076261057,0.00394653203928993,0.0679876592955171,0.44043560802664694,1.2653223251476722
1336,Coum_Library2_Col510,H5,f31873,Plate 14,Transformant,Coum_Library2,Col510,f31873,89,H5,0.48848861251543657,0.003146935459614744,0.0720793819638307,0.44043560802664694,1.1091033595219266
1337,Coum_Library2_Col511,H6,f31873,Plate 14,Transformant,Coum_Library2,Col511,f31873,90,H6,0.54952099538277,0.003377312252785871,0.07717861332197569,0.44043560802664694,1.2476761310123754
1338,Coum_Library2_Col512,H7,f31873,Plate 14,Transformant,Coum_Library2,Col512,f31873,91,H7,0.5313757687699425,-0.0014244227425976642,0.07178978433040346,0.44043560802664694,1.2064777667517599
1339,Coum_Library2_Col513,H8,f31873,Plate 14,Transformant,Coum_Library2,Col513,f31873,92,H8,0.46187122880827586,-0.0017852720420374333,0.04562635579568095,0.44043560802664694,1.0486691366251477
1340,Coum_Library2_Col514,H9,f31873,Plate 14,Transformant,Coum_Library2,Col514,f31873,93,H9,0.5173370800749134,0.0006011544947831566,0.07913338092455188,0.44043560802664694,1.1746032124714445
1341,SHK0046,H10,f31873,Plate 14,Control,nan,,f31873,94,H10,0.5053303958294306,0.0009324643299898982,0.06315635600693109,0.44043560802664694,1.1473422825496378
1342,Coum_Library2_Col515,H11,f31873,Plate 14,Transformant,Coum_Library2,Col515,f31873,95,H11,0.5116347553631576,0.0022006435103375903,0.061321975010207606,0.44043560802664694,1.1616562013582767
1343,Coum_Library2_Col516,H12,f31873,Plate 14,Transformant,Coum_Library2,Col516,f31873,96,H12,0.7435022679578811,0.002682510139296155,0.05650828626863049,0.44043560802664694,1.6881066253682608
1344,Coum_Library2_Col517,A1,f31874,Plate 15,Transformant,Coum_Library2,Col517,f31874,1,A1,0.4638007970533367,0.004644322837901173,0.05708501352557302,0.3585314280385985,1.2936126676275788
1345,SHK0058,A2,f31874,Plate 15,Control,nan,,f31874,2,A2,0.385889776424807,0.004185042756244066,0.07228688473526833,0.3585314280385985,1.0763066951644282
1347,Coum_Library2_Col519,A4,f31874,Plate 15,Transformant,Coum_Library2,Col519,f31874,4,A4,0.4125098971149245,0.22236626356631578,0.07417855959653114,0.3585314280385985,1.1505543582932842
1349,Coum_Library2_Col521,A6,f31874,Plate 15,Transformant,Coum_Library2,Col521,f31874,6,A6,0.24519828527289245,0.18697953814943608,0.01533327310191183,0.3585314280385985,0.6838962113148281
1350,Coum_Library2_Col522,A7,f31874,Plate 15,Transformant,Coum_Library2,Col522,f31874,7,A7,0.37342472107995156,0.008641398382032688,0.06068897421102462,0.3585314280385985,1.0415397141690734
1352,Coum_Library2_Col524,A9,f31874,Plate 15,Transformant,Coum_Library2,Col524,f31874,9,A9,0.9670547163327994,0.1543348656491862,0.04684765631783927,0.3585314280385985,2.6972662386201995
1353,Coum_Library2_Col525,A10,f31874,Plate 15,Transformant,Coum_Library2,Col525,f31874,10,A10,0.36333489892113274,0.006459093089906621,0.01508028363755328,0.3585314280385985,1.0133976285114317
1354,Coum_Library2_Col526,A11,f31874,Plate 15,Transformant,Coum_Library2,Col526,f31874,11,A11,0.42091213251364884,0.0046085454777470385,0.06362789624719901,0.3585314280385985,1.1739895016074702
1355,SHK0066,A12,f31874,Plate 15,Control,nan,,f31874,12,A12,0.3633439840981829,0.003402184992469491,0.06313030784174972,0.3585314280385985,1.0134229684853913
1357,Coum_Library2_Col528,B2,f31874,Plate 15,Transformant,Coum_Library2,Col528,f31874,14,B2,0.21500553905997313,0.14350285388009273,0.009776255617296796,0.3585314280385985,0.5996839391073584
1358,Coum_Library2_Col529,B3,f31874,Plate 15,Transformant,Coum_Library2,Col529,f31874,15,B3,0.425425717286907,0.004087620357568944,0.07187483677172064,0.3585314280385985,1.1865785926055743
1360,SHK0046,B5,f31874,Plate 15,Control,nan,,f31874,17,B5,0.22132629964510123,0.13966160862342247,0.1125430247231529,0.3585314280385985,0.6173135249422927
1362,Coum_Library2_Col532,B7,f31874,Plate 15,Transformant,Coum_Library2,Col532,f31874,19,B7,0.45953297763631934,0.15185808682536045,0.06895185110023636,0.3585314280385985,1.2817090544900496
1364,SHK0066,B9,f31874,Plate 15,Control,nan,,f31874,21,B9,0.1906992455640218,0.2575510658357259,0.06253310699552483,0.3585314280385985,0.5318899004398902
1365,Coum_Library2_Col534,B10,f31874,Plate 15,Transformant,Coum_Library2,Col534,f31874,22,B10,0.3177358226559708,0.009531213409476515,0.05708345777391383,0.3585314280385985,0.886214701997517
1366,Coum_Library2_Col535,B11,f31874,Plate 15,Transformant,Coum_Library2,Col535,f31874,23,B11,0.2224370177720035,0.006209286161451565,0.007468046932042451,0.3585314280385985,0.6204114908109438
1367,Coum_Library2_Col536,B12,f31874,Plate 15,Transformant,Coum_Library2,Col536,f31874,24,B12,0.40524509317073404,0.0013514379932538778,0.052580535547678525,0.3585314280385985,1.1302916884795564
1368,Coum_Library2_Col537,C1,f31874,Plate 15,Transformant,Coum_Library2,Col537,f31874,25,C1,0.40975540347057265,0.0032242873068920887,0.05650170847834182,0.3585314280385985,1.14287164646124
1373,Coum_Library2_Col542,C6,f31874,Plate 15,Transformant,Coum_Library2,Col542,f31874,30,C6,0.3281906909616432,0.21195632707975162,0.058782635681072094,0.3585314280385985,0.9153749582207089
1374,Coum_Library2_Col543,C7,f31874,Plate 15,Transformant,Coum_Library2,Col543,f31874,31,C7,0.429102761807651,0.009166230471125742,0.09149248529659618,0.3585314280385985,1.1968344425344353
1377,Coum_Library2_Col546,C10,f31874,Plate 15,Transformant,Coum_Library2,Col546,f31874,34,C10,0.49154580792975106,0.24171744837065143,0.05950878397014724,0.3585314280385985,1.3709978247062697
1378,Coum_Library2_Col547,C11,f31874,Plate 15,Transformant,Coum_Library2,Col547,f31874,35,C11,0.3154098810892276,0.005037048952419686,0.04886823910354163,0.3585314280385985,0.879727288663998
1379,Coum_Library2_Col548,C12,f31874,Plate 15,Transformant,Coum_Library2,Col548,f31874,36,C12,0.43378139241369346,0.005214624246992747,0.10110735809794605,0.3585314280385985,1.2098838720687932
1380,Coum_Library2_Col549,D1,f31874,Plate 15,Transformant,Coum_Library2,Col549,f31874,37,D1,0.4645068408697357,0.003391382214497679,0.06350935272341232,0.3585314280385985,1.2955819338095187
1381,Coum_Library2_Col550,D2,f31874,Plate 15,Transformant,Coum_Library2,Col550,f31874,38,D2,0.32988363162417716,0.004067459855634017,0.06296739750836955,0.3585314280385985,0.9200968334320271
1382,Coum_Library2_Col551,D3,f31874,Plate 15,Transformant,Coum_Library2,Col551,f31874,39,D3,0.3397118852792473,0.0013791725836256724,0.06824095425679916,0.3585314280385985,0.9475093637890926
1383,Coum_Library2_Col552,D4,f31874,Plate 15,Transformant,Coum_Library2,Col552,f31874,40,D4,0.44995112863226694,0.00333466827359939,0.05011757059846328,0.3585314280385985,1.2549837850862726
1384,Coum_Library2_Col553,D5,f31874,Plate 15,Transformant,Coum_Library2,Col553,f31874,41,D5,0.24277417003917207,0.003125990342708205,0.004779605993609901,0.3585314280385985,0.6771349763319373
1385,Coum_Library2_Col554,D6,f31874,Plate 15,Transformant,Coum_Library2,Col554,f31874,42,D6,0.43254350627853894,0.008702113517826638,0.02285691341349276,0.3585314280385985,1.206431214816606
1387,Coum_Library2_Col556,D8,f31874,Plate 15,Transformant,Coum_Library2,Col556,f31874,44,D8,0.39574317703647677,0.15470586704535974,0.050331148139996326,0.3585314280385985,1.1037893643005046
1388,Coum_Library2_Col557,D9,f31874,Plate 15,Transformant,Coum_Library2,Col557,f31874,45,D9,0.36305088290836035,0.004458740181378616,0.08030765802662572,0.3585314280385985,1.0126054636116175
1390,Coum_Library2_Col559,D11,f31874,Plate 15,Transformant,Coum_Library2,Col559,f31874,47,D11,0.4064465116967642,0.1946771943395584,0.06454879157313406,0.3585314280385985,1.1336426318894623
1391,Coum_Library2_Col560,D12,f31874,Plate 15,Transformant,Coum_Library2,Col560,f31874,48,D12,0.4239058775790724,0.0016060294947078284,0.05403168921118725,0.3585314280385985,1.1823395229202498
1392,Coum_Library2_Col561,E1,f31874,Plate 15,Transformant,Coum_Library2,Col561,f31874,49,E1,0.43372789810023527,0.0032640388307071393,0.057135668383680296,0.3585314280385985,1.2097346680959342
1393,Coum_Library2_Col562,E2,f31874,Plate 15,Transformant,Coum_Library2,Col562,f31874,50,E2,0.33648073592427585,0.0044838089668831444,0.079334112990303,0.3585314280385985,0.9384971849331191
1396,Coum_Library2_Col565,E5,f31874,Plate 15,Transformant,Coum_Library2,Col565,f31874,53,E5,0.2570776408505066,0.21292752016461658,0.07872851538850245,0.3585314280385985,0.7170295844269204
1398,Coum_Library2_Col567,E7,f31874,Plate 15,Transformant,Coum_Library2,Col567,f31874,55,E7,0.42059095087458465,0.15022720168209774,0.06387392498887855,0.3585314280385985,1.1730936759867674
1400,Coum_Library2_Col568,E9,f31874,Plate 15,Transformant,Coum_Library2,Col568,f31874,57,E9,0.3535417401004229,0.14502654390388106,0.06197778144075653,0.3585314280385985,0.9860829831139979
1401,Coum_Library2_Col569,E10,f31874,Plate 15,Transformant,Coum_Library2,Col569,f31874,58,E10,0.4886069752142647,0.0012639831258532876,0.04749270643287454,0.3585314280385985,1.362800962490972
1402,SHK0058,E11,f31874,Plate 15,Control,nan,,f31874,59,E11,0.33201234304903277,0.002853678706317177,0.06759039494064056,0.3585314280385985,0.9260341411779646
1403,Coum_Library2_Col570,E12,f31874,Plate 15,Transformant,Coum_Library2,Col570,f31874,60,E12,0.42889954233357436,0.005535184206382885,0.06474326298376053,0.3585314280385985,1.196267631766441
1405,Coum_Library2_Col572,F2,f31874,Plate 15,Transformant,Coum_Library2,Col572,f31874,62,F2,0.5702267622127952,0.2155923255602988,0.05442065598134202,0.3585314280385985,1.5904512620617632
1406,Coum_Library2_Col573,F3,f31874,Plate 15,Transformant,Coum_Library2,Col573,f31874,63,F3,0.3739257997789079,0.007750392700161585,0.008594652289861716,0.3585314280385985,1.0429373007117582
1407,SHK0066,F4,f31874,Plate 15,Control,nan,,f31874,64,F4,0.38826040191451205,0.004036613502747831,0.06426809697046502,0.3585314280385985,1.082918738919348
1408,Coum_Library2_Col574,F5,f31874,Plate 15,Transformant,Coum_Library2,Col574,f31874,65,F5,0.6105551390331018,0.00608027248847103,0.07590796686087867,0.3585314280385985,1.7029333868253556
1409,Coum_Library2_Col575,F6,f31874,Plate 15,Transformant,Coum_Library2,Col575,f31874,66,F6,0.2510575404386695,0.0033749367493313355,0.04215941009439896,0.3585314280385985,0.7002385866480898
1410,Coum_Library2_Col576,F7,f31874,Plate 15,Transformant,Coum_Library2,Col576,f31874,67,F7,0.49694057922855606,0.007165295762417695,0.06276461917278282,0.3585314280385985,1.386044682183501
1411,Coum_Library2_Col577,F8,f31874,Plate 15,Transformant,Coum_Library2,Col577,f31874,68,F8,0.47141972696252316,0.002263867333442521,0.04910082197896684,0.3585314280385985,1.314863049918657
1413,Coum_Library2_Col579,F10,f31874,Plate 15,Transformant,Coum_Library2,Col579,f31874,70,F10,0.48721211032300293,0.16609651445657497,0.060767137837900026,0.3585314280385985,1.3589104670359637
1414,Coum_Library2_Col580,F11,f31874,Plate 15,Transformant,Coum_Library2,Col580,f31874,71,F11,0.25750999704359534,0.009771911227937257,0.00470093874329981,0.3585314280385985,0.7182354931960735
1415,Coum_Library2_Col581,F12,f31874,Plate 15,Transformant,Coum_Library2,Col581,f31874,72,F12,0.4584177423076564,0.004750351459109587,0.0670670105164201,0.3585314280385985,1.2785984894420592
1416,SHK0046,G1,f31874,Plate 15,Control,nan,,f31874,73,G1,0.24779034176419285,0.006349591501048145,0.08785499985032752,0.3585314280385985,0.6911258606247384
1418,Coum_Library2_Col583,G3,f31874,Plate 15,Transformant,Coum_Library2,Col583,f31874,75,G3,0.4519601829087877,0.14935015722280687,0.017612685746552798,0.3585314280385985,1.2605873504069243
1419,Coum_Library2_Col584,G4,f31874,Plate 15,Transformant,Coum_Library2,Col584,f31874,76,G4,0.38783104673985164,0.028750300877892203,0.05690134883392784,0.3585314280385985,1.0817212004580496
1420,Coum_Library2_Col585,G5,f31874,Plate 15,Transformant,Coum_Library2,Col585,f31874,77,G5,0.2657079773550764,0.007347858420270278,0.08368176033366224,0.3585314280385985,0.7411009372558297
1421,Coum_Library2_Col586,G6,f31874,Plate 15,Transformant,Coum_Library2,Col586,f31874,78,G6,0.23305917191628575,0.013066598952258287,0.004872795060673569,0.3585314280385985,0.6500383332955549
1422,SHK0058,G7,f31874,Plate 15,Control,nan,,f31874,79,G7,0.35371887197901414,0.001603066074312657,0.06512249989017958,0.3585314280385985,0.986577031514609
1423,Coum_Library2_Col587,G8,f31874,Plate 15,Transformant,Coum_Library2,Col587,f31874,80,G8,0.19511163700167392,0.0029582383435676272,0.07585160190460533,0.3585314280385985,0.5441967474624533
1426,Coum_Library2_Col590,G11,f31874,Plate 15,Transformant,Coum_Library2,Col590,f31874,83,G11,0.4212918914741506,0.1409499755428391,0.05929806216469842,0.3585314280385985,1.1750487085020493
1427,Coum_Library2_Col591,G12,f31874,Plate 15,Transformant,Coum_Library2,Col591,f31874,84,G12,0.41817632231798746,0.0039049674277982656,0.07880069623230589,0.3585314280385985,1.16635890082408
1428,Coum_Library2_Col592,H1,f31874,Plate 15,Transformant,Coum_Library2,Col592,f31874,85,H1,0.786839414927068,0.005666932218849757,0.07101930531865963,0.3585314280385985,2.1946176914854982
1430,Coum_Library2_Col594,H3,f31874,Plate 15,Transformant,Coum_Library2,Col594,f31874,87,H3,0.3469101427097292,0.23385598662335008,0.07333115239637324,0.3585314280385985,0.9675864250103671
1431,Coum_Library2_Col595,H4,f31874,Plate 15,Transformant,Coum_Library2,Col595,f31874,88,H4,0.5109181677191093,0.01098042069198406,0.033028139114348744,0.3585314280385985,1.4250303537242632
1432,Coum_Library2_Col596,H5,f31874,Plate 15,Transformant,Coum_Library2,Col596,f31874,89,H5,0.4191220636823444,9.713832230326146e-05,0.0729469492896889,0.3585314280385985,1.1689967208041323
1433,Coum_Library2_Col597,H6,f31874,Plate 15,Transformant,Coum_Library2,Col597,f31874,90,H6,0.33465921787692554,0.46035397751191265,0.011382465140238492,0.3585314280385985,0.9334166873674936
1437,SHK0046,H10,f31874,Plate 15,Control,nan,,f31874,94,H10,0.23098589435553282,0.16231010371974422,0.16440825644319892,0.3585314280385985,0.644255639231341
1438,Coum_Library2_Col601,H11,f31874,Plate 15,Transformant,Coum_Library2,Col601,f31874,95,H11,0.42590277745617516,0.00464038920475446,0.061905946030778605,0.3585314280385985,1.1879091877276757
1439,Coum_Library2_Col602,H12,f31874,Plate 15,Transformant,Coum_Library2,Col602,f31874,96,H12,0.23970312909180627,0.0074868694427990415,0.005703329905289754,0.3585314280385985,0.6685693647643087
1440,Coum_Library2_Col603,A1,f31875,Plate 16,Transformant,Coum_Library2,Col603,f31875,1,A1,0.45150673580327666,0.007073943184179148,0.059023422336425144,0.4248215755624034,1.0628149834563978
1441,SHK0058,A2,f31875,Plate 16,Control,nan,,f31875,2,A2,0.3221997703459866,0.0010389956890204056,0.060091798355302185,0.4248215755624034,0.7584355147674406
1442,Coum_Library2_Col604,A3,f31875,Plate 16,Transformant,Coum_Library2,Col604,f31875,3,A3,0.4739510572729734,-0.0003925180011853004,0.05622722608278186,0.4248215755624034,1.1156473318134315
1443,Coum_Library2_Col605,A4,f31875,Plate 16,Transformant,Coum_Library2,Col605,f31875,4,A4,0.5797801505763933,0.002044880968404788,0.063958811776109,0.4248215755624034,1.3647615467949028
1444,Coum_Library2_Col606,A5,f31875,Plate 16,Transformant,Coum_Library2,Col606,f31875,5,A5,0.5622361197038649,0.0072574466483716045,0.05850854608357568,0.4248215755624034,1.3234641365837978
1445,Coum_Library2_Col607,A6,f31875,Plate 16,Transformant,Coum_Library2,Col607,f31875,6,A6,0.2843379927347712,0.007011815208377499,0.06736665697680312,0.4248215755624034,0.6693115629975905
1446,Coum_Library2_Col608,A7,f31875,Plate 16,Transformant,Coum_Library2,Col608,f31875,7,A7,0.4677899836942729,0.005451631999733488,0.1174362963906868,0.4248215755624034,1.10114459952978
1447,Coum_Library2_Col609,A8,f31875,Plate 16,Transformant,Coum_Library2,Col609,f31875,8,A8,0.39315077847123997,0.0027191119501496037,0.04398938422474915,0.4248215755624034,0.9254491793425609
1448,Coum_Library2_Col610,A9,f31875,Plate 16,Transformant,Coum_Library2,Col610,f31875,9,A9,0.3505970970057387,0.003218671958768389,0.06848532809585131,0.4248215755624034,0.8252808171091545
1449,Coum_Library2_Col611,A10,f31875,Plate 16,Transformant,Coum_Library2,Col611,f31875,10,A10,0.4594504060762825,0.005012178958505919,0.05112114853684669,0.4248215755624034,1.081513822521927
1450,Coum_Library2_Col612,A11,f31875,Plate 16,Transformant,Coum_Library2,Col612,f31875,11,A11,0.43224455423856906,0.0048190414098724385,0.06507339146443837,0.4248215755624034,1.0174731678030682
1451,SHK0066,A12,f31875,Plate 16,Control,nan,,f31875,12,A12,0.4358853432407662,0.000704406669242755,0.06451282306506649,0.4248215755624034,1.0260433281047836
1454,Coum_Library2_Col615,B3,f31875,Plate 16,Transformant,Coum_Library2,Col615,f31875,15,B3,0.38286334051983806,0.024315720225087243,0.03964268911474058,0.4248215755624034,0.9012332766126141
1455,Coum_Library2_Col616,B4,f31875,Plate 16,Transformant,Coum_Library2,Col616,f31875,16,B4,0.32172076779853337,0.026059556348481627,0.056134728280963664,0.4248215755624034,0.7573079765843361
1456,SHK0046,B5,f31875,Plate 16,Control,nan,,f31875,17,B5,0.25410147670014516,-0.00020808605789947773,0.06354451590413304,0.4248215755624034,0.5981369386989136
1460,SHK0066,B9,f31875,Plate 16,Control,nan,,f31875,21,B9,0.3773052093626037,0.12795311864673903,0.05934546261572145,0.4248215755624034,0.8881498282263682
1461,Coum_Library2_Col620,B10,f31875,Plate 16,Transformant,Coum_Library2,Col620,f31875,22,B10,0.4058779527160804,0.0026649992828598136,0.04640594829470504,0.4248215755624034,0.9554080490821486
1462,Coum_Library2_Col621,B11,f31875,Plate 16,Transformant,Coum_Library2,Col621,f31875,23,B11,0.25070657872319574,0.013177243710354237,0.016675807482215976,0.4248215755624034,0.5901455885127677
1463,Coum_Library2_Col622,B12,f31875,Plate 16,Transformant,Coum_Library2,Col622,f31875,24,B12,0.5523941194459933,0.002925261509021005,0.06852373997280564,0.4248215755624034,1.3002967627402209
1464,Coum_Library2_Col623,C1,f31875,Plate 16,Transformant,Coum_Library2,Col623,f31875,25,C1,0.4116210857985041,0.0016906512477586457,0.0669514987740042,0.4248215755624034,0.9689269789406911
1465,Coum_Library2_Col624,C2,f31875,Plate 16,Transformant,Coum_Library2,Col624,f31875,26,C2,0.30289648230924743,0.004500505018086584,0.06323370366082491,0.4248215755624034,0.7129969373807239
1467,Coum_Library2_Col626,C4,f31875,Plate 16,Transformant,Coum_Library2,Col626,f31875,28,C4,0.25153063622958594,0.17259009433642364,0.00533585638586823,0.4248215755624034,0.5920853617111963
1468,Coum_Library2_Col627,C5,f31875,Plate 16,Transformant,Coum_Library2,Col627,f31875,29,C5,0.4407399544038865,0.0060670249454330884,0.06262084600979646,0.4248215755624034,1.037470740087552
1469,Coum_Library2_Col628,C6,f31875,Plate 16,Transformant,Coum_Library2,Col628,f31875,30,C6,0.4742700882652057,0.002107171520836527,0.0598132494911473,0.4248215755624034,1.1163983082482087
1470,Coum_Library2_Col629,C7,f31875,Plate 16,Transformant,Coum_Library2,Col629,f31875,31,C7,0.36306403506203994,0.01156205582314931,0.006973268270273002,0.4248215755624034,0.8546271092314338
1471,Coum_Library2_Col630,C8,f31875,Plate 16,Transformant,Coum_Library2,Col630,f31875,32,C8,0.24951463439913057,0.00397785057690607,0.04911786799443282,0.4248215755624034,0.587339835715285
1472,Coum_Library2_Col631,C9,f31875,Plate 16,Transformant,Coum_Library2,Col631,f31875,33,C9,0.22237559540015586,0.006309252192705214,0.05278127212777922,0.4248215755624034,0.5234564537023859
1473,Coum_Library2_Col632,C10,f31875,Plate 16,Transformant,Coum_Library2,Col632,f31875,34,C10,0.4276080582782705,0.003668919345211404,0.054744976782954806,0.4248215755624034,1.006559183610621
1475,Coum_Library2_Col634,C12,f31875,Plate 16,Transformant,Coum_Library2,Col634,f31875,36,C12,0.56726113218415,0.11247719748101698,0.06402480450175946,0.4248215755624034,1.3352926612382547
1477,Coum_Library2_Col636,D2,f31875,Plate 16,Transformant,Coum_Library2,Col636,f31875,38,D2,0.49019948244227934,0.09134802767082592,0.06428657781506916,0.4248215755624034,1.1538949776581495
1479,Coum_Library2_Col638,D4,f31875,Plate 16,Transformant,Coum_Library2,Col638,f31875,40,D4,0.6031495053594003,0.19923735670827386,0.06750211911979519,0.4248215755624034,1.4197713582718015
1485,Coum_Library2_Col644,D10,f31875,Plate 16,Transformant,Coum_Library2,Col644,f31875,46,D10,0.4751344178933794,0.12468859319397495,0.05123100558364978,0.4248215755624034,1.1184328791784384
1486,Coum_Library2_Col645,D11,f31875,Plate 16,Transformant,Coum_Library2,Col645,f31875,47,D11,0.4661120592352298,0.005232066724345535,0.048525263400399296,0.4248215755624034,1.0971948838007195
1487,Coum_Library2_Col646,D12,f31875,Plate 16,Transformant,Coum_Library2,Col646,f31875,48,D12,0.2698365352466059,0.013558263765714253,0.0052328735535063665,0.4248215755624034,0.6351761557528726
1488,Coum_Library2_Col647,E1,f31875,Plate 16,Transformant,Coum_Library2,Col647,f31875,49,E1,1.206214912798054,0.009362133070941922,0.05753770560014891,0.4248215755624034,2.83934475597478
1489,Coum_Library2_Col648,E2,f31875,Plate 16,Transformant,Coum_Library2,Col648,f31875,50,E2,0.20272482472310266,0.0030569946464907524,0.05677345092171799,0.4248215755624034,0.4771999267097576
1491,Coum_Library2_Col650,E4,f31875,Plate 16,Transformant,Coum_Library2,Col650,f31875,52,E4,0.7123395525260344,0.1191631301393242,0.06326419543717449,0.4248215755624034,1.6767970213918586
1492,Coum_Library2_Col651,E5,f31875,Plate 16,Transformant,Coum_Library2,Col651,f31875,53,E5,0.18316701296199886,0.0033797143576608144,0.04042671496811087,0.4248215755624034,0.431162218443147
1493,Coum_Library2_Col652,E6,f31875,Plate 16,Transformant,Coum_Library2,Col652,f31875,54,E6,0.4154053443218557,0.0030995574586051627,0.06244690234234255,0.4248215755624034,0.977834856367448
1494,Coum_Library2_Col653,E7,f31875,Plate 16,Transformant,Coum_Library2,Col653,f31875,55,E7,0.4235749274238743,0.014561978810354538,0.025578556045710438,0.4248215755624034,0.9970654782849042
1496,Coum_Library2_Col654,E9,f31875,Plate 16,Transformant,Coum_Library2,Col654,f31875,57,E9,0.45229854895086247,0.1562040122627512,0.06486003692232795,0.4248215755624034,1.0646788557103848
1497,Coum_Library2_Col655,E10,f31875,Plate 16,Transformant,Coum_Library2,Col655,f31875,58,E10,0.46191587900080366,0.008130556458418819,0.054913585222698555,0.4248215755624034,1.0873173717443438
1498,SHK0058,E11,f31875,Plate 16,Control,nan,,f31875,59,E11,0.4198809787521511,0.0013652973269528768,0.050320267225238434,0.4248215755624034,0.9883701838737553
1499,Coum_Library2_Col656,E12,f31875,Plate 16,Transformant,Coum_Library2,Col656,f31875,60,E12,0.4643346491893593,0.0012676027669831188,0.05056938091706885,0.4248215755624034,1.0930109860231232
1500,Coum_Library2_Col657,F1,f31875,Plate 16,Transformant,Coum_Library2,Col657,f31875,61,F1,0.40635281294203013,0.004296200823739315,0.05485927200258102,0.4248215755624034,0.9565258365328473
1502,Coum_Library2_Col659,F3,f31875,Plate 16,Transformant,Coum_Library2,Col659,f31875,63,F3,0.3797806083770881,0.15102784654191254,0.049152731040700295,0.4248215755624034,0.8939767427638592
1503,SHK0066,F4,f31875,Plate 16,Control,nan,,f31875,64,F4,0.4297621723726558,0.0034851171359868683,0.05860824618446927,0.4248215755624034,1.011629816126245
1504,Coum_Library2_Col660,F5,f31875,Plate 16,Transformant,Coum_Library2,Col660,f31875,65,F5,0.531165807236595,-0.0011572795794015233,0.0548018551233555,0.4248215755624034,1.2503268143417785
1505,Coum_Library2_Col661,F6,f31875,Plate 16,Transformant,Coum_Library2,Col661,f31875,66,F6,0.27423181488905624,0.01243385003865292,0.0019920167681487136,0.4248215755624034,0.6455223337609731
1507,Coum_Library2_Col663,F8,f31875,Plate 16,Transformant,Coum_Library2,Col663,f31875,68,F8,0.6113485876159,0.09693280882124461,0.0634561959227794,0.4248215755624034,1.4390714191165113
1508,Coum_Library2_Col664,F9,f31875,Plate 16,Transformant,Coum_Library2,Col664,f31875,69,F9,0.7108799001215245,0.008222876044026354,0.05314705029947032,0.4248215755624034,1.6733611026709754
1509,Coum_Library2_Col665,F10,f31875,Plate 16,Transformant,Coum_Library2,Col665,f31875,70,F10,0.5684848376982228,0.00458178659394627,0.04787338794051464,0.4248215755624034,1.338173177634939
1510,Coum_Library2_Col666,F11,f31875,Plate 16,Transformant,Coum_Library2,Col666,f31875,71,F11,0.4046292500168516,0.002522550065721353,0.04276292370997867,0.4248215755624034,0.9524686910762006
1511,Coum_Library2_Col667,F12,f31875,Plate 16,Transformant,Coum_Library2,Col667,f31875,72,F12,0.3782249341259183,0.006676725168715145,0.04094718837898196,0.4248215755624034,0.8903147953942834
1512,SHK0046,G1,f31875,Plate 16,Control,nan,,f31875,73,G1,0.2979820264032858,0.001523249345265103,0.07983335819708823,0.4248215755624034,0.7014286550978489
1513,Coum_Library2_Col668,G2,f31875,Plate 16,Transformant,Coum_Library2,Col668,f31875,74,G2,0.3512479593375204,0.010025489593564878,0.01700092240374115,0.4248215755624034,0.8268129010926952
1514,Coum_Library2_Col669,G3,f31875,Plate 16,Transformant,Coum_Library2,Col669,f31875,75,G3,0.29214678585208076,0.001991078326327091,0.05579963976423099,0.4248215755624034,0.6876929107598171
1518,SHK0058,G7,f31875,Plate 16,Control,nan,,f31875,79,G7,0.4344998188684535,0.16669081001464894,0.04417521617613795,0.4248215755624034,1.0227819015388695
1519,Coum_Library2_Col673,G8,f31875,Plate 16,Transformant,Coum_Library2,Col673,f31875,80,G8,0.5194919879876991,0.0075130514660405505,0.059620913976618055,0.4248215755624034,1.2228474679045327
1520,Coum_Library2_Col674,G9,f31875,Plate 16,Transformant,Coum_Library2,Col674,f31875,81,G9,0.4523483214879127,0.016105796967030666,0.056996204356740895,0.4248215755624034,1.0647960167490735
1521,Coum_Library2_Col675,G10,f31875,Plate 16,Transformant,Coum_Library2,Col675,f31875,82,G10,0.48776156702245715,0.003317280089471735,0.0503698150596837,0.4248215755624034,1.148156296856463
1522,Coum_Library2_Col676,G11,f31875,Plate 16,Transformant,Coum_Library2,Col676,f31875,83,G11,0.45750656902718023,0.004983814576428483,0.035473331471059785,0.4248215755624034,1.0769381673270868
1523,Coum_Library2_Col677,G12,f31875,Plate 16,Transformant,Coum_Library2,Col677,f31875,84,G12,0.4684271320579643,0.005696446551623655,0.03691448566622031,0.4248215755624034,1.1026444018005286
1525,Coum_Library2_Col679,H2,f31875,Plate 16,Transformant,Coum_Library2,Col679,f31875,86,H2,0.34566773203423806,0.08736476071574571,0.07803361973954127,0.4248215755624034,0.8136774399384568
1526,Coum_Library2_Col680,H3,f31875,Plate 16,Transformant,Coum_Library2,Col680,f31875,87,H3,0.5367785958143373,0.005460865894667888,0.05883818509165493,0.4248215755624034,1.2635389224375402
1527,Coum_Library2_Col681,H4,f31875,Plate 16,Transformant,Coum_Library2,Col681,f31875,88,H4,0.23995295926248186,0.004068630286430527,0.048444906158145236,0.4248215755624034,0.564832327418442
1529,Coum_Library2_Col683,H6,f31875,Plate 16,Transformant,Coum_Library2,Col683,f31875,90,H6,0.3806961303884369,0.15562061989025025,0.05279963781709552,0.4248215755624034,0.8961318169503263
1530,Coum_Library2_Col684,H7,f31875,Plate 16,Transformant,Coum_Library2,Col684,f31875,91,H7,0.3416073245139288,0.0028836938900781398,0.054825448245926056,0.4248215755624034,0.8041195272666866
1531,Coum_Library2_Col685,H8,f31875,Plate 16,Transformant,Coum_Library2,Col685,f31875,92,H8,0.3973922728679674,0.009283553022507511,0.04784816305109564,0.4248215755624034,0.9354333577381905
1533,SHK0046,H10,f31875,Plate 16,Control,nan,,f31875,94,H10,0.26941800686190587,0.14166390404812873,0.07913063409508035,0.4248215755624034,0.6341909694799157
1534,Coum_Library2_Col687,H11,f31875,Plate 16,Transformant,Coum_Library2,Col687,f31875,95,H11,0.20339523394441156,0.00943783596561746,0.0038497947593333585,0.4248215755624034,0.47877802269139735
1535,Coum_Library2_Col688,H12,f31875,Plate 16,Transformant,Coum_Library2,Col688,f31875,96,H12,0.809192814996707,0.006400493535290724,0.06477226313866981,0.4248215755624034,1.90478276421213
1536,Coum_Library3_Col001,A1,f31876,Plate 17,Transformant,Coum_Library3,Col001,f31876,1,A1,0.520282493510704,0.011682017207506184,0.0813247135137222,0.4143414646550415,1.2556853172874294
1537,SHK0058,A2,f31876,Plate 17,Control,nan,,f31876,2,A2,0.3610253924772033,0.0028225776756047177,0.06626514402718836,0.4143414646550415,0.8713233486727515
1539,Coum_Library3_Col003,A4,f31876,Plate 17,Transformant,Coum_Library3,Col003,f31876,4,A4,0.5598743897338861,0.12782260936515052,0.042856656689742395,0.4143414646550415,1.3512391046838808
1540,Coum_Library3_Col004,A5,f31876,Plate 17,Transformant,Coum_Library3,Col004,f31876,5,A5,0.6922090296033857,-0.0005222590749356557,0.03930193192900979,0.4143414646550415,1.6706245660923216
1541,Coum_Library3_Col005,A6,f31876,Plate 17,Transformant,Coum_Library3,Col005,f31876,6,A6,0.7293037957972264,0.01928081073014044,0.07471388160132791,0.4143414646550415,1.7601516092636436
1542,Coum_Library3_Col006,A7,f31876,Plate 17,Transformant,Coum_Library3,Col006,f31876,7,A7,0.4047441036669348,0.012513119403799056,0.03161075571819476,0.4143414646550415,0.9768370732673426
1543,Coum_Library3_Col007,A8,f31876,Plate 17,Transformant,Coum_Library3,Col007,f31876,8,A8,0.9165127148692772,0.006329525801647373,0.051385199810434865,0.4143414646550415,2.2119744052947166
1544,Coum_Library3_Col008,A9,f31876,Plate 17,Transformant,Coum_Library3,Col008,f31876,9,A9,0.8768217120256886,0.0042289974822939174,0.05744488577815369,0.4143414646550415,2.1161814272092787
1545,Coum_Library3_Col009,A10,f31876,Plate 17,Transformant,Coum_Library3,Col009,f31876,10,A10,0.5755068750726687,0.0010277848121931137,0.06317965924262,0.4143414646550415,1.38896761286444
1547,SHK0066,A12,f31876,Plate 17,Control,nan,,f31876,12,A12,0.40555973500243014,0.09006372613288856,0.0687301067702116,0.4143414646550415,0.9788055736591013
1548,Coum_Library3_Col011,B1,f31876,Plate 17,Transformant,Coum_Library3,Col011,f31876,13,B1,0.559698257346773,0.004602666450633606,0.05721750287115949,0.4143414646550415,1.3508140147468652
1549,Coum_Library3_Col012,B2,f31876,Plate 17,Transformant,Coum_Library3,Col012,f31876,14,B2,0.44951643343464676,0.0019260994400687687,0.05315252900975187,0.4143414646550415,1.0848936729247942
1550,Coum_Library3_Col013,B3,f31876,Plate 17,Transformant,Coum_Library3,Col013,f31876,15,B3,0.7080964173045324,0.0084074546713164,0.052532570124876325,0.4143414646550415,1.7089682730499964
1551,Coum_Library3_Col014,B4,f31876,Plate 17,Transformant,Coum_Library3,Col014,f31876,16,B4,0.27092136693109864,0.009995282895354729,0.005532591087803852,0.4143414646550415,0.6538601372099054
1552,SHK0046,B5,f31876,Plate 17,Control,nan,,f31876,17,B5,0.2591801716945941,0.004565756156580195,0.1135038726481071,0.4143414646550415,0.6255231344282032
1553,Coum_Library3_Col015,B6,f31876,Plate 17,Transformant,Coum_Library3,Col015,f31876,18,B6,0.4571723582430142,0.0018672249804699641,0.09293489196050952,0.4143414646550415,1.1033710049358236
1554,Coum_Library3_Col016,B7,f31876,Plate 17,Transformant,Coum_Library3,Col016,f31876,19,B7,0.25500138581855397,0.013048877203171973,0.005825695734164105,0.4143414646550415,0.6154377670862714
1555,Coum_Library3_Col017,B8,f31876,Plate 17,Transformant,Coum_Library3,Col017,f31876,20,B8,1.0321623088894625,0.003540145850635524,0.0458732026235598,0.4143414646550415,2.491091037072009
1556,SHK0066,B9,f31876,Plate 17,Control,nan,,f31876,21,B9,0.43442602162261845,0.004228219449661223,0.0667887735073937,0.4143414646550415,1.048473442029989
1557,Coum_Library3_Col018,B10,f31876,Plate 17,Transformant,Coum_Library3,Col018,f31876,22,B10,0.29475803001661566,0.0027677294190503036,0.05896861679256293,0.4143414646550415,0.7113891685014325
1558,Coum_Library3_Col019,B11,f31876,Plate 17,Transformant,Coum_Library3,Col019,f31876,23,B11,0.3605051925596035,0.0037991844801166584,0.04740652320451699,0.4143414646550415,0.8700678626498094
1559,Coum_Library3_Col020,B12,f31876,Plate 17,Transformant,Coum_Library3,Col020,f31876,24,B12,0.4885430257489195,0.0018540800434349376,0.061153964359169324,0.4143414646550415,1.1790831172440206
1560,Coum_Library3_Col021,C1,f31876,Plate 17,Transformant,Coum_Library3,Col021,f31876,25,C1,0.4628310828737741,0.015653020771501717,0.0294414680440445,0.4143414646550415,1.117028157582786
1561,Coum_Library3_Col022,C2,f31876,Plate 17,Transformant,Coum_Library3,Col022,f31876,26,C2,0.5130925237055468,0.00705082230370998,0.03064659734266455,0.4143414646550415,1.2383325529167595
1562,Coum_Library3_Col023,C3,f31876,Plate 17,Transformant,Coum_Library3,Col023,f31876,27,C3,0.2935930006168973,0.002056002919740223,0.06028505141105754,0.4143414646550415,0.7085774069494278
1563,Coum_Library3_Col024,C4,f31876,Plate 17,Transformant,Coum_Library3,Col024,f31876,28,C4,0.6789770522986871,0.00028114128328165475,0.053460682773509405,0.4143414646550415,1.638689608011998
1564,Coum_Library3_Col025,C5,f31876,Plate 17,Transformant,Coum_Library3,Col025,f31876,29,C5,0.7817668686104411,0.0024312218336587223,0.05473849267913307,0.4143414646550415,1.886769573644526
1565,Coum_Library3_Col026,C6,f31876,Plate 17,Transformant,Coum_Library3,Col026,f31876,30,C6,0.49305719523949104,0.015097710425770934,0.046917830488942575,0.4143414646550415,1.1899779223157982
1567,Coum_Library3_Col028,C8,f31876,Plate 17,Transformant,Coum_Library3,Col028,f31876,32,C8,0.22481559796705375,0.01489265786433602,0.0038512090203886395,0.4143414646550415,0.5425853242909762
1568,Coum_Library3_Col029,C9,f31876,Plate 17,Transformant,Coum_Library3,Col029,f31876,33,C9,0.5477375405055991,0.008595404426568342,0.14822260143680865,0.4143414646550415,1.321947203526
1569,Coum_Library3_Col030,C10,f31876,Plate 17,Transformant,Coum_Library3,Col030,f31876,34,C10,0.2581126701179716,0.0034255368187782347,0.08337720363580141,0.4143414646550415,0.6229467531878867
1570,Coum_Library3_Col031,C11,f31876,Plate 17,Transformant,Coum_Library3,Col031,f31876,35,C11,0.23835552219210712,0.005123960865044023,0.09033842131503947,0.4143414646550415,0.5752635025088526
1571,Coum_Library3_Col032,C12,f31876,Plate 17,Transformant,Coum_Library3,Col032,f31876,36,C12,0.5107105875092448,0.007080263659214977,0.07588725730851259,0.4143414646550415,1.2325838253587174
1572,Coum_Library3_Col033,D1,f31876,Plate 17,Transformant,Coum_Library3,Col033,f31876,37,D1,0.3550551035759601,0.10763908944908465,0.023483591056217022,0.4143414646550415,0.8569142455282865
1573,Coum_Library3_Col034,D2,f31876,Plate 17,Transformant,Coum_Library3,Col034,f31876,38,D2,0.5389348731119742,0.006240581993789141,0.05191692858042216,0.4143414646550415,1.3007022446104024
1574,Coum_Library3_Col035,D3,f31876,Plate 17,Transformant,Coum_Library3,Col035,f31876,39,D3,0.46416513160246126,0.001714010254747856,0.053704435960793225,0.4143414646550415,1.1202478419312927
1575,Coum_Library3_Col036,D4,f31876,Plate 17,Transformant,Coum_Library3,Col036,f31876,40,D4,0.9061037167831489,0.00510837690979157,0.02446027403444629,0.4143414646550415,2.1868526181359194
1576,Coum_Library3_Col037,D5,f31876,Plate 17,Transformant,Coum_Library3,Col037,f31876,41,D5,0.26821068883196353,0.006513109157930632,0.05325808721702881,0.4143414646550415,0.6473180014828142
1577,Coum_Library3_Col038,D6,f31876,Plate 17,Transformant,Coum_Library3,Col038,f31876,42,D6,0.5208929371654494,0.001858337874939536,0.0657724015904454,0.4143414646550415,1.257158603711354
1578,Coum_Library3_Col039,D7,f31876,Plate 17,Transformant,Coum_Library3,Col039,f31876,43,D7,0.500907429889707,0.008695574237094482,0.04559449650237397,0.4143414646550415,1.2089242149750465
1579,Coum_Library3_Col040,D8,f31876,Plate 17,Transformant,Coum_Library3,Col040,f31876,44,D8,0.362947775322603,0.006506145057517971,0.029136815635575134,0.4143414646550415,0.8759629587754965
1580,Coum_Library3_Col041,D9,f31876,Plate 17,Transformant,Coum_Library3,Col041,f31876,45,D9,0.5492264017540782,0.00862412565309009,0.05705324895705312,0.4143414646550415,1.3255405229870842
1582,Coum_Library3_Col043,D11,f31876,Plate 17,Transformant,Coum_Library3,Col043,f31876,47,D11,0.6517672005263747,0.10824466661176976,0.0689574549711205,0.4143414646550415,1.5730194926761703
1583,Coum_Library3_Col044,D12,f31876,Plate 17,Transformant,Coum_Library3,Col044,f31876,48,D12,0.412322753711292,0.005992530082653341,0.08651750775634025,0.4143414646550415,0.9951279050832381
1584,Coum_Library3_Col045,E1,f31876,Plate 17,Transformant,Coum_Library3,Col045,f31876,49,E1,0.4544347030496018,0.011425650384496305,0.07949346338804818,0.4143414646550415,1.0967637608462377
1585,Coum_Library3_Col046,E2,f31876,Plate 17,Transformant,Coum_Library3,Col046,f31876,50,E2,0.5108976194381196,0.003713410438214852,0.058995690911699594,0.4143414646550415,1.2330352209945137
1586,Coum_Library3_Col047,E3,f31876,Plate 17,Transformant,Coum_Library3,Col047,f31876,51,E3,0.4556046985102738,0.0118262955164096,0.06844742959500144,0.4143414646550415,1.0995875078290458
1587,Coum_Library3_Col048,E4,f31876,Plate 17,Transformant,Coum_Library3,Col048,f31876,52,E4,0.6080920904843377,0.004647215114348769,0.07629016615131591,0.4143414646550415,1.467610998070402
1588,Coum_Library3_Col049,E5,f31876,Plate 17,Transformant,Coum_Library3,Col049,f31876,53,E5,0.42456876001371935,-0.002074888866671598,0.08065556192718404,0.4143414646550415,1.0246832533818273
1589,Coum_Library3_Col050,E6,f31876,Plate 17,Transformant,Coum_Library3,Col050,f31876,54,E6,0.5025838036300583,0.011457972453417875,0.06426280129918002,0.4143414646550415,1.2129700898954987
1592,Coum_Library3_Col052,E9,f31876,Plate 17,Transformant,Coum_Library3,Col052,f31876,57,E9,0.28864238081083204,0.15209030173612242,0.05845269819330387,0.4143414646550415,0.6966292428664851
1593,Coum_Library3_Col053,E10,f31876,Plate 17,Transformant,Coum_Library3,Col053,f31876,58,E10,0.5009197867870813,0.023370251971815015,0.0808670404874813,0.4143414646550415,1.2089540379554342
1594,SHK0058,E11,f31876,Plate 17,Control,nan,,f31876,59,E11,0.39263415135862495,0.005889532999257218,0.06710895428364672,0.4143414646550415,0.9476100869738227
1595,Coum_Library3_Col054,E12,f31876,Plate 17,Transformant,Coum_Library3,Col054,f31876,60,E12,0.3852731644798955,-4.64136429425308e-05,0.06647043186597551,0.4143414646550415,0.9298445783133322
1596,Coum_Library3_Col055,F1,f31876,Plate 17,Transformant,Coum_Library3,Col055,f31876,61,F1,0.4784612432442155,0.0077286103762695445,0.0473582333295174,0.4143414646550415,1.154751054525901
1598,Coum_Library3_Col057,F3,f31876,Plate 17,Transformant,Coum_Library3,Col057,f31876,63,F3,0.3943414430203708,0.15916278428866118,0.08777745265006433,0.4143414646550415,0.9517305813181848
1599,SHK0066,F4,f31876,Plate 17,Control,nan,,f31876,64,F4,0.4231231943076529,0.013508407575004969,0.0585092042075473,0.4143414646550415,1.0211944263408987
1600,Coum_Library3_Col058,F5,f31876,Plate 17,Transformant,Coum_Library3,Col058,f31876,65,F5,0.4149245746395121,0.6055463797938733,0.02529747135603337,0.4143414646550415,1.0014073174765554
1601,Coum_Library3_Col059,F6,f31876,Plate 17,Transformant,Coum_Library3,Col059,f31876,66,F6,0.39203974439850053,0.006054287871170407,0.05481220920876554,0.4143414646550415,0.9461755046043769
1602,Coum_Library3_Col060,F7,f31876,Plate 17,Transformant,Coum_Library3,Col060,f31876,67,F7,0.49678750321970955,0.011832970867823278,0.04948185571021602,0.4143414646550415,1.198980902462437
1603,Coum_Library3_Col061,F8,f31876,Plate 17,Transformant,Coum_Library3,Col061,f31876,68,F8,0.5580502474855928,0.007561669650591147,0.036075746736383855,0.4143414646550415,1.3468365951503203
1604,Coum_Library3_Col062,F9,f31876,Plate 17,Transformant,Coum_Library3,Col062,f31876,69,F9,0.4205352574316758,0.00597408298259667,0.096544950253155,0.4143414646550415,1.0149485226678698
1605,Coum_Library3_Col063,F10,f31876,Plate 17,Transformant,Coum_Library3,Col063,f31876,70,F10,0.4148424255919035,-0.0007615686648300006,0.0655065142110621,0.4143414646550415,1.0012090533523577
1607,Coum_Library3_Col065,F12,f31876,Plate 17,Transformant,Coum_Library3,Col065,f31876,72,F12,0.43239189964987756,0.1726961875050426,0.05853512893607133,0.4143414646550415,1.043564153082926
1608,SHK0046,G1,f31876,Plate 17,Control,nan,,f31876,73,G1,0.2371747279152082,0.009550110229938338,0.11662059199484798,0.4143414646550415,0.5724136929251509
1609,Coum_Library3_Col066,G2,f31876,Plate 17,Transformant,Coum_Library3,Col066,f31876,74,G2,0.3079995678854329,0.007308486138756153,0.05182374186289015,0.4143414646550415,0.7433472007004098
1610,Coum_Library3_Col067,G3,f31876,Plate 17,Transformant,Coum_Library3,Col067,f31876,75,G3,0.7327537189272367,0.005504091999132902,0.030547182003891348,0.4143414646550415,1.7684778894559543
1612,Coum_Library3_Col069,G5,f31876,Plate 17,Transformant,Coum_Library3,Col069,f31876,77,G5,0.612490885163664,0.11783799476031989,0.11664671427891352,0.4143414646550415,1.4782273496899256
1613,Coum_Library3_Col070,G6,f31876,Plate 17,Transformant,Coum_Library3,Col070,f31876,78,G6,0.3894338933211968,0.0009168794307733019,0.03540144333694544,0.4143414646550415,0.939886365573908
1614,SHK0058,G7,f31876,Plate 17,Control,nan,,f31876,79,G7,0.4285821834825389,0.004360328603803148,0.06431954490604884,0.4143414646550415,1.0343695237920574
1615,Coum_Library3_Col071,G8,f31876,Plate 17,Transformant,Coum_Library3,Col071,f31876,80,G8,0.5294462505021598,0.005377819488780624,0.06649436729491288,0.4143414646550415,1.277801754509287
1616,Coum_Library3_Col072,G9,f31876,Plate 17,Transformant,Coum_Library3,Col072,f31876,81,G9,0.29908099809283645,0.011089227515374408,0.007942921416617644,0.4143414646550415,0.7218225150162928
1617,Coum_Library3_Col073,G10,f31876,Plate 17,Transformant,Coum_Library3,Col073,f31876,82,G10,0.4592392402765723,0.0042964756212399155,0.07857925642910567,0.4143414646550415,1.1083593592519403
1618,Coum_Library3_Col074,G11,f31876,Plate 17,Transformant,Coum_Library3,Col074,f31876,83,G11,0.2693694133070541,0.026988247883012243,0.003712563212461484,0.4143414646550415,0.6501145462989485
1620,Coum_Library3_Col076,H1,f31876,Plate 17,Transformant,Coum_Library3,Col076,f31876,85,H1,0.7259638640628624,0.07823423468185471,0.046592856280437134,0.4143414646550415,1.7520907898205673
1622,Coum_Library3_Col078,H3,f31876,Plate 17,Transformant,Coum_Library3,Col078,f31876,87,H3,0.8404872915146457,0.15717105144229584,0.0676734030793994,0.4143414646550415,2.0284894542581937
1623,Coum_Library3_Col079,H4,f31876,Plate 17,Transformant,Coum_Library3,Col079,f31876,88,H4,0.4860133401369147,0.007077313881462196,0.03866225032588234,0.4143414646550415,1.1729778011513845
1624,Coum_Library3_Col080,H5,f31876,Plate 17,Transformant,Coum_Library3,Col080,f31876,89,H5,0.3493212114770784,0.0040904851773704495,0.0902634968746594,0.4143414646550415,0.8430756785780649
1625,Coum_Library3_Col081,H6,f31876,Plate 17,Transformant,Coum_Library3,Col081,f31876,90,H6,0.40401746089561974,0.014203938106958127,0.05736523764841305,0.4143414646550415,0.9750833439563743
1626,Coum_Library3_Col082,H7,f31876,Plate 17,Transformant,Coum_Library3,Col082,f31876,91,H7,0.32913491391432076,0.0006765271761847676,0.06200428684508595,0.4143414646550415,0.7943566888444072
1627,Coum_Library3_Col083,H8,f31876,Plate 17,Transformant,Coum_Library3,Col083,f31876,92,H8,0.8408536437413365,0.0013606358105431732,0.054667880156414383,0.4143414646550415,2.0293736337525043
1628,Coum_Library3_Col084,H9,f31876,Plate 17,Transformant,Coum_Library3,Col084,f31876,93,H9,0.3580346629648302,0.002711192314384923,0.061145714927722965,0.4143414646550415,0.8641053177308978
1629,SHK0046,H10,f31876,Plate 17,Control,nan,,f31876,94,H10,0.2195142040803103,0.003597806490473188,0.12227401042306288,0.4143414646550415,0.5297905780756605
1630,Coum_Library3_Col085,H11,f31876,Plate 17,Transformant,Coum_Library3,Col085,f31876,95,H11,0.42138392428783655,0.001035931833608392,0.05860170011114871,0.4143414646550415,1.0169967532423003
1631,Coum_Library3_Col086,H12,f31876,Plate 17,Transformant,Coum_Library3,Col086,f31876,96,H12,0.44349381518244546,0.015543419890929923,0.061252382768862884,0.4143414646550415,1.0703582745494098
1632,Coum_Library3_Col087,A1,f31877,Plate 18,Transformant,Coum_Library3,Col087,f31877,1,A1,0.5304817396523631,0.01010041890118907,0.07131527086439816,0.48881478140884876,1.0852407902302441
1633,SHK0058,A2,f31877,Plate 18,Control,nan,,f31877,2,A2,0.4930010023936359,0.0019341748242169565,0.058718232390424945,0.48881478140884876,1.0085640229060213
1634,Coum_Library3_Col088,A3,f31877,Plate 18,Transformant,Coum_Library3,Col088,f31877,3,A3,0.7860370689287798,0.005548370590984897,0.07174028011754842,0.48881478140884876,1.6080468488765518
1635,Coum_Library3_Col089,A4,f31877,Plate 18,Transformant,Coum_Library3,Col089,f31877,4,A4,0.4921643580801255,-0.0008521839493120055,0.041646608477752804,0.48881478140884876,1.0068524455451668
1636,Coum_Library3_Col090,A5,f31877,Plate 18,Transformant,Coum_Library3,Col090,f31877,5,A5,0.5879428892376988,0.007914760737170535,0.08005915329358805,0.48881478140884876,1.2027927787763406
1637,Coum_Library3_Col091,A6,f31877,Plate 18,Transformant,Coum_Library3,Col091,f31877,6,A6,0.46280220811169737,0.0003495750091512842,0.06318941754082973,0.48881478140884876,0.9467843971039938
1638,Coum_Library3_Col092,A7,f31877,Plate 18,Transformant,Coum_Library3,Col092,f31877,7,A7,0.5052144123866115,0.01207018034281865,0.09470020145393551,0.48881478140884876,1.0335497853205178
1639,Coum_Library3_Col093,A8,f31877,Plate 18,Transformant,Coum_Library3,Col093,f31877,8,A8,0.4360106184601425,0.014087271293745296,0.045535769826901114,0.48881478140884876,0.8919751100887017
1640,Coum_Library3_Col094,A9,f31877,Plate 18,Transformant,Coum_Library3,Col094,f31877,9,A9,0.54738061779949,-0.0028595885775705384,0.049805831819002486,0.48881478140884876,1.1198119177612518
1641,Coum_Library3_Col095,A10,f31877,Plate 18,Transformant,Coum_Library3,Col095,f31877,10,A10,0.5201926243495544,-0.0007405642333854064,0.07735579830388839,0.48881478140884876,1.0641916818682717
1642,Coum_Library3_Col096,A11,f31877,Plate 18,Transformant,Coum_Library3,Col096,f31877,11,A11,0.8207083308778046,0.0032292340286909464,0.02723245269635034,0.48881478140884876,1.6789760909283087
1643,SHK0066,A12,f31877,Plate 18,Control,nan,,f31877,12,A12,0.4739003575686756,0.003039030816030014,0.05770382037121657,0.48881478140884876,0.9694885989388716
1644,Coum_Library3_Col097,B1,f31877,Plate 18,Transformant,Coum_Library3,Col097,f31877,13,B1,0.669643074387779,0.009395609246779875,0.07766491112204063,0.48881478140884876,1.3699321294207836
1645,Coum_Library3_Col098,B2,f31877,Plate 18,Transformant,Coum_Library3,Col098,f31877,14,B2,0.571532172174109,0.0031287386043790137,0.07135374257138917,0.48881478140884876,1.1692203139333357
1646,Coum_Library3_Col099,B3,f31877,Plate 18,Transformant,Coum_Library3,Col099,f31877,15,B3,0.4638762864312548,0.005789164713261722,0.08309467776975187,0.48881478140884876,0.9489817085610281
1647,Coum_Library3_Col100,B4,f31877,Plate 18,Transformant,Coum_Library3,Col100,f31877,16,B4,0.2791216773380429,0.014510906146004877,0.039109465973215254,0.48881478140884876,0.571017260430558
1648,SHK0046,B5,f31877,Plate 18,Control,nan,,f31877,17,B5,0.2844700624901499,0.004243540482460532,0.1183482193309587,0.48881478140884876,0.5819587977070946
1649,Coum_Library3_Col101,B6,f31877,Plate 18,Transformant,Coum_Library3,Col101,f31877,18,B6,0.49589936795213024,0.016587780616995913,0.0349724043936938,0.48881478140884876,1.0144933967071585
1650,Coum_Library3_Col102,B7,f31877,Plate 18,Transformant,Coum_Library3,Col102,f31877,19,B7,0.5061495600526452,-0.0003771729499834675,0.06348429799897297,0.48881478140884876,1.03546287735783
1651,Coum_Library3_Col103,B8,f31877,Plate 18,Transformant,Coum_Library3,Col103,f31877,20,B8,0.49384985073615756,0.026837225425398244,0.07059296129474084,0.48881478140884876,1.0103005668380094
1652,SHK0066,B9,f31877,Plate 18,Control,nan,,f31877,21,B9,0.4846285604240616,0.00953091827624284,0.06025553281371845,0.48881478140884876,0.9914359770939787
1653,Coum_Library3_Col104,B10,f31877,Plate 18,Transformant,Coum_Library3,Col104,f31877,22,B10,0.5230890787271727,0.006789222311895777,0.054097599302814124,0.48881478140884876,1.070117145843134
1655,Coum_Library3_Col106,B12,f31877,Plate 18,Transformant,Coum_Library3,Col106,f31877,24,B12,0.5580806269737398,0.08374721195899959,0.06634181534642038,0.48881478140884876,1.1417016182801487
1656,Coum_Library3_Col107,C1,f31877,Plate 18,Transformant,Coum_Library3,Col107,f31877,25,C1,0.6749081295041905,0.003556767699787811,0.07153007699744138,0.48881478140884876,1.3807031930560458
1657,Coum_Library3_Col108,C2,f31877,Plate 18,Transformant,Coum_Library3,Col108,f31877,26,C2,0.6118689257507325,0.0026497652553557783,0.05603855298858896,0.48881478140884876,1.2517398184793438
1658,Coum_Library3_Col109,C3,f31877,Plate 18,Transformant,Coum_Library3,Col109,f31877,27,C3,0.5317160244548932,0.006151748473677375,0.05883347086224122,0.48881478140884876,1.087765846446778
1659,Coum_Library3_Col110,C4,f31877,Plate 18,Transformant,Coum_Library3,Col110,f31877,28,C4,0.5211587733562554,0.011011733352559191,0.06694274886198413,0.48881478140884876,1.0661681953524107
1660,Coum_Library3_Col111,C5,f31877,Plate 18,Transformant,Coum_Library3,Col111,f31877,29,C5,0.5060891399850811,0.009639591032683175,0.06015944939914309,0.48881478140884876,1.0353392721194818
1662,Coum_Library3_Col113,C7,f31877,Plate 18,Transformant,Coum_Library3,Col113,f31877,31,C7,0.8202696149095734,0.007462226141744681,0.05071537027043268,0.48881478140884876,1.6780785813092935
1663,Coum_Library3_Col114,C8,f31877,Plate 18,Transformant,Coum_Library3,Col114,f31877,32,C8,0.4927191267096493,0.003193747637201171,0.039334613382822015,0.48881478140884876,1.0079873715961443
1664,Coum_Library3_Col115,C9,f31877,Plate 18,Transformant,Coum_Library3,Col115,f31877,33,C9,0.47274977026673787,0.002284412723019522,0.060485982867865606,0.48881478140884876,0.9671347681103081
1665,Coum_Library3_Col116,C10,f31877,Plate 18,Transformant,Coum_Library3,Col116,f31877,34,C10,0.5934526008978108,0.004154098257774409,0.05741555817630859,0.48881478140884876,1.2140643521199947
1666,Coum_Library3_Col117,C11,f31877,Plate 18,Transformant,Coum_Library3,Col117,f31877,35,C11,0.5055465887967162,-0.0005019308635828146,0.05639757492836826,0.48881478140884876,1.0342293400777356
1667,Coum_Library3_Col118,C12,f31877,Plate 18,Transformant,Coum_Library3,Col118,f31877,36,C12,0.4605174289240441,0.011987143007519943,0.06725745587077536,0.48881478140884876,0.9421102766097892
1668,Coum_Library3_Col119,D1,f31877,Plate 18,Transformant,Coum_Library3,Col119,f31877,37,D1,0.5687022414919298,0.003277626128040525,0.05077323802510619,0.48881478140884876,1.1634309417829625
1669,Coum_Library3_Col120,D2,f31877,Plate 18,Transformant,Coum_Library3,Col120,f31877,38,D2,0.6405248307527482,0.01582593161027504,0.036069737818323296,0.48881478140884876,1.3103630559342843
1670,Coum_Library3_Col121,D3,f31877,Plate 18,Transformant,Coum_Library3,Col121,f31877,39,D3,0.5352324817058373,0.007630684408710947,0.06044193144470098,0.48881478140884876,1.0949596903825303
1671,Coum_Library3_Col122,D4,f31877,Plate 18,Transformant,Coum_Library3,Col122,f31877,40,D4,0.5232485637280763,-0.0023156797572656414,0.0563041061685248,0.48881478140884876,1.0704434146201214
1672,Coum_Library3_Col123,D5,f31877,Plate 18,Transformant,Coum_Library3,Col123,f31877,41,D5,0.4525344009883521,0.0037906736421416533,0.063619100929367,0.48881478140884876,0.9257788802623147
1673,Coum_Library3_Col124,D6,f31877,Plate 18,Transformant,Coum_Library3,Col124,f31877,42,D6,0.5096175644708736,0.004222786925806237,0.04215109122126412,0.48881478140884876,1.04255759820124
1674,Coum_Library3_Col125,D7,f31877,Plate 18,Transformant,Coum_Library3,Col125,f31877,43,D7,0.47649310120403165,0.012497753663321665,0.04797269566350565,0.48881478140884876,0.9747927422135151
1675,Coum_Library3_Col126,D8,f31877,Plate 18,Transformant,Coum_Library3,Col126,f31877,44,D8,0.6930223775789397,0.0017757983897213044,0.05406864420841808,0.48881478140884876,1.4177606814211496
1676,Coum_Library3_Col127,D9,f31877,Plate 18,Transformant,Coum_Library3,Col127,f31877,45,D9,0.43729201769321246,0.0013648318175799963,0.049382579226969835,0.48881478140884876,0.8945965513417193
1677,Coum_Library3_Col128,D10,f31877,Plate 18,Transformant,Coum_Library3,Col128,f31877,46,D10,0.6707028734397822,0.00922120001790682,0.08011429462243809,0.48881478140884876,1.3721002288570334
1678,Coum_Library3_Col129,D11,f31877,Plate 18,Transformant,Coum_Library3,Col129,f31877,47,D11,0.4924703930810497,0.010701422318490828,0.0913480966459362,0.48881478140884876,1.0074785211315926
1679,Coum_Library3_Col130,D12,f31877,Plate 18,Transformant,Coum_Library3,Col130,f31877,48,D12,0.7880346028562909,0.001774762599235239,0.0749455037281126,0.48881478140884876,1.6121333331717973
1680,Coum_Library3_Col131,E1,f31877,Plate 18,Transformant,Coum_Library3,Col131,f31877,49,E1,0.44410807294294086,0.017629472244885463,0.05200328064319187,0.48881478140884876,0.9085405962212202
1681,Coum_Library3_Col132,E2,f31877,Plate 18,Transformant,Coum_Library3,Col132,f31877,50,E2,0.6929430687436244,0.013209333392235494,0.06700983954348629,0.48881478140884876,1.417598434209462
1682,Coum_Library3_Col133,E3,f31877,Plate 18,Transformant,Coum_Library3,Col133,f31877,51,E3,0.5294861143403988,-0.0026688707049923833,0.052522625336360214,0.48881478140884876,1.0832039751627973
1683,Coum_Library3_Col134,E4,f31877,Plate 18,Transformant,Coum_Library3,Col134,f31877,52,E4,0.2768743777962919,0.014620891604865209,0.0057620243136819625,0.48881478140884876,0.5664198144710192
1684,Coum_Library3_Col135,E5,f31877,Plate 18,Transformant,Coum_Library3,Col135,f31877,53,E5,0.4914986660556644,0.0036219719607176507,0.060819233322863764,0.48881478140884876,1.0054905963340146
1685,Coum_Library3_Col136,E6,f31877,Plate 18,Transformant,Coum_Library3,Col136,f31877,54,E6,0.8247532845108504,0.003384235576541219,0.0648943582742367,0.48881478140884876,1.6872511140799973
1686,Coum_Library3_Col137,E7,f31877,Plate 18,Transformant,Coum_Library3,Col137,f31877,55,E7,0.43834638383971297,0.0018679070326787191,0.04852063031232111,0.48881478140884876,0.8967535363319473
1688,Coum_Library3_Col138,E9,f31877,Plate 18,Transformant,Coum_Library3,Col138,f31877,57,E9,0.49523436862641107,0.18618369109877989,0.03367307679788253,0.48881478140884876,1.0131329645946057
1689,Coum_Library3_Col139,E10,f31877,Plate 18,Transformant,Coum_Library3,Col139,f31877,58,E10,0.8249695945747603,0.01221014424792205,0.1399049012212427,0.48881478140884876,1.6876936335620931
1690,SHK0058,E11,f31877,Plate 18,Control,nan,,f31877,59,E11,0.4948875050904273,-0.0004561148362803737,0.052728254587037775,0.48881478140884876,1.0124233634344606
1691,Coum_Library3_Col140,E12,f31877,Plate 18,Transformant,Coum_Library3,Col140,f31877,60,E12,0.9447913904838979,0.01239112361355508,0.03176480612301766,0.48881478140884876,1.9328208278825891
1692,Coum_Library3_Col141,F1,f31877,Plate 18,Transformant,Coum_Library3,Col141,f31877,61,F1,0.473406616232387,0.0003308064938313981,0.07105909256455548,0.48881478140884876,0.9684785203670544
1693,Coum_Library3_Col142,F2,f31877,Plate 18,Transformant,Coum_Library3,Col142,f31877,62,F2,0.5612504359846445,0.00535673807098973,0.07849715670278912,0.48881478140884876,1.1481863015005882
1694,Coum_Library3_Col143,F3,f31877,Plate 18,Transformant,Coum_Library3,Col143,f31877,63,F3,0.685536737118844,0.0013201210343898452,0.06255591303531588,0.48881478140884876,1.4024468227883955
1695,SHK0066,F4,f31877,Plate 18,Control,nan,,f31877,64,F4,0.49802653254355944,-0.00048446519468307994,0.0634185488755933,0.48881478140884876,1.0188450748321498
1696,Coum_Library3_Col144,F5,f31877,Plate 18,Transformant,Coum_Library3,Col144,f31877,65,F5,0.6412006179213081,0.0024813173437979045,0.045690130974716046,0.48881478140884876,1.3117455574343662
1698,Coum_Library3_Col146,F7,f31877,Plate 18,Transformant,Coum_Library3,Col146,f31877,67,F7,0.5281957606820079,0.16420131349070688,0.06598936596071805,0.48881478140884876,1.0805642152630008
1699,Coum_Library3_Col147,F8,f31877,Plate 18,Transformant,Coum_Library3,Col147,f31877,68,F8,0.9344882475427885,0.010596059362627008,0.039732533318571454,0.48881478140884876,1.911743022274064
1700,Coum_Library3_Col148,F9,f31877,Plate 18,Transformant,Coum_Library3,Col148,f31877,69,F9,0.5645544558154689,0.007525051961042261,0.04617304664741662,0.48881478140884876,1.1549455484720108
1701,Coum_Library3_Col149,F10,f31877,Plate 18,Transformant,Coum_Library3,Col149,f31877,70,F10,0.30569479084300755,0.007536179092621315,0.018820036611662087,0.48881478140884876,0.6253795966683787
1702,Coum_Library3_Col150,F11,f31877,Plate 18,Transformant,Coum_Library3,Col150,f31877,71,F11,0.8906627828018657,0.012577469186506584,0.059708846919401586,0.48881478140884876,1.8220864357555258
1703,Coum_Library3_Col151,F12,f31877,Plate 18,Transformant,Coum_Library3,Col151,f31877,72,F12,0.4973091820971781,0.00702524626693923,0.0522964700612261,0.48881478140884876,1.0173775446475801
1704,SHK0046,G1,f31877,Plate 18,Control,nan,,f31877,73,G1,0.28526852698000216,0.004356892375781889,0.1013761488319226,0.48881478140884876,0.5835922681343819
1705,Coum_Library3_Col152,G2,f31877,Plate 18,Transformant,Coum_Library3,Col152,f31877,74,G2,0.593737559779027,-0.0011602057263246516,0.05653036687745266,0.48881478140884876,1.2146473109257716
1706,Coum_Library3_Col153,G3,f31877,Plate 18,Transformant,Coum_Library3,Col153,f31877,75,G3,0.5332386717181526,-0.0010600110618892587,0.06272029354287842,0.48881478140884876,1.090880824391739
1707,Coum_Library3_Col154,G4,f31877,Plate 18,Transformant,Coum_Library3,Col154,f31877,76,G4,0.4882593617625181,0.0003800323408596651,0.05208488619994177,0.48881478140884876,0.9988637421218527
1708,Coum_Library3_Col155,G5,f31877,Plate 18,Transformant,Coum_Library3,Col155,f31877,77,G5,0.5260355673412468,0.0012312977311567822,0.08438887775072232,0.48881478140884876,1.0761449680902064
1709,Coum_Library3_Col156,G6,f31877,Plate 18,Transformant,Coum_Library3,Col156,f31877,78,G6,0.45933587167967,0.0024123527890003854,0.06539757477396452,0.48881478140884876,0.9396930885677895
1710,SHK0058,G7,f31877,Plate 18,Control,nan,,f31877,79,G7,0.43680272290988154,0.0037712249936435946,0.06875134217059857,0.48881478140884876,0.8935955693707553
1711,Coum_Library3_Col157,G8,f31877,Plate 18,Transformant,Coum_Library3,Col157,f31877,80,G8,0.4772381849505772,0.0019074289008183187,0.04595354814731042,0.48881478140884876,0.976317008203177
1712,Coum_Library3_Col158,G9,f31877,Plate 18,Transformant,Coum_Library3,Col158,f31877,81,G9,0.5007032207979212,0.011746676205306703,0.008951355747611125,0.48881478140884876,1.0243209490408778
1713,Coum_Library3_Col159,G10,f31877,Plate 18,Transformant,Coum_Library3,Col159,f31877,82,G10,0.552692350558455,-0.0009490303264996676,0.07713476318606995,0.48881478140884876,1.1306784728675758
1714,Coum_Library3_Col160,G11,f31877,Plate 18,Transformant,Coum_Library3,Col160,f31877,83,G11,0.6329374256648126,-0.0017873275758349726,0.06061056132308162,0.48881478140884876,1.2948410108233173
1715,Coum_Library3_Col161,G12,f31877,Plate 18,Transformant,Coum_Library3,Col161,f31877,84,G12,0.3479054267437445,0.00874636763441481,0.02739981846811139,0.48881478140884876,0.7117326234305371
1716,Coum_Library3_Col162,H1,f31877,Plate 18,Transformant,Coum_Library3,Col162,f31877,85,H1,0.6924249724166911,0.0031842165376121207,0.06923307094746274,0.48881478140884876,1.4165385310587428
1717,Coum_Library3_Col163,H2,f31877,Plate 18,Transformant,Coum_Library3,Col163,f31877,86,H2,0.5159627505825939,0.007719722990062652,0.06541213569579983,0.48881478140884876,1.0555383556436244
1718,Coum_Library3_Col164,H3,f31877,Plate 18,Transformant,Coum_Library3,Col164,f31877,87,H3,0.5027309579406788,-0.00429399792233229,0.06735275807957448,0.48881478140884876,1.0284692220061782
1719,Coum_Library3_Col165,H4,f31877,Plate 18,Transformant,Coum_Library3,Col165,f31877,88,H4,0.22962797075132715,0.01383542057502529,0.0057447288335012925,0.48881478140884876,0.4697647851186079
1720,Coum_Library3_Col166,H5,f31877,Plate 18,Transformant,Coum_Library3,Col166,f31877,89,H5,0.5915544706831597,0.00018043554865443813,0.05122253780709436,0.48881478140884876,1.2101812244265555
1721,Coum_Library3_Col167,H6,f31877,Plate 18,Transformant,Coum_Library3,Col167,f31877,90,H6,0.49823299433870233,0.003374760435414509,0.05220904987230306,0.48881478140884876,1.0192674470741425
1722,Coum_Library3_Col168,H7,f31877,Plate 18,Transformant,Coum_Library3,Col168,f31877,91,H7,0.3233723310206473,0.015870894673727917,0.03106284387394619,0.48881478140884876,0.6615436834553822
1723,Coum_Library3_Col169,H8,f31877,Plate 18,Transformant,Coum_Library3,Col169,f31877,92,H8,0.4880010511133906,0.004104988328487138,0.0630381200318367,0.48881478140884876,0.9983352993272567
1724,Coum_Library3_Col170,H9,f31877,Plate 18,Transformant,Coum_Library3,Col170,f31877,93,H9,0.31608296742840764,0.01479616105052351,0.033280482733161434,0.48881478140884876,0.646631361100419
1725,SHK0046,H10,f31877,Plate 18,Control,nan,,f31877,94,H10,0.275967677494958,0.0011506912104509023,0.12157205909496145,0.48881478140884876,0.5645649190467837
1726,Coum_Library3_Col171,H11,f31877,Plate 18,Transformant,Coum_Library3,Col171,f31877,95,H11,0.4953413438238212,0.004619968074712648,0.0777206761891832,0.48881478140884876,1.0133518106718495
1727,Coum_Library3_Col172,H12,f31877,Plate 18,Transformant,Coum_Library3,Col172,f31877,96,H12,0.4671994734809621,0.0015711518856892817,0.05495782424030393,0.48881478140884876,0.9557801671512722
1728,Coum_Library3_Col173,A1,f31878,Plate 19,Transformant,Coum_Library3,Col173,f31878,1,A1,0.4435468152958198,0.002554093659907019,0.06473237970167997,0.4089458442283207,1.0846101545127351
1729,SHK0058,A2,f31878,Plate 19,Control,nan,,f31878,2,A2,0.4195270359124951,0.0016650514859498143,0.051168257101118296,0.4089458442283207,1.0258743103359838
1731,Coum_Library3_Col175,A4,f31878,Plate 19,Transformant,Coum_Library3,Col175,f31878,4,A4,0.1807458164546119,0.14052042076866686,0.04331824908872941,0.4089458442283207,0.4419798342630883
1734,Coum_Library3_Col178,A7,f31878,Plate 19,Transformant,Coum_Library3,Col178,f31878,7,A7,0.4827493594355737,0.10849436542345911,0.06640708789539854,0.4089458442283207,1.1804725888498022
1735,Coum_Library3_Col179,A8,f31878,Plate 19,Transformant,Coum_Library3,Col179,f31878,8,A8,0.4905921119160305,0.003491514013399308,0.04874015628806272,0.4089458442283207,1.1996505621466236
1736,Coum_Library3_Col180,A9,f31878,Plate 19,Transformant,Coum_Library3,Col180,f31878,9,A9,0.6316166258003574,0.0026472261339209814,0.06236296963783934,0.4089458442283207,1.544499436086007
1737,Coum_Library3_Col181,A10,f31878,Plate 19,Transformant,Coum_Library3,Col181,f31878,10,A10,0.5055967532143356,0.0085372100881329,0.031040605667366633,0.4089458442283207,1.2363415849558144
1738,Coum_Library3_Col182,A11,f31878,Plate 19,Transformant,Coum_Library3,Col182,f31878,11,A11,0.392065447207552,0.003717208617399418,0.06328923394308586,0.4089458442283207,0.9587221700403339
1739,SHK0066,A12,f31878,Plate 19,Control,nan,,f31878,12,A12,0.3957945104229135,0.00186763227827289,0.0605317789610101,0.4089458442283207,0.9678408914260428
1740,Coum_Library3_Col183,B1,f31878,Plate 19,Transformant,Coum_Library3,Col183,f31878,13,B1,0.3699302007219214,0.009531533595786545,0.04027797589025494,0.4089458442283207,0.9045945959421066
1741,Coum_Library3_Col184,B2,f31878,Plate 19,Transformant,Coum_Library3,Col184,f31878,14,B2,0.3935117704902499,0.0003943482214924234,0.0540424350639326,0.4089458442283207,0.9622588810819319
1742,Coum_Library3_Col185,B3,f31878,Plate 19,Transformant,Coum_Library3,Col185,f31878,15,B3,0.4424535820466491,0.01621272921838199,0.07215522384757003,0.4089458442283207,1.081936858611578
1743,Coum_Library3_Col186,B4,f31878,Plate 19,Transformant,Coum_Library3,Col186,f31878,16,B4,0.43004621295888135,0.0008352481896277533,0.05188400371075878,0.4089458442283207,1.051596975561341
1744,SHK0046,B5,f31878,Plate 19,Control,nan,,f31878,17,B5,0.25759704292152485,0.0020946521368851076,0.0855517984285084,0.4089458442283207,0.6299050266854026
1745,Coum_Library3_Col187,B6,f31878,Plate 19,Transformant,Coum_Library3,Col187,f31878,18,B6,0.5122160767151784,-0.0027270967041252213,0.04237894987308338,0.4089458442283207,1.2525278932268606
1746,Coum_Library3_Col188,B7,f31878,Plate 19,Transformant,Coum_Library3,Col188,f31878,19,B7,0.39046926061954484,0.8597973899715978,0.012107286286812239,0.4089458442283207,0.9548189965259554
1747,Coum_Library3_Col189,B8,f31878,Plate 19,Transformant,Coum_Library3,Col189,f31878,20,B8,0.4437559622653788,0.004277661430837484,0.047265421752784836,0.4089458442283207,1.0851215840149804
1748,SHK0066,B9,f31878,Plate 19,Control,nan,,f31878,21,B9,0.439042262772932,0.002938499858000283,0.04865866009479999,0.4089458442283207,1.0735951201592553
1749,Coum_Library3_Col190,B10,f31878,Plate 19,Transformant,Coum_Library3,Col190,f31878,22,B10,0.3394236669578808,0.008758612658009646,0.026000453936285087,0.4089458442283207,0.8299966162961553
1750,Coum_Library3_Col191,B11,f31878,Plate 19,Transformant,Coum_Library3,Col191,f31878,23,B11,0.43278921686154587,0.0010727402517358249,0.04975155491107725,0.4089458442283207,1.0583044747116028
1751,Coum_Library3_Col192,B12,f31878,Plate 19,Transformant,Coum_Library3,Col192,f31878,24,B12,0.22356637574049384,0.004951909199876103,0.005111934249983586,0.4089458442283207,0.5466894428585349
1752,Coum_Library3_Col193,C1,f31878,Plate 19,Transformant,Coum_Library3,Col193,f31878,25,C1,0.32440170106722366,0.003997513181952464,0.06122605703576372,0.4089458442283207,0.7932632294610268
1753,Coum_Library3_Col194,C2,f31878,Plate 19,Transformant,Coum_Library3,Col194,f31878,26,C2,0.3443857613375241,0.0031994505659752206,0.05774493791627455,0.4089458442283207,0.8421304830408015
1754,Coum_Library3_Col195,C3,f31878,Plate 19,Transformant,Coum_Library3,Col195,f31878,27,C3,0.4251146789252443,0.0010592066970721448,0.055257878435191435,0.4089458442283207,1.0395378383840386
1755,Coum_Library3_Col196,C4,f31878,Plate 19,Transformant,Coum_Library3,Col196,f31878,28,C4,0.4735338369073726,0.003514516972242941,0.08081338983129271,0.4089458442283207,1.1579377650870355
1756,Coum_Library3_Col197,C5,f31878,Plate 19,Transformant,Coum_Library3,Col197,f31878,29,C5,0.45271558405241863,0.0033824452156495334,0.09181306040511239,0.4089458442283207,1.1070306507373642
1759,Coum_Library3_Col200,C8,f31878,Plate 19,Transformant,Coum_Library3,Col200,f31878,32,C8,0.4542696361374444,0.1365023622147983,0.08161686725197757,0.4089458442283207,1.110830792264559
1761,Coum_Library3_Col202,C10,f31878,Plate 19,Transformant,Coum_Library3,Col202,f31878,34,C10,0.5439134343190087,0.22091330075222798,0.05955317484032815,0.4089458442283207,1.3300378081732835
1762,Coum_Library3_Col203,C11,f31878,Plate 19,Transformant,Coum_Library3,Col203,f31878,35,C11,0.6308019928676691,0.006901990030969549,0.05693786755243398,0.4089458442283207,1.5425074047591563
1763,Coum_Library3_Col204,C12,f31878,Plate 19,Transformant,Coum_Library3,Col204,f31878,36,C12,0.5454880068790754,0.005575911027050747,0.06900370089023804,0.4089458442283207,1.3338881286552973
1766,Coum_Library3_Col207,D3,f31878,Plate 19,Transformant,Coum_Library3,Col207,f31878,39,D3,0.4317282194547571,0.19216842278572288,0.04100072216508035,0.4089458442283207,1.0557100054884447
1767,Coum_Library3_Col208,D4,f31878,Plate 19,Transformant,Coum_Library3,Col208,f31878,40,D4,0.9017971288342777,0.005405698695319082,0.04815878005639506,0.4089458442283207,2.2051749432396495
1768,Coum_Library3_Col209,D5,f31878,Plate 19,Transformant,Coum_Library3,Col209,f31878,41,D5,0.6026326642260019,0.011535402827961231,0.07795896701790497,0.4089458442283207,1.47362461981529
1769,Coum_Library3_Col210,D6,f31878,Plate 19,Transformant,Coum_Library3,Col210,f31878,42,D6,0.31484786634100553,0.0073396862987146734,0.006459709419886174,0.4089458442283207,0.7699011269698126
1770,Coum_Library3_Col211,D7,f31878,Plate 19,Transformant,Coum_Library3,Col211,f31878,43,D7,0.25070992363371647,0.007458551932926059,0.013639946526224161,0.4089458442283207,0.6130638742809703
1772,Coum_Library3_Col213,D9,f31878,Plate 19,Transformant,Coum_Library3,Col213,f31878,45,D9,0.25673267631275465,0.17133979394454577,0.05221640226546934,0.4089458442283207,0.6277913810255445
1773,Coum_Library3_Col214,D10,f31878,Plate 19,Transformant,Coum_Library3,Col214,f31878,46,D10,0.6531809932836239,0.004667677527010723,0.07146811117225482,0.4089458442283207,1.5972310331608186
1774,Coum_Library3_Col215,D11,f31878,Plate 19,Transformant,Coum_Library3,Col215,f31878,47,D11,0.4811061453893695,0.001313796865740505,0.047322498839003004,0.4089458442283207,1.1764544185482921
1775,Coum_Library3_Col216,D12,f31878,Plate 19,Transformant,Coum_Library3,Col216,f31878,48,D12,0.5278875464468377,0.0042404896225587685,0.04983655932641096,0.4089458442283207,1.2908495193121707
1776,Coum_Library3_Col217,E1,f31878,Plate 19,Transformant,Coum_Library3,Col217,f31878,49,E1,0.3909915258657675,0.006938928025348103,0.05327415879479352,0.4089458442283207,0.9560960977695399
1777,Coum_Library3_Col218,E2,f31878,Plate 19,Transformant,Coum_Library3,Col218,f31878,50,E2,0.41415649381002595,0.0012115229949466212,0.066803297973916,0.4089458442283207,1.0127416616533609
1778,Coum_Library3_Col219,E3,f31878,Plate 19,Transformant,Coum_Library3,Col219,f31878,51,E3,0.40300405027074065,0.005127391034611304,0.05119377057971162,0.4089458442283207,0.9854704625528298
1780,Coum_Library3_Col221,E5,f31878,Plate 19,Transformant,Coum_Library3,Col221,f31878,53,E5,0.24056179297336205,0.07649326625148604,0.0059085881714271895,0.4089458442283207,0.5882485330723957
1781,Coum_Library3_Col222,E6,f31878,Plate 19,Transformant,Coum_Library3,Col222,f31878,54,E6,0.4192242266669525,0.006140124744457844,0.045314946936963786,0.4089458442283207,1.0251338473876097
1782,Coum_Library3_Col223,E7,f31878,Plate 19,Transformant,Coum_Library3,Col223,f31878,55,E7,0.3917574128029306,-0.00029958932643004235,0.04590539100171387,0.4089458442283207,0.9579689299500656
1784,Coum_Library3_Col224,E9,f31878,Plate 19,Transformant,Coum_Library3,Col224,f31878,57,E9,0.4307259866599648,0.21132751477637934,0.05907291893343022,0.4089458442283207,1.0532592340502767
1785,Coum_Library3_Col225,E10,f31878,Plate 19,Transformant,Coum_Library3,Col225,f31878,58,E10,0.32764361241072254,0.006965783786096484,0.022055364607779824,0.4089458442283207,0.8011907127433581
1786,SHK0058,E11,f31878,Plate 19,Control,nan,,f31878,59,E11,0.3983646525441462,0.01301200713211408,0.05931122231651951,0.4089458442283207,0.9741256896640161
1787,Coum_Library3_Col226,E12,f31878,Plate 19,Transformant,Coum_Library3,Col226,f31878,60,E12,0.2697472643241791,0.3918025627572687,0.016618694079587524,0.4089458442283207,0.6596161035287966
1789,Coum_Library3_Col228,F2,f31878,Plate 19,Transformant,Coum_Library3,Col228,f31878,62,F2,0.32917932033095687,0.37146709781866627,0.007729356838387904,0.4089458442283207,0.8049459970723435
1790,Coum_Library3_Col229,F3,f31878,Plate 19,Transformant,Coum_Library3,Col229,f31878,63,F3,0.3247722277276005,0.006082308514366399,0.06279238992200738,0.4089458442283207,0.7941692825866576
1791,SHK0066,F4,f31878,Plate 19,Control,nan,,f31878,64,F4,0.4200492514484569,-0.0013615282573651976,0.04565539504303317,0.4089458442283207,1.0271512900224926
1792,Coum_Library3_Col230,F5,f31878,Plate 19,Transformant,Coum_Library3,Col230,f31878,65,F5,0.23955060245371473,0.005927147088596998,0.004834402675892173,0.4089458442283207,0.5857758572060949
1793,Coum_Library3_Col231,F6,f31878,Plate 19,Transformant,Coum_Library3,Col231,f31878,66,F6,0.20966396543211233,0.0021696430298517775,0.0513719215955565,0.4089458442283207,0.5126937182299711
1794,Coum_Library3_Col232,F7,f31878,Plate 19,Transformant,Coum_Library3,Col232,f31878,67,F7,0.004157180506544086,1.1093551169169216e-05,0.019811229515754997,0.4089458442283207,0.010165601546553604
1795,Coum_Library3_Col233,F8,f31878,Plate 19,Transformant,Coum_Library3,Col233,f31878,68,F8,0.31761629130420826,0.007561187188567553,0.03653820710288403,0.4089458442283207,0.7766707885332569
1796,Coum_Library3_Col234,F9,f31878,Plate 19,Transformant,Coum_Library3,Col234,f31878,69,F9,0.4205911055372073,-0.0019325423992141862,0.04876125979329039,0.4089458442283207,1.0284762920891424
1798,Coum_Library3_Col236,F11,f31878,Plate 19,Transformant,Coum_Library3,Col236,f31878,71,F11,0.4400563432077618,0.18145128154938084,0.08851305845891244,0.4089458442283207,1.0760748627685568
1799,Coum_Library3_Col237,F12,f31878,Plate 19,Transformant,Coum_Library3,Col237,f31878,72,F12,0.3560307394965905,0.10929823941785902,0.006564437832779827,0.4089458442283207,0.8706060827404156
1800,SHK0046,G1,f31878,Plate 19,Control,nan,,f31878,73,G1,-0.008660528002917516,-0.002994800353455696,0.03320112559504676,0.4089458442283207,-0.02117768923476873
1801,Coum_Library3_Col238,G2,f31878,Plate 19,Transformant,Coum_Library3,Col238,f31878,74,G2,0.556032127957373,0.007562960995940082,0.09289036263695409,0.4089458442283207,1.359671789810222
1802,Coum_Library3_Col239,G3,f31878,Plate 19,Transformant,Coum_Library3,Col239,f31878,75,G3,0.5605942430243075,-0.0012973247915435552,0.04901613172448129,0.4089458442283207,1.3708275825180392
1803,Coum_Library3_Col240,G4,f31878,Plate 19,Transformant,Coum_Library3,Col240,f31878,76,G4,0.23849336309777236,0.007099255191568788,0.014733776654536691,0.4089458442283207,0.5831905775881119
1804,Coum_Library3_Col241,G5,f31878,Plate 19,Transformant,Coum_Library3,Col241,f31878,77,G5,0.0009208924627733105,-0.008254897011273857,0.01144477456943627,0.4089458442283207,0.0022518689840485633
1805,Coum_Library3_Col242,G6,f31878,Plate 19,Transformant,Coum_Library3,Col242,f31878,78,G6,0.4530704254310465,0.001979397767711648,0.018823709957184482,0.4089458442283207,1.1078983484622242
1806,SHK0058,G7,f31878,Plate 19,Control,nan,,f31878,79,G7,0.2147189469271652,0.002351529735875279,0.029503461516260283,0.4089458442283207,0.5250547229116341
1808,Coum_Library3_Col244,G9,f31878,Plate 19,Transformant,Coum_Library3,Col244,f31878,81,G9,0.41097703736926516,0.14320053041016464,0.07030605690602725,0.4089458442283207,1.004966900066627
1809,Coum_Library3_Col245,G10,f31878,Plate 19,Transformant,Coum_Library3,Col245,f31878,82,G10,0.45574238325952043,0.0009817031722655879,0.05402413338281792,0.4089458442283207,1.1144321178260281
1810,Coum_Library3_Col246,G11,f31878,Plate 19,Transformant,Coum_Library3,Col246,f31878,83,G11,0.4880633854177477,0.0016547541787240686,0.04820728279756619,0.4089458442283207,1.1934670380101833
1811,Coum_Library3_Col247,G12,f31878,Plate 19,Transformant,Coum_Library3,Col247,f31878,84,G12,0.43780154743426597,-0.001745759403735478,0.05316441614514389,0.4089458442283207,1.0705611845998726
1812,Coum_Library3_Col248,H1,f31878,Plate 19,Transformant,Coum_Library3,Col248,f31878,85,H1,0.4598713109441833,0.0041123854304079555,0.06256692912184558,0.4089458442283207,1.124528632420654
1813,Coum_Library3_Col249,H2,f31878,Plate 19,Transformant,Coum_Library3,Col249,f31878,86,H2,0.419645186978315,-0.0033737548928972167,0.07118451164315658,0.4089458442283207,1.0261632265029712
1814,Coum_Library3_Col250,H3,f31878,Plate 19,Transformant,Coum_Library3,Col250,f31878,87,H3,0.7105344089345461,0.005975462215324066,0.04650652169414506,0.4089458442283207,1.7374780034146622
1815,Coum_Library3_Col251,H4,f31878,Plate 19,Transformant,Coum_Library3,Col251,f31878,88,H4,0.3396079238757214,0.0007770338989594345,0.05574001491323645,0.4089458442283207,0.8304471818672233
1816,Coum_Library3_Col252,H5,f31878,Plate 19,Transformant,Coum_Library3,Col252,f31878,89,H5,0.0034863135384476914,-0.0020170847919398333,0.005489405525934787,0.4089458442283207,0.00852512279474646
1817,Coum_Library3_Col253,H6,f31878,Plate 19,Transformant,Coum_Library3,Col253,f31878,90,H6,0.4033463044039294,-0.00014945772499421216,0.06068149489171252,0.4089458442283207,0.9863073805409183
1818,Coum_Library3_Col254,H7,f31878,Plate 19,Transformant,Coum_Library3,Col254,f31878,91,H7,0.4136109309126995,0.007512781042756313,0.06256568364926857,0.4089458442283207,1.0114075903942288
1819,Coum_Library3_Col255,H8,f31878,Plate 19,Transformant,Coum_Library3,Col255,f31878,92,H8,0.6172731829281977,0.0031130475104005463,0.07571663145482745,0.4089458442283207,1.5094252494312295
1820,Coum_Library3_Col256,H9,f31878,Plate 19,Transformant,Coum_Library3,Col256,f31878,93,H9,0.4730637356667954,-0.0012355505294367804,0.06105680913099577,0.4089458442283207,1.1567882210894327
1821,SHK0046,H10,f31878,Plate 19,Control,nan,,f31878,94,H10,0.0022880163972313003,-0.00040136221822881864,0.03701131034105367,0.4089458442283207,0.005594912943910162
1823,Coum_Library3_Col258,H12,f31878,Plate 19,Transformant,Coum_Library3,Col258,f31878,96,H12,0.4294102791799072,0.12161078167402148,0.049155910146461805,0.4089458442283207,1.050041919340696
1824,Coum_Library3_Col259,A1,f31879,Plate 20,Transformant,Coum_Library3,Col259,f31879,1,A1,0.3913660944829831,0.005127201794297043,0.08755838337597459,0.426323785373253,0.9180020160975445
1825,SHK0058,A2,f31879,Plate 20,Control,nan,,f31879,2,A2,0.004749330498624128,0.0004112842477195536,0.008262063112158394,0.426323785373253,0.011140195929875262
1826,Coum_Library3_Col260,A3,f31879,Plate 20,Transformant,Coum_Library3,Col260,f31879,3,A3,0.3278329730191983,0.00291047185524109,0.07618436481471084,0.426323785373253,0.7689765015859378
1827,Coum_Library3_Col261,A4,f31879,Plate 20,Transformant,Coum_Library3,Col261,f31879,4,A4,0.3640519829042414,-0.004562904831809451,0.0827269179491485,0.426323785373253,0.8539330794914676
1828,Coum_Library3_Col262,A5,f31879,Plate 20,Transformant,Coum_Library3,Col262,f31879,5,A5,0.472635875230668,0.0035302997444848143,0.10442816110067114,0.426323785373253,1.108631259728725
1829,Coum_Library3_Col263,A6,f31879,Plate 20,Transformant,Coum_Library3,Col263,f31879,6,A6,0.25959339706568346,-0.0016201625287314747,0.07396378694329309,0.426323785373253,0.6089113626123522
1830,Coum_Library3_Col264,A7,f31879,Plate 20,Transformant,Coum_Library3,Col264,f31879,7,A7,0.33331328378790354,0.0064876259663182384,0.021414435627095735,0.426323785373253,0.7818313104348205
1831,Coum_Library3_Col265,A8,f31879,Plate 20,Transformant,Coum_Library3,Col265,f31879,8,A8,0.523091987816412,-0.0076368084280107615,0.04732505295335566,0.426323785373253,1.2269828842846218
1832,Coum_Library3_Col266,A9,f31879,Plate 20,Transformant,Coum_Library3,Col266,f31879,9,A9,0.7075980696076597,0.003907697567395399,0.072275590965259,0.426323785373253,1.6597668107777444
1834,Coum_Library3_Col268,A11,f31879,Plate 20,Transformant,Coum_Library3,Col268,f31879,11,A11,0.42877510835196647,0.19277866959540713,0.05583544839991186,0.426323785373253,1.005749909019426
1835,SHK0066,A12,f31879,Plate 20,Control,nan,,f31879,12,A12,0.4324708710232684,-0.0016549497384117946,0.07585410278208941,0.426323785373253,1.0144188193596413
1836,Coum_Library3_Col269,B1,f31879,Plate 20,Transformant,Coum_Library3,Col269,f31879,13,B1,0.502651861572488,-0.0005702975674503934,0.07011529543384633,0.426323785373253,1.1790378083934692
1837,Coum_Library3_Col270,B2,f31879,Plate 20,Transformant,Coum_Library3,Col270,f31879,14,B2,0.4225001701151903,0.0017868647268131877,0.05085398631305535,0.426323785373253,0.9910311941551301
1838,Coum_Library3_Col271,B3,f31879,Plate 20,Transformant,Coum_Library3,Col271,f31879,15,B3,0.49544302827248926,0.004702689474164692,0.026770638744706157,0.426323785373253,1.1621285165656927
1840,SHK0046,B5,f31879,Plate 20,Control,nan,,f31879,17,B5,0.0075864918945775135,0.0044098552284978785,0.025780758373526395,0.426323785373253,0.017795141052088903
1841,Coum_Library3_Col273,B6,f31879,Plate 20,Transformant,Coum_Library3,Col273,f31879,18,B6,0.37214602461984675,0.013358867022772235,0.023075923830557357,0.426323785373253,0.8729187471771653
1842,Coum_Library3_Col274,B7,f31879,Plate 20,Transformant,Coum_Library3,Col274,f31879,19,B7,0.3398306675102226,-0.002286306317555188,0.07492881525176873,0.426323785373253,0.7971187139199744
1843,Coum_Library3_Col275,B8,f31879,Plate 20,Transformant,Coum_Library3,Col275,f31879,20,B8,0.6543489036058304,-0.001846267743487325,0.060172236078698906,0.426323785373253,1.534863702321788
1844,SHK0066,B9,f31879,Plate 20,Control,nan,,f31879,21,B9,0.43725556053588455,-0.002231640062486644,0.07291637012757372,0.426323785373253,1.02564195463094
1845,Coum_Library3_Col276,B10,f31879,Plate 20,Transformant,Coum_Library3,Col276,f31879,22,B10,0.2404714190715956,-0.0035435088058224664,0.08336559768750108,0.426323785373253,0.5640581814149994
1846,Coum_Library3_Col277,B11,f31879,Plate 20,Transformant,Coum_Library3,Col277,f31879,23,B11,0.7349172869256975,0.0009920790543439908,0.05691310384766266,0.426323785373253,1.7238477235847072
1847,Coum_Library3_Col278,B12,f31879,Plate 20,Transformant,Coum_Library3,Col278,f31879,24,B12,0.2719710649715844,-0.007763569910984554,0.07028895858223319,0.426323785373253,0.6379448538942522
1848,Coum_Library3_Col279,C1,f31879,Plate 20,Transformant,Coum_Library3,Col279,f31879,25,C1,0.13291791879996034,0.002365214875696994,0.013852214268899255,0.426323785373253,0.3117769248637832
1849,Coum_Library3_Col280,C2,f31879,Plate 20,Transformant,Coum_Library3,Col280,f31879,26,C2,0.3970576557289346,0.006868213388969424,0.03532329438928105,0.426323785373253,0.9313523414634362
1850,Coum_Library3_Col281,C3,f31879,Plate 20,Transformant,Coum_Library3,Col281,f31879,27,C3,0.4235943799493291,0.459709435577803,0.026660269553869843,0.426323785373253,0.9935978110591829
1851,Coum_Library3_Col282,C4,f31879,Plate 20,Transformant,Coum_Library3,Col282,f31879,28,C4,0.6858246100963605,-0.000715682570999612,0.08705066956581395,0.426323785373253,1.608694221683903
1852,Coum_Library3_Col283,C5,f31879,Plate 20,Transformant,Coum_Library3,Col283,f31879,29,C5,0.46062329064635926,-0.0008928223174798358,0.09417890966234646,0.426323785373253,1.0804541206704583
1853,Coum_Library3_Col284,C6,f31879,Plate 20,Transformant,Coum_Library3,Col284,f31879,30,C6,0.30269776111460317,0.07895015547203726,0.013184180970147763,0.426323785373253,0.7100184683563613
1854,Coum_Library3_Col285,C7,f31879,Plate 20,Transformant,Coum_Library3,Col285,f31879,31,C7,0.3929397150828694,0.009878007143639293,0.039487507390513786,0.426323785373253,0.9216931556817658
1855,Coum_Library3_Col286,C8,f31879,Plate 20,Transformant,Coum_Library3,Col286,f31879,32,C8,0.4524154695670105,0.5466262775430792,0.02471206649706149,0.426323785373253,1.0612015681248324
1856,Coum_Library3_Col287,C9,f31879,Plate 20,Transformant,Coum_Library3,Col287,f31879,33,C9,0.730044404913796,0.0023219848540755295,0.09275896906928495,0.426323785373253,1.7124177208987552
1857,Coum_Library3_Col288,C10,f31879,Plate 20,Transformant,Coum_Library3,Col288,f31879,34,C10,0.9020135890180446,0.000642731469165128,0.04883881902480219,0.426323785373253,2.1157946611595175
1858,Coum_Library3_Col289,C11,f31879,Plate 20,Transformant,Coum_Library3,Col289,f31879,35,C11,0.4311505773991559,-0.0029328359299516404,0.07921149502050631,0.426323785373253,1.0113218924008123
1859,Coum_Library3_Col290,C12,f31879,Plate 20,Transformant,Coum_Library3,Col290,f31879,36,C12,0.41225396279223286,-0.0020562371488628385,0.06592676762345874,0.426323785373253,0.9669973314561799
1861,Coum_Library3_Col292,D2,f31879,Plate 20,Transformant,Coum_Library3,Col292,f31879,38,D2,0.44245220100340543,0.17317165207349833,0.04534470244755959,0.426323785373253,1.0378313764877833
1862,Coum_Library3_Col293,D3,f31879,Plate 20,Transformant,Coum_Library3,Col293,f31879,39,D3,0.551923953944401,0.002477896612415396,0.07525619989562397,0.426323785373253,1.2946121536737227
1863,Coum_Library3_Col294,D4,f31879,Plate 20,Transformant,Coum_Library3,Col294,f31879,40,D4,0.008096393794976422,-0.0011724933503134839,0.0009971771115525375,0.426323785373253,0.01899118480543586
1864,Coum_Library3_Col295,D5,f31879,Plate 20,Transformant,Coum_Library3,Col295,f31879,41,D5,0.8087876274615098,0.009113033130042806,0.07208649508478386,0.426323785373253,1.8971205811409368
1865,Coum_Library3_Col296,D6,f31879,Plate 20,Transformant,Coum_Library3,Col296,f31879,42,D6,0.5453417382935707,0.004157342224823972,0.05254484301452482,0.426323785373253,1.279172678146765
1866,Coum_Library3_Col297,D7,f31879,Plate 20,Transformant,Coum_Library3,Col297,f31879,43,D7,0.4362749289322943,-0.0015179158322565073,0.10181241923031141,0.426323785373253,1.0233417508017502
1867,Coum_Library3_Col298,D8,f31879,Plate 20,Transformant,Coum_Library3,Col298,f31879,44,D8,0.4217398949416928,0.001127641355691799,0.07230430780263113,0.426323785373253,0.9892478660848187
1868,Coum_Library3_Col299,D9,f31879,Plate 20,Transformant,Coum_Library3,Col299,f31879,45,D9,0.46240516741207105,0.0008480454591921237,0.11250741103177593,0.426323785373253,1.0846337532099652
1869,Coum_Library3_Col300,D10,f31879,Plate 20,Transformant,Coum_Library3,Col300,f31879,46,D10,0.4736035743446984,0.0024128856488689,0.11480381152318678,0.426323785373253,1.1109011286575325
1870,Coum_Library3_Col301,D11,f31879,Plate 20,Transformant,Coum_Library3,Col301,f31879,47,D11,0.1863904651200564,-0.0009773677309658638,0.050971939432617165,0.426323785373253,0.4372040020166097
1871,Coum_Library3_Col302,D12,f31879,Plate 20,Transformant,Coum_Library3,Col302,f31879,48,D12,0.4901829514502441,0.003162957431494566,0.08691933922993926,0.426323785373253,1.1497902961737907
1872,Coum_Library3_Col303,E1,f31879,Plate 20,Transformant,Coum_Library3,Col303,f31879,49,E1,0.5429690328655125,0.0024945548538797824,0.07964315872966461,0.426323785373253,1.2736071772071895
1873,Coum_Library3_Col304,E2,f31879,Plate 20,Transformant,Coum_Library3,Col304,f31879,50,E2,0.26113670443263554,0.0023074867274694997,0.0870675264185278,0.426323785373253,0.6125313984158927
1874,Coum_Library3_Col305,E3,f31879,Plate 20,Transformant,Coum_Library3,Col305,f31879,51,E3,0.8097518244751678,0.005696033949504121,0.0521966598844707,0.426323785373253,1.8993822354204744
1875,Coum_Library3_Col306,E4,f31879,Plate 20,Transformant,Coum_Library3,Col306,f31879,52,E4,0.3562231464649432,0.004749351939020073,0.08808436590535447,0.426323785373253,0.8355694865888479
1876,Coum_Library3_Col307,E5,f31879,Plate 20,Transformant,Coum_Library3,Col307,f31879,53,E5,0.46291621069469346,-0.0048387223681264,0.0528752321189708,0.426323785373253,1.0858324742294245
1877,Coum_Library3_Col308,E6,f31879,Plate 20,Transformant,Coum_Library3,Col308,f31879,54,E6,1.019058935304877,-0.0034139867638307377,0.06973849231131114,0.426323785373253,2.3903403241099372
1878,Coum_Library3_Col309,E7,f31879,Plate 20,Transformant,Coum_Library3,Col309,f31879,55,E7,0.4857620833284154,0.004988811019278283,0.08373834090439099,0.426323785373253,1.1394205530970394
1880,Coum_Library3_Col310,E9,f31879,Plate 20,Transformant,Coum_Library3,Col310,f31879,57,E9,0.5752239739064334,0.18788483870334613,0.07956220961349261,0.426323785373253,1.3492654964179773
1881,Coum_Library3_Col311,E10,f31879,Plate 20,Transformant,Coum_Library3,Col311,f31879,58,E10,0.5182137184756306,0.001681268811321149,0.04845698499143881,0.426323785373253,1.2155402448913952
1882,SHK0058,E11,f31879,Plate 20,Control,nan,,f31879,59,E11,0.426323785373253,-0.00013177796234945983,0.0729160176106271,0.426323785373253,1.0
1883,Coum_Library3_Col312,E12,f31879,Plate 20,Transformant,Coum_Library3,Col312,f31879,60,E12,0.32448290881072317,0.002537609908949367,0.05344982074829178,0.426323785373253,0.7611184736658158
1884,Coum_Library3_Col313,F1,f31879,Plate 20,Transformant,Coum_Library3,Col313,f31879,61,F1,0.407074539069053,-0.005699411960065175,0.0828318420507046,0.426323785373253,0.9548482937977598
1885,Coum_Library3_Col314,F2,f31879,Plate 20,Transformant,Coum_Library3,Col314,f31879,62,F2,0.005491931714486067,0.0022445831642183855,0.012852888110424919,0.426323785373253,0.01288206734624904
1886,Coum_Library3_Col315,F3,f31879,Plate 20,Transformant,Coum_Library3,Col315,f31879,63,F3,0.40581261286543946,-0.0013491680594301552,0.06468517958433097,0.426323785373253,0.9518882755043665
1887,SHK0066,F4,f31879,Plate 20,Control,nan,,f31879,64,F4,0.4179860845046974,0.00034956860364224315,0.07050032079964964,0.426323785373253,0.9804427968726731
1888,Coum_Library3_Col316,F5,f31879,Plate 20,Transformant,Coum_Library3,Col316,f31879,65,F5,0.1568897898616809,-9.608350196895892e-05,0.0940546406393266,0.426323785373253,0.36800618507438304
1889,Coum_Library3_Col317,F6,f31879,Plate 20,Transformant,Coum_Library3,Col317,f31879,66,F6,0.2959778549052708,0.008460583789648807,0.04588660501165612,0.426323785373253,0.694256021033726
1890,Coum_Library3_Col318,F7,f31879,Plate 20,Transformant,Coum_Library3,Col318,f31879,67,F7,0.4004832582864622,-0.002840853596813459,0.05180067380680793,0.426323785373253,0.9393875547803014
1891,Coum_Library3_Col319,F8,f31879,Plate 20,Transformant,Coum_Library3,Col319,f31879,68,F8,0.5074359591897858,0.005690587519834619,0.05881769968083151,0.426323785373253,1.1902595552943822
1892,Coum_Library3_Col320,F9,f31879,Plate 20,Transformant,Coum_Library3,Col320,f31879,69,F9,0.8158046649502105,0.005260739847817411,0.05535784622870511,0.426323785373253,1.9135799899974173
1893,Coum_Library3_Col321,F10,f31879,Plate 20,Transformant,Coum_Library3,Col321,f31879,70,F10,0.5227075384421028,8.95435202872068e-05,0.05703360691259691,0.426323785373253,1.226081106369574
1894,Coum_Library3_Col322,F11,f31879,Plate 20,Transformant,Coum_Library3,Col322,f31879,71,F11,0.6048324416079384,0.020511492915250982,0.09030694049146892,0.426323785373253,1.4187161550894898
1895,Coum_Library3_Col323,F12,f31879,Plate 20,Transformant,Coum_Library3,Col323,f31879,72,F12,0.41736471645155876,0.0020891246977105134,0.05790763239574952,0.426323785373253,0.9789852942081324
1896,SHK0046,G1,f31879,Plate 20,Control,nan,,f31879,73,G1,-0.00071375764214713,-0.007331234114642315,0.02562668071479384,0.426323785373253,-0.0016742149198225576
1897,Coum_Library3_Col324,G2,f31879,Plate 20,Transformant,Coum_Library3,Col324,f31879,74,G2,0.38832714688440656,-0.0007490320539233656,0.062376395147504704,0.426323785373253,0.9108737541922982
1898,Coum_Library3_Col325,G3,f31879,Plate 20,Transformant,Coum_Library3,Col325,f31879,75,G3,0.18277037447425004,0.0015376895797640487,0.049521522062416785,0.426323785373253,0.42871259062928374
1899,Coum_Library3_Col326,G4,f31879,Plate 20,Transformant,Coum_Library3,Col326,f31879,76,G4,0.2981259972738297,0.010947648964568284,0.026969708794165773,0.426323785373253,0.699294778997179
1900,Coum_Library3_Col327,G5,f31879,Plate 20,Transformant,Coum_Library3,Col327,f31879,77,G5,0.5282775307973128,0.006956403034231651,0.07476773957781992,0.426323785373253,1.2391462754882365
1901,Coum_Library3_Col328,G6,f31879,Plate 20,Transformant,Coum_Library3,Col328,f31879,78,G6,0.427854168616791,0.0010046480601114257,0.05763673092158869,0.426323785373253,1.0035897205270827
1902,SHK0058,G7,f31879,Plate 20,Control,nan,,f31879,79,G7,0.010155971832466686,-0.003051767097332266,0.016406468044414244,0.426323785373253,0.023822203172583902
1903,Coum_Library3_Col329,G8,f31879,Plate 20,Transformant,Coum_Library3,Col329,f31879,80,G8,0.5886329710142697,0.004669009256784511,0.03768029557315409,0.426323785373253,1.3807181095910765
1904,Coum_Library3_Col330,G9,f31879,Plate 20,Transformant,Coum_Library3,Col330,f31879,81,G9,0.44346906681091924,-0.002006717725103525,0.08682089908584395,0.426323785373253,1.0402165725345474
1905,Coum_Library3_Col331,G10,f31879,Plate 20,Transformant,Coum_Library3,Col331,f31879,82,G10,0.31825581030656297,0.0007929645035312781,0.005994795585714279,0.426323785373253,0.7465119733535982
1906,Coum_Library3_Col332,G11,f31879,Plate 20,Transformant,Coum_Library3,Col332,f31879,83,G11,0.4517629916197143,-0.0025810176930789524,0.06469515763679776,0.426323785373253,1.0596710930031474
1907,Coum_Library3_Col333,G12,f31879,Plate 20,Transformant,Coum_Library3,Col333,f31879,84,G12,0.5598853033911355,0.004280936290092945,0.09390720348635248,0.426323785373253,1.3132865737269324
1908,Coum_Library3_Col334,H1,f31879,Plate 20,Transformant,Coum_Library3,Col334,f31879,85,H1,0.31825714442637526,0.05449535272761197,0.016283818585965896,0.426323785373253,0.7465151027117483
1909,Coum_Library3_Col335,H2,f31879,Plate 20,Transformant,Coum_Library3,Col335,f31879,86,H2,0.6087417866715092,0.002593977211749917,0.07494194671866296,0.426323785373253,1.4278860517682506
1910,Coum_Library3_Col336,H3,f31879,Plate 20,Transformant,Coum_Library3,Col336,f31879,87,H3,0.3723639775714856,0.001050096088748113,0.05957597473435531,0.426323785373253,0.8734299852528172
1911,Coum_Library3_Col337,H4,f31879,Plate 20,Transformant,Coum_Library3,Col337,f31879,88,H4,0.4076098681897124,0.03786434052138382,0.0408204853151736,0.426323785373253,0.9561039805293615
1912,Coum_Library3_Col338,H5,f31879,Plate 20,Transformant,Coum_Library3,Col338,f31879,89,H5,0.6022181377718847,-0.0008490608489950496,0.06955557449461779,0.426323785373253,1.4125839524638146
1913,Coum_Library3_Col339,H6,f31879,Plate 20,Transformant,Coum_Library3,Col339,f31879,90,H6,0.524309484267015,0.008421692836662083,0.058567724965278324,0.426323785373253,1.22983868659351
1914,Coum_Library3_Col340,H7,f31879,Plate 20,Transformant,Coum_Library3,Col340,f31879,91,H7,0.3057164746557247,8.357454948206896e-05,0.00955773017164675,0.426323785373253,0.7170992685478838
1915,Coum_Library3_Col341,H8,f31879,Plate 20,Transformant,Coum_Library3,Col341,f31879,92,H8,0.41482655818192893,0.005518585170596831,0.034827713328990026,0.426323785373253,0.9730317012895303
1916,Coum_Library3_Col342,H9,f31879,Plate 20,Transformant,Coum_Library3,Col342,f31879,93,H9,0.44238804814851707,0.0035340374417516967,0.09638094021682098,0.426323785373253,1.037680897304849
1917,SHK0046,H10,f31879,Plate 20,Control,nan,,f31879,94,H10,-0.00027880826690779856,0.0007361426709289053,0.023684930371579538,0.426323785373253,-0.0006539824341813292
1918,Coum_Library3_Col343,H11,f31879,Plate 20,Transformant,Coum_Library3,Col343,f31879,95,H11,0.44560949589570553,0.02455645633156793,0.04686786270103446,0.426323785373253,1.0452372379494792
1920,Coum_Library3_Col345,A1,f31880,Plate 21,Transformant,Coum_Library3,Col345,f31880,1,A1,0.4553195624588892,0.15509106970853767,0.032855200323362435,0.40687697381322574,1.1190595481274415
1921,SHK0058,A2,f31880,Plate 21,Control,nan,,f31880,2,A2,0.3634189500721444,0.0030141956338025407,0.06713109253853966,0.40687697381322574,0.8931912432060349
1923,Coum_Library3_Col347,A4,f31880,Plate 21,Transformant,Coum_Library3,Col347,f31880,4,A4,0.2933352012014127,0.12374508976312722,0.04095738694351007,0.40687697381322574,0.720943233656831
1925,Coum_Library3_Col349,A6,f31880,Plate 21,Transformant,Coum_Library3,Col349,f31880,6,A6,-0.004269016494347902,0.10458529411404276,0.018029925686302156,0.40687697381322574,-0.010492155538660604
1926,Coum_Library3_Col350,A7,f31880,Plate 21,Transformant,Coum_Library3,Col350,f31880,7,A7,0.20859846539364316,0.01097821874761625,0.007927281819065723,0.40687697381322574,0.5126819132541989
1927,Coum_Library3_Col351,A8,f31880,Plate 21,Transformant,Coum_Library3,Col351,f31880,8,A8,0.5319845929709199,0.0003536033938800308,0.06338571974112245,0.40687697381322574,1.307482672182683
1929,Coum_Library3_Col353,A10,f31880,Plate 21,Transformant,Coum_Library3,Col353,f31880,10,A10,0.1965810099980755,0.1545019571535027,0.03476782005570139,0.40687697381322574,0.48314606785370645
1931,SHK0066,A12,f31880,Plate 21,Control,nan,,f31880,12,A12,0.3809382505134652,0.14932785796887355,0.07215346301633503,0.40687697381322574,0.9362492228138043
1932,Coum_Library3_Col355,B1,f31880,Plate 21,Transformant,Coum_Library3,Col355,f31880,13,B1,0.42531911336729206,0.008725114205000677,0.09520285831527332,0.40687697381322574,1.0453260831676654
1933,Coum_Library3_Col356,B2,f31880,Plate 21,Transformant,Coum_Library3,Col356,f31880,14,B2,0.4758883537453096,0.00797017595016153,0.060388306597945376,0.40687697381322574,1.1696123997514862
1934,Coum_Library3_Col357,B3,f31880,Plate 21,Transformant,Coum_Library3,Col357,f31880,15,B3,0.5688832911676472,0.008270950639198273,0.1093663405763882,0.40687697381322574,1.3981702769662985
1935,Coum_Library3_Col358,B4,f31880,Plate 21,Transformant,Coum_Library3,Col358,f31880,16,B4,0.5207918149905305,0.011468707246026525,0.08932592734525353,0.40687697381322574,1.2799736738840293
1936,SHK0046,B5,f31880,Plate 21,Control,nan,,f31880,17,B5,0.00588325494817284,-0.004975737646717186,0.015367956783903644,0.40687697381322574,0.014459542630381217
1937,Coum_Library3_Col359,B6,f31880,Plate 21,Transformant,Coum_Library3,Col359,f31880,18,B6,0.4161002243482078,-0.00237795360823939,0.04543192922570611,0.40687697381322574,1.0226684013315925
1938,Coum_Library3_Col360,B7,f31880,Plate 21,Transformant,Coum_Library3,Col360,f31880,19,B7,0.4890127961249483,-0.00028606521079668475,0.05834305485701356,0.40687697381322574,1.2018689372906772
1940,SHK0066,B9,f31880,Plate 21,Control,nan,,f31880,21,B9,0.4219815016768155,0.08776155727409023,0.06359129350748616,0.40687697381322574,1.0371230834766367
1941,Coum_Library3_Col362,B10,f31880,Plate 21,Transformant,Coum_Library3,Col362,f31880,22,B10,0.476248162058881,0.005500817646301504,0.06492150451256815,0.40687697381322574,1.170496716969537
1942,Coum_Library3_Col363,B11,f31880,Plate 21,Transformant,Coum_Library3,Col363,f31880,23,B11,1.14010897085256,0.010585078083962118,0.056506877739491694,0.40687697381322574,2.8020975484740007
1943,Coum_Library3_Col364,B12,f31880,Plate 21,Transformant,Coum_Library3,Col364,f31880,24,B12,0.29025788770902144,0.015416456964794687,0.10907301654973692,0.40687697381322574,0.7133799806578941
1944,Coum_Library3_Col365,C1,f31880,Plate 21,Transformant,Coum_Library3,Col365,f31880,25,C1,0.7615120234692964,0.013185281943094389,0.0527413979424803,0.40687697381322574,1.8716026525965648
1945,Coum_Library3_Col366,C2,f31880,Plate 21,Transformant,Coum_Library3,Col366,f31880,26,C2,0.009423516577536956,0.0028481060682107578,0.00792002907550031,0.40687697381322574,0.02316060427116419
1946,Coum_Library3_Col367,C3,f31880,Plate 21,Transformant,Coum_Library3,Col367,f31880,27,C3,0.5557871165384155,-9.915390382814232e-05,0.07857302072187876,0.40687697381322574,1.3659832143598916
1947,Coum_Library3_Col368,C4,f31880,Plate 21,Transformant,Coum_Library3,Col368,f31880,28,C4,0.9109921756534055,0.005458453886922654,0.06020618267777108,0.40687697381322574,2.2389868050670043
1948,Coum_Library3_Col369,C5,f31880,Plate 21,Transformant,Coum_Library3,Col369,f31880,29,C5,0.5048275786907642,-0.003435485251513295,0.05062845037033919,0.40687697381322574,1.240737645975764
1950,Coum_Library3_Col371,C7,f31880,Plate 21,Transformant,Coum_Library3,Col371,f31880,31,C7,0.009343983941891372,-0.0014681173184725217,0.02256184686341323,0.40687697381322574,0.022965133303858742
1951,Coum_Library3_Col372,C8,f31880,Plate 21,Transformant,Coum_Library3,Col372,f31880,32,C8,0.9285187097242841,-0.0009597770642478977,0.0417014799093465,0.40687697381322574,2.2820625630943536
1952,Coum_Library3_Col373,C9,f31880,Plate 21,Transformant,Coum_Library3,Col373,f31880,33,C9,0.4411454154776617,0.005575120604883162,0.07095565270156433,0.40687697381322574,1.0842231039600847
1953,Coum_Library3_Col374,C10,f31880,Plate 21,Transformant,Coum_Library3,Col374,f31880,34,C10,0.6492915390864584,0.0027315236975041695,0.09149398059969,0.40687697381322574,1.5957932762853066
1954,Coum_Library3_Col375,C11,f31880,Plate 21,Transformant,Coum_Library3,Col375,f31880,35,C11,0.27350944095903545,0.005078460500987761,0.025199172281703746,0.40687697381322574,0.672216563143699
1955,Coum_Library3_Col376,C12,f31880,Plate 21,Transformant,Coum_Library3,Col376,f31880,36,C12,0.6517591491255149,0.0018752549436057673,0.10140716215336777,0.40687697381322574,1.6018580334425627
1957,Coum_Library3_Col378,D2,f31880,Plate 21,Transformant,Coum_Library3,Col378,f31880,38,D2,0.25903600148398026,0.18005065618693197,0.007567802941123184,0.40687697381322574,0.6366445342342943
1958,Coum_Library3_Col379,D3,f31880,Plate 21,Transformant,Coum_Library3,Col379,f31880,39,D3,0.38037091159612946,-0.00014232607800897078,0.05577712385510251,0.40687697381322574,0.9348548482144784
1959,Coum_Library3_Col380,D4,f31880,Plate 21,Transformant,Coum_Library3,Col380,f31880,40,D4,0.4975716034605119,0.0033502604766269778,0.058237350381278384,0.40687697381322574,1.2229043064229015
1960,Coum_Library3_Col381,D5,f31880,Plate 21,Transformant,Coum_Library3,Col381,f31880,41,D5,0.4395273673280956,0.0007979096020618453,0.06269917324532799,0.40687697381322574,1.0802463536062816
1961,Coum_Library3_Col382,D6,f31880,Plate 21,Transformant,Coum_Library3,Col382,f31880,42,D6,0.16713566303119903,-0.004160916352217018,0.020273363603539814,0.40687697381322574,0.41077690257281946
1963,Coum_Library3_Col384,D8,f31880,Plate 21,Transformant,Coum_Library3,Col384,f31880,44,D8,0.41904383924868227,0.03416136951270662,0.03811080690592236,0.40687697381322574,1.0299030572347936
1964,Coum_Library3_Col385,D9,f31880,Plate 21,Transformant,Coum_Library3,Col385,f31880,45,D9,0.69615677545318,0.004824767010583819,0.06443580100527681,0.40687697381322574,1.7109760941466947
1965,Coum_Library3_Col386,D10,f31880,Plate 21,Transformant,Coum_Library3,Col386,f31880,46,D10,0.6140689071909549,0.011787471857096818,0.08816959661954822,0.40687697381322574,1.5092250156993137
1966,Coum_Library3_Col387,D11,f31880,Plate 21,Transformant,Coum_Library3,Col387,f31880,47,D11,0.6680692293897855,0.0013794941484757503,0.05510656003805119,0.40687697381322574,1.6419440577545645
1967,Coum_Library3_Col388,D12,f31880,Plate 21,Transformant,Coum_Library3,Col388,f31880,48,D12,0.4959602725921907,0.002300688413478327,0.09574656752059049,0.40687697381322574,1.218944065436001
1968,Coum_Library3_Col389,E1,f31880,Plate 21,Transformant,Coum_Library3,Col389,f31880,49,E1,0.4756836656626353,0.0011133380893211568,0.06211937436411959,0.40687697381322574,1.1691093285632694
1969,Coum_Library3_Col390,E2,f31880,Plate 21,Transformant,Coum_Library3,Col390,f31880,50,E2,0.12425183882348587,0.003275534307850444,0.033401116988875476,0.40687697381322574,0.3053793820254937
1970,Coum_Library3_Col391,E3,f31880,Plate 21,Transformant,Coum_Library3,Col391,f31880,51,E3,0.35262337294443763,0.00662878576538604,0.043187007896000905,0.40687697381322574,0.8666584634654384
1971,Coum_Library3_Col392,E4,f31880,Plate 21,Transformant,Coum_Library3,Col392,f31880,52,E4,0.4684204637407453,0.009875115149473564,0.0472216204552744,0.40687697381322574,1.1512582276424685
1972,Coum_Library3_Col393,E5,f31880,Plate 21,Transformant,Coum_Library3,Col393,f31880,53,E5,0.9915810572721845,0.010008253131138475,0.06633490700651976,0.40687697381322574,2.4370537560264185
1973,Coum_Library3_Col394,E6,f31880,Plate 21,Transformant,Coum_Library3,Col394,f31880,54,E6,0.5227451912534726,-0.0033309890701324514,0.04552268986768299,0.40687697381322574,1.284774575357109
1974,Coum_Library3_Col395,E7,f31880,Plate 21,Transformant,Coum_Library3,Col395,f31880,55,E7,0.4621285402723341,-0.004833253466246123,0.041274645176652185,0.40687697381322574,1.1357942818471491
1976,Coum_Library3_Col396,E9,f31880,Plate 21,Transformant,Coum_Library3,Col396,f31880,57,E9,0.5417113717854664,0.22857634190669776,0.0744325641175275,0.40687697381322574,1.3313886178138346
1977,Coum_Library3_Col397,E10,f31880,Plate 21,Transformant,Coum_Library3,Col397,f31880,58,E10,0.4027848033629053,0.0048095669783581405,0.09413790623456031,0.40687697381322574,0.9899424870078813
1978,SHK0058,E11,f31880,Plate 21,Control,nan,,f31880,59,E11,0.40955620629527406,-0.0014195739329537543,0.0656485591986388,0.40687697381322574,1.006584871237462
1980,Coum_Library3_Col399,F1,f31880,Plate 21,Transformant,Coum_Library3,Col399,f31880,61,F1,0.8547519842997683,0.06812665569385502,0.02775171182833413,0.40687697381322574,2.1007627349591345
1982,Coum_Library3_Col401,F3,f31880,Plate 21,Transformant,Coum_Library3,Col401,f31880,63,F3,0.3681895561398034,0.15505044916274144,0.022770635303618635,0.40687697381322574,0.9049161781979298
1983,SHK0066,F4,f31880,Plate 21,Control,nan,,f31880,64,F4,0.4309190259090968,0.009608674624123804,0.06889382086567795,0.40687697381322574,1.0590892423096605
1984,Coum_Library3_Col402,F5,f31880,Plate 21,Transformant,Coum_Library3,Col402,f31880,65,F5,0.4172046680890832,0.0035731990045636997,0.06512332099068477,0.40687697381322574,1.025382842826093
1985,Coum_Library3_Col403,F6,f31880,Plate 21,Transformant,Coum_Library3,Col403,f31880,66,F6,0.9074930002167146,0.0017560163905021773,0.05147013994342752,0.40687697381322574,2.2303867228261813
1986,Coum_Library3_Col404,F7,f31880,Plate 21,Transformant,Coum_Library3,Col404,f31880,67,F7,0.9461997549623785,0.005247078230337539,0.05248973322502847,0.40687697381322574,2.3255180702280915
1987,Coum_Library3_Col405,F8,f31880,Plate 21,Transformant,Coum_Library3,Col405,f31880,68,F8,0.4168584827604761,-0.0011281904670047554,0.05904463045033111,0.40687697381322574,1.0245320074363125
1988,Coum_Library3_Col406,F9,f31880,Plate 21,Transformant,Coum_Library3,Col406,f31880,69,F9,0.011344831507640839,0.0002942996242908176,0.009629976634367246,0.40687697381322574,0.027882707151790337
1989,Coum_Library3_Col407,F10,f31880,Plate 21,Transformant,Coum_Library3,Col407,f31880,70,F10,0.004166709545884416,0.004604683109889191,0.0068279406326424725,0.40687697381322574,0.010240711109390814
1990,Coum_Library3_Col408,F11,f31880,Plate 21,Transformant,Coum_Library3,Col408,f31880,71,F11,0.5497498275185546,0.012657427172464602,0.08286960434121314,0.40687697381322574,1.3511450952024475
1991,Coum_Library3_Col409,F12,f31880,Plate 21,Transformant,Coum_Library3,Col409,f31880,72,F12,0.5943310725547425,0.005975051637538336,0.03611279178659742,0.40687697381322574,1.4607144439379516
1992,SHK0046,G1,f31880,Plate 21,Control,nan,,f31880,73,G1,0.003698102830671817,0.0018240776986269344,0.017823137997088605,0.40687697381322574,0.009088995123055077
1993,Coum_Library3_Col410,G2,f31880,Plate 21,Transformant,Coum_Library3,Col410,f31880,74,G2,0.28402620400386663,0.22552308952410288,0.051126368874569984,0.40687697381322574,0.6980640888620231
1994,Coum_Library3_Col411,G3,f31880,Plate 21,Transformant,Coum_Library3,Col411,f31880,75,G3,0.9400867684463747,0.0026657367579524965,0.04788116896701107,0.40687697381322574,2.310493905899712
1995,Coum_Library3_Col412,G4,f31880,Plate 21,Transformant,Coum_Library3,Col412,f31880,76,G4,0.9235164220386338,0.00649746812909241,0.05605447015044388,0.40687697381322574,2.2697682136777004
1996,Coum_Library3_Col413,G5,f31880,Plate 21,Transformant,Coum_Library3,Col413,f31880,77,G5,0.34008309402551035,0.00010955596848198664,0.04459298283068416,0.40687697381322574,0.8358376509692174
1997,Coum_Library3_Col414,G6,f31880,Plate 21,Transformant,Coum_Library3,Col414,f31880,78,G6,0.360788421865293,0.009181179345239154,0.020289566929414447,0.40687697381322574,0.8867260746756108
1998,SHK0058,G7,f31880,Plate 21,Control,nan,,f31880,79,G7,0.4041977413311775,-0.0014952823456938931,0.06762628807197009,0.40687697381322574,0.993415128762538
2000,Coum_Library3_Col416,G9,f31880,Plate 21,Transformant,Coum_Library3,Col416,f31880,81,G9,0.4268127869911477,0.17500204805575326,0.07715857782858725,0.40687697381322574,1.0489971526063144
2001,Coum_Library3_Col417,G10,f31880,Plate 21,Transformant,Coum_Library3,Col417,f31880,82,G10,0.466911105612034,0.0037120896401535855,0.06006496331742477,0.40687697381322574,1.147548609684574
2002,Coum_Library3_Col418,G11,f31880,Plate 21,Transformant,Coum_Library3,Col418,f31880,83,G11,0.5173340380950759,-0.003228946367452833,0.04044924420354822,0.40687697381322574,1.2714753387164024
2003,Coum_Library3_Col419,G12,f31880,Plate 21,Transformant,Coum_Library3,Col419,f31880,84,G12,0.3995806448118464,0.00399942901301224,0.06282881035441572,0.40687697381322574,0.9820674811528444
2004,Coum_Library3_Col420,H1,f31880,Plate 21,Transformant,Coum_Library3,Col420,f31880,85,H1,0.4488321668701515,0.000915617442466693,0.08385610231786693,0.40687697381322574,1.1031151816327287
2005,Coum_Library3_Col421,H2,f31880,Plate 21,Transformant,Coum_Library3,Col421,f31880,86,H2,0.5365738386777833,0.007043176742560794,0.06851903654706722,0.40687697381322574,1.3187618695868841
2006,Coum_Library3_Col422,H3,f31880,Plate 21,Transformant,Coum_Library3,Col422,f31880,87,H3,0.4000037490907502,0.0030173612866047765,0.06867747847667996,0.40687697381322574,0.9831073637368561
2007,Coum_Library3_Col423,H4,f31880,Plate 21,Transformant,Coum_Library3,Col423,f31880,88,H4,0.3748542793792793,0.006296531748810293,0.05452082639641813,0.40687697381322574,0.9212963709058496
2008,Coum_Library3_Col424,H5,f31880,Plate 21,Transformant,Coum_Library3,Col424,f31880,89,H5,0.2676442022806963,0.008506355545165437,0.03263708940542945,0.40687697381322574,0.6578012999171505
2009,Coum_Library3_Col425,H6,f31880,Plate 21,Transformant,Coum_Library3,Col425,f31880,90,H6,0.3689777660186734,0.0003309948545414591,0.09887396112586368,0.40687697381322574,0.9068533973811216
2010,Coum_Library3_Col426,H7,f31880,Plate 21,Transformant,Coum_Library3,Col426,f31880,91,H7,0.31472101815572995,-0.000617466800324795,0.06503026884624914,0.40687697381322574,0.773504126336234
2011,Coum_Library3_Col427,H8,f31880,Plate 21,Transformant,Coum_Library3,Col427,f31880,92,H8,0.3538896525404487,0.0014420078482248926,0.05578421303238998,0.40687697381322574,0.8697706562841756
2012,Coum_Library3_Col428,H9,f31880,Plate 21,Transformant,Coum_Library3,Col428,f31880,93,H9,0.8607931864616384,0.004321470793969121,0.03510550124037977,0.40687697381322574,2.115610471623248
2013,SHK0046,H10,f31880,Plate 21,Control,nan,,f31880,94,H10,0.004842186235090863,0.0029024664974929707,0.021593528447507428,0.40687697381322574,0.011900860817239654
2014,Coum_Library3_Col429,H11,f31880,Plate 21,Transformant,Coum_Library3,Col429,f31880,95,H11,0.537449524318359,0.016620634957759804,0.0875406382581145,0.40687697381322574,1.3209140819187073
2015,Coum_Library3_Col430,H12,f31880,Plate 21,Transformant,Coum_Library3,Col430,f31880,96,H12,0.6749105853801901,0.008989274936870644,0.053315530849361144,0.40687697381322574,1.6587583687888996
2016,Coum_Library3_Col431,A1,f31881,Plate 22,Transformant,Coum_Library3,Col431,f31881,1,A1,0.060905303016597585,-0.004792551323228524,0.029584030431995405,0.39161061964880284,0.15552515677745812
2017,SHK0058,A2,f31881,Plate 22,Control,nan,,f31881,2,A2,0.36783214371983164,0.0020831994644411973,0.0656852855896469,0.39161061964880284,0.9392803087150808
2018,Coum_Library3_Col432,A3,f31881,Plate 22,Transformant,Coum_Library3,Col432,f31881,3,A3,0.3588415805313319,0.007194805008194542,0.07982875606428765,0.39161061964880284,0.9163223940483068
2019,Coum_Library3_Col433,A4,f31881,Plate 22,Transformant,Coum_Library3,Col433,f31881,4,A4,0.38563591933024927,0.007869738090679571,0.05452028171450241,0.39161061964880284,0.9847432627748662
2020,Coum_Library3_Col434,A5,f31881,Plate 22,Transformant,Coum_Library3,Col434,f31881,5,A5,0.34417617066260314,0.010135477734480581,0.0672269986546171,0.39161061964880284,0.878873435483596
2021,Coum_Library3_Col435,A6,f31881,Plate 22,Transformant,Coum_Library3,Col435,f31881,6,A6,0.2905281441497263,0.0032233429752811875,0.05580375246726929,0.39161061964880284,0.741880147198951
2022,Coum_Library3_Col436,A7,f31881,Plate 22,Transformant,Coum_Library3,Col436,f31881,7,A7,0.2963293780791958,0.002209740994682869,0.06722223246792386,0.39161061964880284,0.7566939281292845
2023,Coum_Library3_Col437,A8,f31881,Plate 22,Transformant,Coum_Library3,Col437,f31881,8,A8,0.3583099789084471,0.006458031167615512,0.06977080596519104,0.39161061964880284,0.9149649190560262
2024,Coum_Library3_Col438,A9,f31881,Plate 22,Transformant,Coum_Library3,Col438,f31881,9,A9,0.4426675543589738,0.003369636935990336,0.06437133518635522,0.39161061964880284,1.1303767879327657
2025,Coum_Library3_Col439,A10,f31881,Plate 22,Transformant,Coum_Library3,Col439,f31881,10,A10,0.48613571201915834,0.005376749659796459,0.05704945092235597,0.39161061964880284,1.2413752018653779
2026,Coum_Library3_Col440,A11,f31881,Plate 22,Transformant,Coum_Library3,Col440,f31881,11,A11,0.35311788016776896,0.003726868750017686,0.06734061448661163,0.39161061964880284,0.9017065994901919
2027,SHK0066,A12,f31881,Plate 22,Control,nan,,f31881,12,A12,0.33831851915098854,-0.0027625135115436333,0.061961632569020056,0.39161061964880284,0.8639155890470827
2029,Coum_Library3_Col442,B2,f31881,Plate 22,Transformant,Coum_Library3,Col442,f31881,14,B2,0.4806442074563335,0.09173225916996873,0.06193125227564716,0.39161061964880284,1.227352332496438
2030,Coum_Library3_Col443,B3,f31881,Plate 22,Transformant,Coum_Library3,Col443,f31881,15,B3,0.4090344944863779,0.004393243477036245,0.04674896941814379,0.39161061964880284,1.044492855819898
2031,Coum_Library3_Col444,B4,f31881,Plate 22,Transformant,Coum_Library3,Col444,f31881,16,B4,0.8043241208950788,0.003297166697750042,0.0609346537308618,0.39161061964880284,2.0538874089175576
2032,SHK0046,B5,f31881,Plate 22,Control,nan,,f31881,17,B5,0.013697424507490697,-0.006227293040525245,0.03465560356616422,0.39161061964880284,0.03497715286621842
2033,Coum_Library3_Col445,B6,f31881,Plate 22,Transformant,Coum_Library3,Col445,f31881,18,B6,0.898498531388909,0.006009651352589383,0.015530545211691433,0.39161061964880284,2.2943671246573554
2034,Coum_Library3_Col446,B7,f31881,Plate 22,Transformant,Coum_Library3,Col446,f31881,19,B7,0.4578072228125732,0.007058809868789595,0.06276337887538883,0.39161061964880284,1.1690367927793572
2035,Coum_Library3_Col447,B8,f31881,Plate 22,Transformant,Coum_Library3,Col447,f31881,20,B8,0.6844917418715966,0.0027918734501843124,0.06660953433325958,0.39161061964880284,1.747888610593477
2036,SHK0066,B9,f31881,Plate 22,Control,nan,,f31881,21,B9,0.3840547719980274,0.00025319157751574047,0.06407320986667561,0.39161061964880284,0.9807057130944213
2037,Coum_Library3_Col448,B10,f31881,Plate 22,Transformant,Coum_Library3,Col448,f31881,22,B10,0.7706541267074549,0.00797152587420132,0.09326050504090029,0.39161061964880284,1.9679091629296954
2039,Coum_Library3_Col450,B12,f31881,Plate 22,Transformant,Coum_Library3,Col450,f31881,24,B12,0.3669796559048367,0.10939966887302935,0.0808409354845094,0.39161061964880284,0.937103432572755
2040,Coum_Library3_Col451,C1,f31881,Plate 22,Transformant,Coum_Library3,Col451,f31881,25,C1,0.39908225226560196,0.00488600705390544,0.07574623873588286,0.39161061964880284,1.019079239024467
2041,Coum_Library3_Col452,C2,f31881,Plate 22,Transformant,Coum_Library3,Col452,f31881,26,C2,0.5373373523256286,0.0093979767519467,0.07936136375250255,0.39161061964880284,1.3721215037720729
2042,Coum_Library3_Col453,C3,f31881,Plate 22,Transformant,Coum_Library3,Col453,f31881,27,C3,0.5082396572087772,0.008725854403174428,0.09012491579922527,0.39161061964880284,1.2978188836262088
2044,Coum_Library3_Col455,C5,f31881,Plate 22,Transformant,Coum_Library3,Col455,f31881,29,C5,0.4731490035410243,0.09579868699453215,0.04683871763096433,0.39161061964880284,1.2082129028200135
2045,Coum_Library3_Col456,C6,f31881,Plate 22,Transformant,Coum_Library3,Col456,f31881,30,C6,0.47055409066764586,0.0017270500880686203,0.07346942028646529,0.39161061964880284,1.2015866451467523
2047,Coum_Library3_Col458,C8,f31881,Plate 22,Transformant,Coum_Library3,Col458,f31881,32,C8,0.37867332744002974,0.1118753503990588,0.04802273094421861,0.39161061964880284,0.9669638882102449
2048,Coum_Library3_Col459,C9,f31881,Plate 22,Transformant,Coum_Library3,Col459,f31881,33,C9,0.4584345352835513,0.051022998717608715,0.09659320053174007,0.39161061964880284,1.1706386708682117
2049,Coum_Library3_Col460,C10,f31881,Plate 22,Transformant,Coum_Library3,Col460,f31881,34,C10,0.5097868076565663,0.0034920215479779856,0.06828455398548666,0.39161061964880284,1.3017696203278248
2050,Coum_Library3_Col461,C11,f31881,Plate 22,Transformant,Coum_Library3,Col461,f31881,35,C11,0.4079841070906373,0.00885208901484179,0.026500973664360838,0.39161061964880284,1.0418106318376101
2051,Coum_Library3_Col462,C12,f31881,Plate 22,Transformant,Coum_Library3,Col462,f31881,36,C12,0.3419979431533461,0.010783689226142645,0.074085788846555,0.39161061964880284,0.8733112075971037
2052,Coum_Library3_Col463,D1,f31881,Plate 22,Transformant,Coum_Library3,Col463,f31881,37,D1,0.38935069747779705,0.006563188655905634,0.0963682630584833,0.39161061964880284,0.9942291601462889
2053,Coum_Library3_Col464,D2,f31881,Plate 22,Transformant,Coum_Library3,Col464,f31881,38,D2,0.37260153726913525,0.00573144681986385,0.07776344575196577,0.39161061964880284,0.9514592265227256
2054,Coum_Library3_Col465,D3,f31881,Plate 22,Transformant,Coum_Library3,Col465,f31881,39,D3,0.2231475100616237,-0.0014199183849919895,0.012301845797441468,0.39161061964880284,0.5698198640827024
2055,Coum_Library3_Col466,D4,f31881,Plate 22,Transformant,Coum_Library3,Col466,f31881,40,D4,1.1336730018846768,0.011687870884274436,0.04963137223038736,0.39161061964880284,2.894898516545228
2057,Coum_Library3_Col468,D6,f31881,Plate 22,Transformant,Coum_Library3,Col468,f31881,42,D6,0.3823549435554776,0.13695984223616098,0.06700498971230827,0.39161061964880284,0.9763651044457738
2058,Coum_Library3_Col469,D7,f31881,Plate 22,Transformant,Coum_Library3,Col469,f31881,43,D7,0.41584491265004475,0.0018181857092247815,0.07076527609572801,0.39161061964880284,1.0618836461150498
2059,Coum_Library3_Col470,D8,f31881,Plate 22,Transformant,Coum_Library3,Col470,f31881,44,D8,0.7009334723234375,0.026288198297071762,0.07581697267599238,0.39161061964880284,1.7898735048401804
2060,Coum_Library3_Col471,D9,f31881,Plate 22,Transformant,Coum_Library3,Col471,f31881,45,D9,0.021258603492041225,-0.004238490330583393,0.01566054771639444,0.39161061964880284,0.05428505363594578
2061,Coum_Library3_Col472,D10,f31881,Plate 22,Transformant,Coum_Library3,Col472,f31881,46,D10,0.2232639343611145,0.0031492961399812325,0.02577041524508492,0.39161061964880284,0.5701171601560193
2063,Coum_Library3_Col474,D12,f31881,Plate 22,Transformant,Coum_Library3,Col474,f31881,48,D12,0.3652699891331256,0.15197231822510118,0.07073772101700751,0.39161061964880284,0.932737701190791
2064,Coum_Library3_Col475,E1,f31881,Plate 22,Transformant,Coum_Library3,Col475,f31881,49,E1,0.46325513874243085,0.006188396948289522,0.044410882484152626,0.39161061964880284,1.1829483560938132
2065,Coum_Library3_Col476,E2,f31881,Plate 22,Transformant,Coum_Library3,Col476,f31881,50,E2,0.0022527525056141653,0.0028136872497251924,0.012103554591490968,0.39161061964880284,0.005752531705178063
2066,Coum_Library3_Col477,E3,f31881,Plate 22,Transformant,Coum_Library3,Col477,f31881,51,E3,0.2587245296516374,0.0011353718126727132,0.052858231958883596,0.39161061964880284,0.6606678079457141
2067,Coum_Library3_Col478,E4,f31881,Plate 22,Transformant,Coum_Library3,Col478,f31881,52,E4,0.7624057424469192,0.0077343084290295,0.05662664467096119,0.39161061964880284,1.9468464443856148
2068,Coum_Library3_Col479,E5,f31881,Plate 22,Transformant,Coum_Library3,Col479,f31881,53,E5,0.402365437211348,0.00086265469397269,0.05328457328540005,0.39161061964880284,1.0274630385973447
2069,Coum_Library3_Col480,E6,f31881,Plate 22,Transformant,Coum_Library3,Col480,f31881,54,E6,0.36065205060170175,0.005107617273230656,0.06110436376809086,0.39161061964880284,0.9209455323891247
2070,Coum_Library3_Col481,E7,f31881,Plate 22,Transformant,Coum_Library3,Col481,f31881,55,E7,0.5850819062079791,0.0033123010367148696,0.0664831889218456,0.39161061964880284,1.4940399387858319
2072,Coum_Library3_Col482,E9,f31881,Plate 22,Transformant,Coum_Library3,Col482,f31881,57,E9,0.35287105524389284,0.12471120381527029,0.016102865905403798,0.39161061964880284,0.9010763180026841
2073,Coum_Library3_Col483,E10,f31881,Plate 22,Transformant,Coum_Library3,Col483,f31881,58,E10,0.4285989496502746,0.0007026331545339421,0.051045303082817364,0.39161061964880284,1.0944518053025298
2074,SHK0058,E11,f31881,Plate 22,Control,nan,,f31881,59,E11,0.3991664672995783,0.003744747694381854,0.06615649368367045,0.39161061964880284,1.0192942869055786
2075,Coum_Library3_Col484,E12,f31881,Plate 22,Transformant,Coum_Library3,Col484,f31881,60,E12,0.32769053393800596,0.0011124446559860203,0.05810772339886494,0.39161061964880284,0.8367764240711334
2076,Coum_Library3_Col485,F1,f31881,Plate 22,Transformant,Coum_Library3,Col485,f31881,61,F1,0.5058662509776247,0.003117618536656591,0.05237232231893444,0.39161061964880284,1.2917582557676464
2077,Coum_Library3_Col486,F2,f31881,Plate 22,Transformant,Coum_Library3,Col486,f31881,62,F2,0.5642826586078936,0.002285447273049009,0.07240764479121263,0.39161061964880284,1.4409278765574423
2078,Coum_Library3_Col487,F3,f31881,Plate 22,Transformant,Coum_Library3,Col487,f31881,63,F3,0.524504347500411,-0.0005126741321556374,0.06839419794181464,0.39161061964880284,1.3393516957502007
2079,SHK0066,F4,f31881,Plate 22,Control,nan,,f31881,64,F4,0.41250589378864994,-0.0003837653464431833,0.06425344439374582,0.39161061964880284,1.0533572714616013
2080,Coum_Library3_Col488,F5,f31881,Plate 22,Transformant,Coum_Library3,Col488,f31881,65,F5,0.757483842574434,0.006766845170640251,0.05691425709516618,0.39161061964880284,1.934278093004084
2081,Coum_Library3_Col489,F6,f31881,Plate 22,Transformant,Coum_Library3,Col489,f31881,66,F6,0.26421562191909226,0.016891600725138622,0.019199898575152755,0.39161061964880284,0.6746896244949673
2082,Coum_Library3_Col490,F7,f31881,Plate 22,Transformant,Coum_Library3,Col490,f31881,67,F7,0.4754628519679864,0.0040306669698185115,0.05156046827318086,0.39161061964880284,1.2141214464367243
2083,Coum_Library3_Col491,F8,f31881,Plate 22,Transformant,Coum_Library3,Col491,f31881,68,F8,0.6782002726786999,-7.308178565303705e-05,0.049921842742247154,0.39161061964880284,1.7318229860234924
2084,Coum_Library3_Col492,F9,f31881,Plate 22,Transformant,Coum_Library3,Col492,f31881,69,F9,0.5234737963550736,-0.000713977513357027,0.0652533814085823,0.39161061964880284,1.3367201247620044
2085,Coum_Library3_Col493,F10,f31881,Plate 22,Transformant,Coum_Library3,Col493,f31881,70,F10,0.33420139350427885,0.004941919526008244,0.0691093348824088,0.39161061964880284,0.8534022744428925
2086,Coum_Library3_Col494,F11,f31881,Plate 22,Transformant,Coum_Library3,Col494,f31881,71,F11,0.6953139267686568,0.0052933279539461656,0.09039661224392258,0.39161061964880284,1.7755236755127215
2087,Coum_Library3_Col495,F12,f31881,Plate 22,Transformant,Coum_Library3,Col495,f31881,72,F12,0.43099676445662494,0.004915773768757987,0.06309987213216735,0.39161061964880284,1.1005747618467132
2088,SHK0046,G1,f31881,Plate 22,Control,nan,,f31881,73,G1,0.005392220109856853,-0.0004463834206463314,0.01875252048351585,0.39161061964880284,0.013769340868980027
2089,Coum_Library3_Col496,G2,f31881,Plate 22,Transformant,Coum_Library3,Col496,f31881,74,G2,0.582938259902783,0.003515728438575476,0.003958807225548618,0.39161061964880284,1.4885660159715872
2091,Coum_Library3_Col498,G4,f31881,Plate 22,Transformant,Coum_Library3,Col498,f31881,76,G4,0.39934955990242105,0.01833586146823969,0.0711280567952996,0.39161061964880284,1.0197618242849453
2092,Coum_Library3_Col499,G5,f31881,Plate 22,Transformant,Coum_Library3,Col499,f31881,77,G5,0.4129662659681736,-0.002700211145069078,0.0380646448762625,0.39161061964880284,1.054532858017289
2093,Coum_Library3_Col500,G6,f31881,Plate 22,Transformant,Coum_Library3,Col500,f31881,78,G6,0.3034004228129934,0.007766719441039432,0.015443135527630469,0.39161061964880284,0.7747502432009722
2094,SHK0058,G7,f31881,Plate 22,Control,nan,,f31881,79,G7,0.40328320459685973,0.003960067974753709,0.06883002816416764,0.39161061964880284,1.0298066098374066
2095,Coum_Library3_Col501,G8,f31881,Plate 22,Transformant,Coum_Library3,Col501,f31881,80,G8,0.5753344922713959,0.0029656445272205497,0.05896520669272133,0.39161061964880284,1.4691493626688596
2096,Coum_Library3_Col502,G9,f31881,Plate 22,Transformant,Coum_Library3,Col502,f31881,81,G9,0.5998527670398407,0.006171832706624429,0.0497521831056752,0.39161061964880284,1.5317581723850846
2097,Coum_Library3_Col503,G10,f31881,Plate 22,Transformant,Coum_Library3,Col503,f31881,82,G10,0.4561013906676743,-0.0032710615107321263,0.0651693216885443,0.39161061964880284,1.1646808533351494
2098,Coum_Library3_Col504,G11,f31881,Plate 22,Transformant,Coum_Library3,Col504,f31881,83,G11,0.43604033106954915,0.012021059221904627,0.06550654284137541,0.39161061964880284,1.1134537961728181
2099,Coum_Library3_Col505,G12,f31881,Plate 22,Transformant,Coum_Library3,Col505,f31881,84,G12,0.18964219433884677,0.31889916957116476,0.01771156999565648,0.39161061964880284,0.48426213392506634
2100,Coum_Library3_Col506,H1,f31881,Plate 22,Transformant,Coum_Library3,Col506,f31881,85,H1,0.48571126744408183,0.002827048196138318,0.06915122547159812,0.39161061964880284,1.2402913584919342
2101,Coum_Library3_Col507,H2,f31881,Plate 22,Transformant,Coum_Library3,Col507,f31881,86,H2,0.3619125422959848,0.000902888227671996,0.044617246605413975,0.39161061964880284,0.9241642696527195
2102,Coum_Library3_Col508,H3,f31881,Plate 22,Transformant,Coum_Library3,Col508,f31881,87,H3,0.3801622546268812,0.0004886184442421138,0.04842122103279294,0.39161061964880284,0.9707659485021408
2103,Coum_Library3_Col509,H4,f31881,Plate 22,Transformant,Coum_Library3,Col509,f31881,88,H4,0.5111689140159456,0.005636783516223181,0.03733463299313179,0.39161061964880284,1.305298907558643
2104,Coum_Library3_Col510,H5,f31881,Plate 22,Transformant,Coum_Library3,Col510,f31881,89,H5,0.3938742326974605,-0.00400503379552823,0.0747156492235661,0.39161061964880284,1.0057802647198069
2105,Coum_Library3_Col511,H6,f31881,Plate 22,Transformant,Coum_Library3,Col511,f31881,90,H6,0.23471584746653892,0.003707255719283093,0.016654910577792715,0.39161061964880284,0.5993602718869896
2106,Coum_Library3_Col512,H7,f31881,Plate 22,Transformant,Coum_Library3,Col512,f31881,91,H7,0.4816742960607382,0.008411946996350478,0.09955313631797123,0.39161061964880284,1.229982722360044
2107,Coum_Library3_Col513,H8,f31881,Plate 22,Transformant,Coum_Library3,Col513,f31881,92,H8,0.6392516573405884,0.004784110425610652,0.06215804995183144,0.39161061964880284,1.6323654805732044
2108,Coum_Library3_Col514,H9,f31881,Plate 22,Transformant,Coum_Library3,Col514,f31881,93,H9,0.019251177822476,-0.0010477839745017777,0.00234471757257449,0.39161061964880284,0.049158977965767355
2109,SHK0046,H10,f31881,Plate 22,Control,nan,,f31881,94,H10,0.0035374436364420153,0.00122288609239205,0.022304626653610677,0.39161061964880284,0.009033063606943044
2110,Coum_Library3_Col515,H11,f31881,Plate 22,Transformant,Coum_Library3,Col515,f31881,95,H11,0.35600964181006245,0.0010096179744981289,0.07191785109395663,0.39161061964880284,0.9090908773856352
2111,Coum_Library3_Col516,H12,f31881,Plate 22,Transformant,Coum_Library3,Col516,f31881,96,H12,0.3898861726611849,-0.0015504536718243336,0.042295460868634824,0.39161061964880284,0.9955965264957206
2112,Coum_Library3_Col517,A1,f31882,Plate 23,Transformant,Coum_Library3,Col517,f31882,1,A1,0.511475560185278,0.006288774720160758,0.053211016738609694,0.3983712728793105,1.2839167756462029
2113,SHK0058,A2,f31882,Plate 23,Control,nan,,f31882,2,A2,0.4042803984760941,0.008636442352684473,0.043288306940273136,0.3983712728793105,1.0148332121291632
2114,Coum_Library3_Col518,A3,f31882,Plate 23,Transformant,Coum_Library3,Col518,f31882,3,A3,0.29888851879182177,0.001864346415545934,0.022355452638819044,0.3983712728793105,0.7502762853143083
2115,Coum_Library3_Col519,A4,f31882,Plate 23,Transformant,Coum_Library3,Col519,f31882,4,A4,0.4974514634474696,0.013232617450102572,0.07661821502001401,0.3983712728793105,1.2487131912199305
2116,Coum_Library3_Col520,A5,f31882,Plate 23,Transformant,Coum_Library3,Col520,f31882,5,A5,0.00444395115161275,0.006674117629069601,0.0020455796255837632,0.3983712728793105,0.011155300229088248
2117,Coum_Library3_Col521,A6,f31882,Plate 23,Transformant,Coum_Library3,Col521,f31882,6,A6,0.4605037500596024,0.004458392358599423,0.041257566694952945,0.3983712728793105,1.155966259141169
2118,Coum_Library3_Col522,A7,f31882,Plate 23,Transformant,Coum_Library3,Col522,f31882,7,A7,0.9384068110783572,0.006173100275903612,0.051050362564193916,0.3983712728793105,2.3556086368774247
2119,Coum_Library3_Col523,A8,f31882,Plate 23,Transformant,Coum_Library3,Col523,f31882,8,A8,0.6144191196346999,0.0015608583875902089,0.05807823026037272,0.3983712728793105,1.5423278771931996
2120,Coum_Library3_Col524,A9,f31882,Plate 23,Transformant,Coum_Library3,Col524,f31882,9,A9,0.3933536351672165,0.015656559190383834,0.032925881581169374,0.3983712728793105,0.9874046196257376
2121,Coum_Library3_Col525,A10,f31882,Plate 23,Transformant,Coum_Library3,Col525,f31882,10,A10,0.4606546658357154,0.0033062734352679456,0.053560158707066714,0.3983712728793105,1.1563450911162314
2122,Coum_Library3_Col526,A11,f31882,Plate 23,Transformant,Coum_Library3,Col526,f31882,11,A11,0.4640481955842355,0.0055590275914109005,0.06311924871502042,0.3983712728793105,1.1648636013089786
2123,SHK0066,A12,f31882,Plate 23,Control,nan,,f31882,12,A12,0.3683819476222848,0.0073365379381042945,0.04261908896158124,0.3983712728793105,0.9247201610691663
2124,Coum_Library3_Col527,B1,f31882,Plate 23,Transformant,Coum_Library3,Col527,f31882,13,B1,0.6601391940872835,0.004557677617868144,0.036630837784272105,0.3983712728793105,1.6570953756680078
2125,Coum_Library3_Col528,B2,f31882,Plate 23,Transformant,Coum_Library3,Col528,f31882,14,B2,1.0380769745753733,0.0074638797370633605,0.042237479303496375,0.3983712728793105,2.605802790629098
2126,Coum_Library3_Col529,B3,f31882,Plate 23,Transformant,Coum_Library3,Col529,f31882,15,B3,0.5770189825840353,0.0030247907048265863,0.03332736867280008,0.3983712728793105,1.4484452616613432
2127,Coum_Library3_Col530,B4,f31882,Plate 23,Transformant,Coum_Library3,Col530,f31882,16,B4,0.6788333090822222,0.0051763549826512574,0.03763924052594654,0.3983712728793105,1.7040217387559462
2128,SHK0046,B5,f31882,Plate 23,Control,nan,,f31882,17,B5,0.00627245641464583,-0.003691215275860418,0.04442236522286689,0.3983712728793105,0.015745252837410583
2129,Coum_Library3_Col531,B6,f31882,Plate 23,Transformant,Coum_Library3,Col531,f31882,18,B6,0.49088895295295576,-0.003715726543214361,0.0370268236013491,0.3983712728793105,1.2322398384927573
2130,Coum_Library3_Col532,B7,f31882,Plate 23,Transformant,Coum_Library3,Col532,f31882,19,B7,0.4211849444185753,0.00235333698070808,0.06866225221965971,0.3983712728793105,1.0572673611085817
2131,Coum_Library3_Col533,B8,f31882,Plate 23,Transformant,Coum_Library3,Col533,f31882,20,B8,0.22835045730125875,0.005167918179828332,0.009584683356903044,0.3983712728793105,0.5732101505482781
2132,SHK0066,B9,f31882,Plate 23,Control,nan,,f31882,21,B9,0.2860378984920861,0.0023016698552786622,0.042492426891832,0.3983712728793105,0.7180183862774246
2133,Coum_Library3_Col534,B10,f31882,Plate 23,Transformant,Coum_Library3,Col534,f31882,22,B10,0.6760350994226616,0.00743666249435277,0.04152046051374852,0.3983712728793105,1.6969976136493943
2134,Coum_Library3_Col535,B11,f31882,Plate 23,Transformant,Coum_Library3,Col535,f31882,23,B11,0.5120195302330738,0.003894554156702039,0.025923094127226907,0.3983712728793105,1.2852822607723369
2135,Coum_Library3_Col536,B12,f31882,Plate 23,Transformant,Coum_Library3,Col536,f31882,24,B12,0.4667422783361142,0.0008410283091589638,0.04851209088110269,0.3983712728793105,1.171626344848207
2136,Coum_Library3_Col537,C1,f31882,Plate 23,Transformant,Coum_Library3,Col537,f31882,25,C1,0.4373523919731909,-0.0033055380692108296,0.05408885054548749,0.3983712728793105,1.0978512301154055
2137,Coum_Library3_Col538,C2,f31882,Plate 23,Transformant,Coum_Library3,Col538,f31882,26,C2,0.4353298964671649,0.013891279936181736,0.03990328340931325,0.3983712728793105,1.0927743190936643
2138,Coum_Library3_Col539,C3,f31882,Plate 23,Transformant,Coum_Library3,Col539,f31882,27,C3,0.6254587425322901,0.005848998241970895,0.04197475628630401,0.3983712728793105,1.570039772224684
2139,Coum_Library3_Col540,C4,f31882,Plate 23,Transformant,Coum_Library3,Col540,f31882,28,C4,0.5816245577752993,0.010438690844899423,0.05696062385019832,0.3983712728793105,1.460006273975249
2140,Coum_Library3_Col541,C5,f31882,Plate 23,Transformant,Coum_Library3,Col541,f31882,29,C5,0.4817650881182881,0.010286209119860815,0.04988181063102999,0.3983712728793105,1.2093369198944282
2142,Coum_Library3_Col543,C7,f31882,Plate 23,Transformant,Coum_Library3,Col543,f31882,31,C7,0.5615212995640138,0.006225184943516556,0.049873117518546735,0.3983712728793105,1.4095426497636308
2143,Coum_Library3_Col544,C8,f31882,Plate 23,Transformant,Coum_Library3,Col544,f31882,32,C8,0.5077242349439571,-0.0007604071055856394,0.04461661666605831,0.3983712728793105,1.274500119635323
2144,Coum_Library3_Col545,C9,f31882,Plate 23,Transformant,Coum_Library3,Col545,f31882,33,C9,0.7129910310756653,0.004427478681225784,0.04159670740851232,0.3983712728793105,1.7897651753912265
2145,Coum_Library3_Col546,C10,f31882,Plate 23,Transformant,Coum_Library3,Col546,f31882,34,C10,0.5177319768347354,0.005872313732331734,0.09560989687681802,0.3983712728793105,1.2996217651255844
2146,Coum_Library3_Col547,C11,f31882,Plate 23,Transformant,Coum_Library3,Col547,f31882,35,C11,0.6392685089526158,0.0081934807723929,0.09135409353252869,0.3983712728793105,1.6047053401520919
2147,Coum_Library3_Col548,C12,f31882,Plate 23,Transformant,Coum_Library3,Col548,f31882,36,C12,0.44588642580024,0.010693615505778397,0.06613026817376168,0.3983712728793105,1.119273542435688
2148,Coum_Library3_Col549,D1,f31882,Plate 23,Transformant,Coum_Library3,Col549,f31882,37,D1,0.7642404786429985,0.006438568839905636,0.03907444810245673,0.3983712728793105,1.9184126232780112
2149,Coum_Library3_Col550,D2,f31882,Plate 23,Transformant,Coum_Library3,Col550,f31882,38,D2,0.6045769607277447,0.007022215243495406,0.06217507574779698,0.3983712728793105,1.5176218816131999
2150,Coum_Library3_Col551,D3,f31882,Plate 23,Transformant,Coum_Library3,Col551,f31882,39,D3,0.7971129036437882,0.010305550273288399,0.06673491095041428,0.3983712728793105,2.0009296802013115
2151,Coum_Library3_Col552,D4,f31882,Plate 23,Transformant,Coum_Library3,Col552,f31882,40,D4,0.5298783834788967,0.007872153313600097,0.0727091164554711,0.3983712728793105,1.330111932140818
2152,Coum_Library3_Col553,D5,f31882,Plate 23,Transformant,Coum_Library3,Col553,f31882,41,D5,0.8179938598613966,0.009581209537860748,0.05100929235265826,0.3983712728793105,2.0533454984069945
2153,Coum_Library3_Col554,D6,f31882,Plate 23,Transformant,Coum_Library3,Col554,f31882,42,D6,0.2708222984361474,0.0042279065545487915,0.005762885511565714,0.3983712728793105,0.6798238650059363
2154,Coum_Library3_Col555,D7,f31882,Plate 23,Transformant,Coum_Library3,Col555,f31882,43,D7,0.45556657341898726,0.005674691883960232,0.06763755449875063,0.3983712728793105,1.143572853851348
2155,Coum_Library3_Col556,D8,f31882,Plate 23,Transformant,Coum_Library3,Col556,f31882,44,D8,0.6123484355218082,0.006981352755315435,0.04911270172039315,0.3983712728793105,1.5371300021106784
2156,Coum_Library3_Col557,D9,f31882,Plate 23,Transformant,Coum_Library3,Col557,f31882,45,D9,0.5798090655229907,-0.003488403277440698,0.0440501629665751,0.3983712728793105,1.4554489869018445
2158,Coum_Library3_Col559,D11,f31882,Plate 23,Transformant,Coum_Library3,Col559,f31882,47,D11,0.5476372044841,0.008224406346570888,0.07944935299792563,0.3983712728793105,1.3746905004618912
2160,Coum_Library3_Col561,E1,f31882,Plate 23,Transformant,Coum_Library3,Col561,f31882,49,E1,0.3975729472554043,0.04505573820241913,0.057468137868693495,0.3983712728793105,0.997996026123731
2161,Coum_Library3_Col562,E2,f31882,Plate 23,Transformant,Coum_Library3,Col562,f31882,50,E2,0.8300635533918588,0.004856018810918563,0.0345336255881892,0.3983712728793105,2.083643098540724
2162,Coum_Library3_Col563,E3,f31882,Plate 23,Transformant,Coum_Library3,Col563,f31882,51,E3,0.7590278445190243,0.007730043800449023,0.04032043750512038,0.3983712728793105,1.9053277587838953
2163,Coum_Library3_Col564,E4,f31882,Plate 23,Transformant,Coum_Library3,Col564,f31882,52,E4,0.7573932831114675,0.004228468838893501,0.04148381035113971,0.3983712728793105,1.9012246481460657
2164,Coum_Library3_Col565,E5,f31882,Plate 23,Transformant,Coum_Library3,Col565,f31882,53,E5,0.41373603800905395,-0.001090781426758471,0.04603537973913574,0.3983712728793105,1.038568958596566
2165,Coum_Library3_Col566,E6,f31882,Plate 23,Transformant,Coum_Library3,Col566,f31882,54,E6,0.2210266637083667,0.001053854585066974,0.008096562764230087,0.3983712728793105,0.5548258088763552
2166,Coum_Library3_Col567,E7,f31882,Plate 23,Transformant,Coum_Library3,Col567,f31882,55,E7,0.6005837360991632,-0.0007119638073597119,0.053133173886455186,0.3983712728793105,1.5075980046410484
2168,Coum_Library3_Col568,E9,f31882,Plate 23,Transformant,Coum_Library3,Col568,f31882,57,E9,0.7287085334605943,0.1683191355779749,0.04065177697033514,0.3983712728793105,1.8292195825108148
2169,Coum_Library3_Col569,E10,f31882,Plate 23,Transformant,Coum_Library3,Col569,f31882,58,E10,0.43081674040150564,0.0038318383859227596,0.04796133468097674,0.3983712728793105,1.0814452992247379
2170,SHK0058,E11,f31882,Plate 23,Control,nan,,f31882,59,E11,0.4173467302543085,0.0049274132516050825,0.048719217204491856,0.3983712728793105,1.0476325946844736
2171,Coum_Library3_Col570,E12,f31882,Plate 23,Transformant,Coum_Library3,Col570,f31882,60,E12,0.4360343400093475,0.0025595268650091658,0.054837981627049365,0.3983712728793105,1.0945426281815438
2172,Coum_Library3_Col571,F1,f31882,Plate 23,Transformant,Coum_Library3,Col571,f31882,61,F1,0.20499250447186185,0.006143882502194223,0.006319462680024213,0.3983712728793105,0.5145765230264628
2173,Coum_Library3_Col572,F2,f31882,Plate 23,Transformant,Coum_Library3,Col572,f31882,62,F2,0.26108161744069414,0.007023462620481832,0.030828446322335456,0.3983712728793105,0.6553726014269877
2174,Coum_Library3_Col573,F3,f31882,Plate 23,Transformant,Coum_Library3,Col573,f31882,63,F3,0.6045808740694463,0.002097491999504639,0.06012866409855122,0.3983712728793105,1.517631704966358
2175,SHK0066,F4,f31882,Plate 23,Control,nan,,f31882,64,F4,0.39627716701087323,0.004934824853681956,0.05151918596327489,0.3983712728793105,0.9947433311310283
2176,Coum_Library3_Col574,F5,f31882,Plate 23,Transformant,Coum_Library3,Col574,f31882,65,F5,0.8479716535582462,0.005048174151579196,0.05179022025799453,0.3983712728793105,2.1285963905714294
2177,Coum_Library3_Col575,F6,f31882,Plate 23,Transformant,Coum_Library3,Col575,f31882,66,F6,0.5030232139331183,-0.0019183188987752574,0.055849013648990434,0.3983712728793105,1.2626995172051798
2178,Coum_Library3_Col576,F7,f31882,Plate 23,Transformant,Coum_Library3,Col576,f31882,67,F7,0.41844308463887003,0.00917405283910921,0.03518430469072318,0.3983712728793105,1.0503846866629873
2179,Coum_Library3_Col577,F8,f31882,Plate 23,Transformant,Coum_Library3,Col577,f31882,68,F8,0.44645551456450566,0.005955360135249369,0.057103384858779326,0.3983712728793105,1.1207020810954975
2180,Coum_Library3_Col578,F9,f31882,Plate 23,Transformant,Coum_Library3,Col578,f31882,69,F9,0.25497128832400034,0.007573725721405596,0.001799189816322985,0.3983712728793105,0.6400343239640318
2181,Coum_Library3_Col579,F10,f31882,Plate 23,Transformant,Coum_Library3,Col579,f31882,70,F10,0.5444725860078614,-0.005241149039163693,0.04357806155060494,0.3983712728793105,1.3667466081893243
2182,Coum_Library3_Col580,F11,f31882,Plate 23,Transformant,Coum_Library3,Col580,f31882,71,F11,0.5583598332342888,0.008819427482805318,0.056036665441117774,0.3983712728793105,1.401606670075952
2183,Coum_Library3_Col581,F12,f31882,Plate 23,Transformant,Coum_Library3,Col581,f31882,72,F12,0.33992906961581276,1.0385250122913642e-05,0.04807275737455607,0.3983712728793105,0.8532971445428414
2184,SHK0046,G1,f31882,Plate 23,Control,nan,,f31882,73,G1,0.009450284303004212,0.0018133030624106177,0.03686042408419503,0.3983712728793105,0.02372230365583425
2188,Coum_Library3_Col585,G5,f31882,Plate 23,Transformant,Coum_Library3,Col585,f31882,77,G5,0.38921067854186037,0.11466739590484573,0.026673246442809526,0.3983712728793105,0.9770048822264716
2189,Coum_Library3_Col586,G6,f31882,Plate 23,Transformant,Coum_Library3,Col586,f31882,78,G6,0.5486238321719138,0.0004752260359501335,0.05886287497038436,0.3983712728793105,1.3771671541640589
2190,SHK0058,G7,f31882,Plate 23,Control,nan,,f31882,79,G7,0.40046537874774785,0.00038502125211657337,0.04558530450004997,0.3983712728793105,1.0052566688689717
2191,Coum_Library3_Col587,G8,f31882,Plate 23,Transformant,Coum_Library3,Col587,f31882,80,G8,0.53740974982319,0.006328120079603577,0.07085171477247773,0.3983712728793105,1.3490173273262156
2192,Coum_Library3_Col588,G9,f31882,Plate 23,Transformant,Coum_Library3,Col588,f31882,81,G9,0.500885151484821,-0.0014195474333711714,0.042950258234064224,0.3983712728793105,1.2573325075991808
2193,Coum_Library3_Col589,G10,f31882,Plate 23,Transformant,Coum_Library3,Col589,f31882,82,G10,0.4182999305530281,0.008392703925354834,0.04031713833815235,0.3983712728793105,1.0500253382471059
2195,Coum_Library3_Col591,G12,f31882,Plate 23,Transformant,Coum_Library3,Col591,f31882,84,G12,0.36516799657131477,0.09200832989122154,0.023326095929315106,0.3983712728793105,0.9166524331234724
2197,Coum_Library3_Col593,H2,f31882,Plate 23,Transformant,Coum_Library3,Col593,f31882,86,H2,0.6835563197119615,0.04121407150106265,0.050221059920230175,0.3983712728793105,1.7158775399928246
2198,Coum_Library3_Col594,H3,f31882,Plate 23,Transformant,Coum_Library3,Col594,f31882,87,H3,0.6334699659121552,-0.0005975780047671028,0.05192081461236328,0.3983712728793105,1.5901497146960935
2199,Coum_Library3_Col595,H4,f31882,Plate 23,Transformant,Coum_Library3,Col595,f31882,88,H4,0.5678940903161857,-0.0005684434393949205,0.0332770598144346,0.3983712728793105,1.4255397639784968
2200,Coum_Library3_Col596,H5,f31882,Plate 23,Transformant,Coum_Library3,Col596,f31882,89,H5,0.3810936616295239,0.002922532311401331,0.037850796430406314,0.3983712728793105,0.9566293745909209
2201,Coum_Library3_Col597,H6,f31882,Plate 23,Transformant,Coum_Library3,Col597,f31882,90,H6,0.8086258608832206,0.0049544787707405105,0.05460388013823984,0.3983712728793105,2.0298297491149664
2202,Coum_Library3_Col598,H7,f31882,Plate 23,Transformant,Coum_Library3,Col598,f31882,91,H7,0.44834441194938845,0.006931727949375382,0.04247082735031464,0.3983712728793105,1.1254436312861789
2203,Coum_Library3_Col599,H8,f31882,Plate 23,Transformant,Coum_Library3,Col599,f31882,92,H8,0.42442140220776137,0.008444226451542601,0.03562330618610997,0.3983712728793105,1.0653915859448604
2204,Coum_Library3_Col600,H9,f31882,Plate 23,Transformant,Coum_Library3,Col600,f31882,93,H9,0.35074717517282694,-0.0008838978197259934,0.04467939910701074,0.3983712728793105,0.8804529820579918
2205,SHK0046,H10,f31882,Plate 23,Control,nan,,f31882,94,H10,0.0018811220295374199,0.0013893357024756944,0.025357116469760476,0.3983712728793105,0.004722032329141664
2207,Coum_Library3_Col602,H12,f31882,Plate 23,Transformant,Coum_Library3,Col602,f31882,96,H12,0.6672878567404636,0.05131943674262563,0.045371919187460405,0.3983712728793105,1.6750400999487314
2208,Coum_Library3_Col603,A1,f31883,Plate 24,Transformant,Coum_Library3,Col603,f31883,1,A1,0.458471162283695,0.003997256000947749,0.08059218288125354,0.3195591570810615,1.4346988722573084
2209,SHK0058,A2,f31883,Plate 24,Control,nan,,f31883,2,A2,0.3195591570810615,0.000637466923354264,0.07125301978206697,0.3195591570810615,1.0
2210,Coum_Library3_Col604,A3,f31883,Plate 24,Transformant,Coum_Library3,Col604,f31883,3,A3,0.46774286498472983,0.005974552381157645,0.05676089311265863,0.3195591570810615,1.4637129139318612
2211,Coum_Library3_Col605,A4,f31883,Plate 24,Transformant,Coum_Library3,Col605,f31883,4,A4,0.6106245929183416,0.0030509449979434834,0.11110736420677854,0.3195591570810615,1.9108342833794825
2212,Coum_Library3_Col606,A5,f31883,Plate 24,Transformant,Coum_Library3,Col606,f31883,5,A5,0.6412252533891043,0.007758843727486726,0.08837602187471864,0.3195591570810615,2.0065932681955565
2213,Coum_Library3_Col607,A6,f31883,Plate 24,Transformant,Coum_Library3,Col607,f31883,6,A6,0.46916088041711057,0.00447634271562319,0.06922739579727116,0.3195591570810615,1.4681503252873462
2214,Coum_Library3_Col608,A7,f31883,Plate 24,Transformant,Coum_Library3,Col608,f31883,7,A7,0.5395809810225355,0.004363275102575646,0.05591641760786966,0.3195591570810615,1.6885167239493684
2215,Coum_Library3_Col609,A8,f31883,Plate 24,Transformant,Coum_Library3,Col609,f31883,8,A8,0.20280227845252222,0.01577073578672111,0.046470518758193594,0.3195591570810615,0.6346314100493076
2216,Coum_Library3_Col610,A9,f31883,Plate 24,Transformant,Coum_Library3,Col610,f31883,9,A9,0.43331091624400947,0.006654910866359472,0.06895148067868685,0.3195591570810615,1.355964636413448
2217,Coum_Library3_Col611,A10,f31883,Plate 24,Transformant,Coum_Library3,Col611,f31883,10,A10,0.6473993644874366,-0.002449587750875268,0.0662526910733409,0.3195591570810615,2.0259139822527854
2218,Coum_Library3_Col612,A11,f31883,Plate 24,Transformant,Coum_Library3,Col612,f31883,11,A11,0.4460787076303158,0.007013153721593893,0.09012117548292474,0.3195591570810615,1.3959190270274764
2219,SHK0066,A12,f31883,Plate 24,Control,nan,,f31883,12,A12,0.40946308845422297,-0.0029315821297163365,0.07990628758352658,0.3195591570810615,1.2813373654955407
2221,Coum_Library3_Col614,B2,f31883,Plate 24,Transformant,Coum_Library3,Col614,f31883,14,B2,0.4537558882959579,0.07651388349368642,0.07556958560058485,0.3195591570810615,1.4199433132841042
2222,Coum_Library3_Col615,B3,f31883,Plate 24,Transformant,Coum_Library3,Col615,f31883,15,B3,0.5474393530534987,0.008373887047835281,0.06533610064840005,0.3195591570810615,1.713108014346876
2223,Coum_Library3_Col616,B4,f31883,Plate 24,Transformant,Coum_Library3,Col616,f31883,16,B4,0.4251160053761789,-0.0009916084553498322,0.058231596094872634,0.3195591570810615,1.330320211316433
2224,SHK0046,B5,f31883,Plate 24,Control,nan,,f31883,17,B5,0.0068674061019211256,-0.004757223895787078,0.007220870217145297,0.3195591570810615,0.02149024976986998
2225,Coum_Library3_Col617,B6,f31883,Plate 24,Transformant,Coum_Library3,Col617,f31883,18,B6,0.27500883591210284,0.005274987816725392,0.04643410585319885,0.3195591570810615,0.8605881878776589
2226,Coum_Library3_Col618,B7,f31883,Plate 24,Transformant,Coum_Library3,Col618,f31883,19,B7,0.4487921380932223,0.0036431010092333777,0.0830492025205693,0.3195591570810615,1.4044101949467176
2227,Coum_Library3_Col619,B8,f31883,Plate 24,Transformant,Coum_Library3,Col619,f31883,20,B8,0.3920592680717153,7.0280364050831855e-06,0.03221876467235886,0.3195591570810615,1.2268753981356353
2228,SHK0066,B9,f31883,Plate 24,Control,nan,,f31883,21,B9,0.2583215964647077,0.00815438928880624,0.05509806212386536,0.3195591570810615,0.8083686251531204
2229,Coum_Library3_Col620,B10,f31883,Plate 24,Transformant,Coum_Library3,Col620,f31883,22,B10,0.3224292325484271,0.005340948572956748,0.1020321255595695,0.3195591570810615,1.008981358861945
2230,Coum_Library3_Col621,B11,f31883,Plate 24,Transformant,Coum_Library3,Col621,f31883,23,B11,0.6260505572996347,0.005872549305909811,0.09220614309842036,0.3195591570810615,1.9591069241080348
2232,Coum_Library3_Col623,C1,f31883,Plate 24,Transformant,Coum_Library3,Col623,f31883,25,C1,0.43621047676417446,0.04015301858224229,0.07774154308690995,0.3195591570810615,1.3650382631768003
2233,Coum_Library3_Col624,C2,f31883,Plate 24,Transformant,Coum_Library3,Col624,f31883,26,C2,0.5515155017474405,0.006601536431377577,0.11448750851758978,0.3195591570810615,1.7258635514786373
2234,Coum_Library3_Col625,C3,f31883,Plate 24,Transformant,Coum_Library3,Col625,f31883,27,C3,0.5004591327355722,0.008329058175576054,0.055341926315805624,0.3195591570810615,1.5660922919777962
2235,Coum_Library3_Col626,C4,f31883,Plate 24,Transformant,Coum_Library3,Col626,f31883,28,C4,0.5451474030703529,0.002425057158383163,0.09881389651692579,0.3195591570810615,1.705935789948486
2236,Coum_Library3_Col627,C5,f31883,Plate 24,Transformant,Coum_Library3,Col627,f31883,29,C5,0.48355341967009197,-0.001085409049773286,0.05486284857331069,0.3195591570810615,1.5131890573469957
2237,Coum_Library3_Col628,C6,f31883,Plate 24,Transformant,Coum_Library3,Col628,f31883,30,C6,0.23141967817954134,0.0020235792353594283,0.05883435071419995,0.3195591570810615,0.7241841551135332
2238,Coum_Library3_Col629,C7,f31883,Plate 24,Transformant,Coum_Library3,Col629,f31883,31,C7,0.007054482890619272,0.0006814645081196117,0.0013976372493689497,0.3195591570810615,0.022075671231132285
2239,Coum_Library3_Col630,C8,f31883,Plate 24,Transformant,Coum_Library3,Col630,f31883,32,C8,-0.0014089981665080134,0.00893423554925637,0.02195268290719004,0.3195591570810615,-0.004409193525787771
2240,Coum_Library3_Col631,C9,f31883,Plate 24,Transformant,Coum_Library3,Col631,f31883,33,C9,0.5710650898138118,0.008885983438963943,0.07837980262315256,0.3195591570810615,1.7870402933531073
2241,Coum_Library3_Col632,C10,f31883,Plate 24,Transformant,Coum_Library3,Col632,f31883,34,C10,0.3748665050012192,0.003772358506851949,0.11668091047654454,0.3195591570810615,1.1730738947534778
2242,Coum_Library3_Col633,C11,f31883,Plate 24,Transformant,Coum_Library3,Col633,f31883,35,C11,0.32354318329704435,0.008577815579199679,0.03049598363886483,0.3195591570810615,1.0124672572439295
2243,Coum_Library3_Col634,C12,f31883,Plate 24,Transformant,Coum_Library3,Col634,f31883,36,C12,0.8067077210367812,0.003172406269505717,0.07091509311574942,0.3195591570810615,2.524439382070802
2244,Coum_Library3_Col635,D1,f31883,Plate 24,Transformant,Coum_Library3,Col635,f31883,37,D1,0.4719344669622089,0.014464229344692606,0.10244199193718648,0.3195591570810615,1.476829740299055
2245,Coum_Library3_Col636,D2,f31883,Plate 24,Transformant,Coum_Library3,Col636,f31883,38,D2,0.44220217930409755,0.0009236585848489878,0.06748237109592915,0.3195591570810615,1.383788164117374
2246,Coum_Library3_Col637,D3,f31883,Plate 24,Transformant,Coum_Library3,Col637,f31883,39,D3,0.4283885040752086,0.003956276007399463,0.08059119780052008,0.3195591570810615,1.3405608776422602
2248,Coum_Library3_Col639,D5,f31883,Plate 24,Transformant,Coum_Library3,Col639,f31883,41,D5,0.32466972022869,0.16721765632346833,0.009453421496455746,0.3195591570810615,1.0159925417074878
2250,Coum_Library3_Col641,D7,f31883,Plate 24,Transformant,Coum_Library3,Col641,f31883,43,D7,0.6497596832750139,0.1803755411783091,0.08745532502783729,0.3195591570810615,2.0333001539060622
2251,Coum_Library3_Col642,D8,f31883,Plate 24,Transformant,Coum_Library3,Col642,f31883,44,D8,0.4324871901044471,0.005743886920530609,0.06785920314154208,0.3195591570810615,1.3533869411063053
2252,Coum_Library3_Col643,D9,f31883,Plate 24,Transformant,Coum_Library3,Col643,f31883,45,D9,0.20170707825618409,0.0006194336433147579,0.06761664204900525,0.3195591570810615,0.6312041879776825
2254,Coum_Library3_Col645,D11,f31883,Plate 24,Transformant,Coum_Library3,Col645,f31883,47,D11,0.35485166839567944,0.1949220666397326,0.021885569388485526,0.3195591570810615,1.1104412454864043
2256,Coum_Library3_Col647,E1,f31883,Plate 24,Transformant,Coum_Library3,Col647,f31883,49,E1,0.42924810652610806,0.14062149737407437,0.08230461262528786,0.3195591570810615,1.343250841086748
2257,Coum_Library3_Col648,E2,f31883,Plate 24,Transformant,Coum_Library3,Col648,f31883,50,E2,0.8338041110107324,0.03990684628375702,0.07778674426924458,0.3195591570810615,2.6092324145141745
2258,Coum_Library3_Col649,E3,f31883,Plate 24,Transformant,Coum_Library3,Col649,f31883,51,E3,0.4505842901895283,0.0066877902494660545,0.023045931872601712,0.3195591570810615,1.4100183962972155
2259,Coum_Library3_Col650,E4,f31883,Plate 24,Transformant,Coum_Library3,Col650,f31883,52,E4,0.6411747387096455,0.006936906353469203,0.0772426668124512,0.3195591570810615,2.006435192051157
2260,Coum_Library3_Col651,E5,f31883,Plate 24,Transformant,Coum_Library3,Col651,f31883,53,E5,0.6468483619392958,0.005218625682377696,0.07545870230596055,0.3195591570810615,2.024189723892694
2261,Coum_Library3_Col652,E6,f31883,Plate 24,Transformant,Coum_Library3,Col652,f31883,54,E6,0.012119015459022097,-0.0015576075431242057,0.004740213931923246,0.3195591570810615,0.03792416893861035
2262,Coum_Library3_Col653,E7,f31883,Plate 24,Transformant,Coum_Library3,Col653,f31883,55,E7,0.5256806629110626,0.009307068357274148,0.06879673496315405,0.3195591570810615,1.6450183049447555
2264,Coum_Library3_Col654,E9,f31883,Plate 24,Transformant,Coum_Library3,Col654,f31883,57,E9,0.5927833140308006,0.18235704611322281,0.056649909240342286,0.3195591570810615,1.8550033722877524
2265,Coum_Library3_Col655,E10,f31883,Plate 24,Transformant,Coum_Library3,Col655,f31883,58,E10,0.4350376492319937,0.0017647080174147652,0.06395917167853997,0.3195591570810615,1.3613681210256765
2266,SHK0058,E11,f31883,Plate 24,Control,nan,,f31883,59,E11,0.010023038475164196,-0.006765215999324554,0.0030092774054311985,0.3195591570810615,0.0313652050115456
2267,Coum_Library3_Col656,E12,f31883,Plate 24,Transformant,Coum_Library3,Col656,f31883,60,E12,0.4427100863467509,0.014399151132672693,0.05288579625689558,0.3195591570810615,1.3853775632361245
2268,Coum_Library3_Col657,F1,f31883,Plate 24,Transformant,Coum_Library3,Col657,f31883,61,F1,0.4366211615313138,0.005413579025116327,0.06968683959365808,0.3195591570810615,1.3663234235548996
2269,Coum_Library3_Col658,F2,f31883,Plate 24,Transformant,Coum_Library3,Col658,f31883,62,F2,0.5242916643184045,-0.0026165313651469045,0.07508075770247741,0.3195591570810615,1.6406716963063248
2270,Coum_Library3_Col659,F3,f31883,Plate 24,Transformant,Coum_Library3,Col659,f31883,63,F3,0.287276713277262,0.003521803254205092,0.0691721920032635,0.3195591570810615,0.898978192023424
2271,SHK0066,F4,f31883,Plate 24,Control,nan,,f31883,64,F4,0.008093394209593733,4.484343670151342e-05,0.01270131862660477,0.3195591570810615,0.025326747897074686
2272,Coum_Library3_Col660,F5,f31883,Plate 24,Transformant,Coum_Library3,Col660,f31883,65,F5,0.5344984812435724,-0.0013380158001996463,0.05529102609766527,0.3195591570810615,1.6726120012514238
2273,Coum_Library3_Col661,F6,f31883,Plate 24,Transformant,Coum_Library3,Col661,f31883,66,F6,0.27905783025989395,0.0031114313080245278,0.005618296778607585,0.3195591570810615,0.8732587506140727
2274,Coum_Library3_Col662,F7,f31883,Plate 24,Transformant,Coum_Library3,Col662,f31883,67,F7,0.006529343275482717,0.0007963287030061756,0.0002637104525363935,0.3195591570810615,0.020432346032964534
2275,Coum_Library3_Col663,F8,f31883,Plate 24,Transformant,Coum_Library3,Col663,f31883,68,F8,0.5550444233991703,0.00495244507056458,0.05229333804971237,0.3195591570810615,1.736906644982713
2276,Coum_Library3_Col664,F9,f31883,Plate 24,Transformant,Coum_Library3,Col664,f31883,69,F9,0.4591898155726542,0.005016738174466624,0.06964792214694845,0.3195591570810615,1.4369477619324584
2277,Coum_Library3_Col665,F10,f31883,Plate 24,Transformant,Coum_Library3,Col665,f31883,70,F10,0.007205340328762065,-0.0023818143809893628,0.0028636790320603965,0.3195591570810615,0.02254775107863459
2279,Coum_Library3_Col667,F12,f31883,Plate 24,Transformant,Coum_Library3,Col667,f31883,72,F12,0.4055815529281477,0.12019848228212834,0.06577293372754457,0.3195591570810615,1.2691908334996178
2280,SHK0046,G1,f31883,Plate 24,Control,nan,,f31883,73,G1,0.18087420459435627,0.05521753149783209,0.03085638054758478,0.3195591570810615,0.5660116463145962
2281,Coum_Library3_Col668,G2,f31883,Plate 24,Transformant,Coum_Library3,Col668,f31883,74,G2,0.6636133763913286,0.0028593743190303317,0.08984684204233047,0.3195591570810615,2.076652668798322
2282,Coum_Library3_Col669,G3,f31883,Plate 24,Transformant,Coum_Library3,Col669,f31883,75,G3,0.6826878144708795,0.002245426470445488,0.07444479904987876,0.3195591570810615,2.1363425185706832
2284,Coum_Library3_Col671,G5,f31883,Plate 24,Transformant,Coum_Library3,Col671,f31883,77,G5,0.41474723701391286,0.17829582450089232,0.057905348932438455,0.3195591570810615,1.29787310995036
2285,Coum_Library3_Col672,G6,f31883,Plate 24,Transformant,Coum_Library3,Col672,f31883,78,G6,0.4774485190932191,0.01030425807162153,0.05601962067175869,0.3195591570810615,1.4940849245390468
2286,SHK0058,G7,f31883,Plate 24,Control,nan,,f31883,79,G7,0.3781524475770266,0.0024490773380305055,0.07003708202006109,0.3195591570810615,1.183356631151402
2287,Coum_Library3_Col673,G8,f31883,Plate 24,Transformant,Coum_Library3,Col673,f31883,80,G8,0.5255944324156316,0.009388371156050582,0.08634385515538322,0.3195591570810615,1.6447484629029294
2288,Coum_Library3_Col674,G9,f31883,Plate 24,Transformant,Coum_Library3,Col674,f31883,81,G9,0.2798431696295833,-0.0003981886890067175,0.06395831077689504,0.3195591570810615,0.8757163217782441
2289,Coum_Library3_Col675,G10,f31883,Plate 24,Transformant,Coum_Library3,Col675,f31883,82,G10,0.006236370747355218,-0.0005012148046932957,0.002221931973398294,0.3195591570810615,0.019515543864616153
2290,Coum_Library3_Col676,G11,f31883,Plate 24,Transformant,Coum_Library3,Col676,f31883,83,G11,0.17667813378496328,0.019648045069030336,0.04557078176681014,0.3195591570810615,0.552880835582333
2291,Coum_Library3_Col677,G12,f31883,Plate 24,Transformant,Coum_Library3,Col677,f31883,84,G12,0.4803498936302594,0.007499102873254739,0.06550645458971292,0.3195591570810615,1.5031642279254438
2292,Coum_Library3_Col678,H1,f31883,Plate 24,Transformant,Coum_Library3,Col678,f31883,85,H1,0.4538463758388591,0.009429177893120885,0.07160962632893277,0.3195591570810615,1.4202264769516006
2293,Coum_Library3_Col679,H2,f31883,Plate 24,Transformant,Coum_Library3,Col679,f31883,86,H2,0.5098889063680402,0.00774621393383912,0.08324310541398054,0.3195591570810615,1.5956009867640826
2294,Coum_Library3_Col680,H3,f31883,Plate 24,Transformant,Coum_Library3,Col680,f31883,87,H3,0.010933089988621062,0.005922998024511357,0.009466496611991835,0.3195591570810615,0.0342130392647384
2295,Coum_Library3_Col681,H4,f31883,Plate 24,Transformant,Coum_Library3,Col681,f31883,88,H4,0.37265433324990094,0.005638165932209289,0.0731504787995154,0.3195591570810615,1.16615132125715
2296,Coum_Library3_Col682,H5,f31883,Plate 24,Transformant,Coum_Library3,Col682,f31883,89,H5,0.4919270962934673,0.0049028124929818,0.06720130915519078,0.3195591570810615,1.5393928960974255
2297,Coum_Library3_Col683,H6,f31883,Plate 24,Transformant,Coum_Library3,Col683,f31883,90,H6,0.4527050311737846,-0.003914294992259612,0.08584894084823992,0.3195591570810615,1.416654854484262
2298,Coum_Library3_Col684,H7,f31883,Plate 24,Transformant,Coum_Library3,Col684,f31883,91,H7,0.30367185817797815,0.0009042289883044666,0.0636971744871041,0.3195591570810615,0.9502837000566589
2299,Coum_Library3_Col685,H8,f31883,Plate 24,Transformant,Coum_Library3,Col685,f31883,92,H8,0.2975187039488021,-0.0036452195854956566,0.0359633396238972,0.3195591570810615,0.9310285665615633
2300,Coum_Library3_Col686,H9,f31883,Plate 24,Transformant,Coum_Library3,Col686,f31883,93,H9,0.5325296092851621,0.007166053052429893,0.07392175730934697,0.3195591570810615,1.6664507884844533
2301,SHK0046,H10,f31883,Plate 24,Control,nan,,f31883,94,H10,-0.00041062536188873303,-0.001546029253180378,0.006102337532006129,0.3195591570810615,-0.0012849744805922463
2302,Coum_Library3_Col687,H11,f31883,Plate 24,Transformant,Coum_Library3,Col687,f31883,95,H11,0.6481566699933399,-0.0009176409992582185,0.053326129278737804,0.3195591570810615,2.028283826737358
2303,Coum_Library3_Col688,H12,f31883,Plate 24,Transformant,Coum_Library3,Col688,f31883,96,H12,0.6592541172566674,0.0025961685238595723,0.04825606816071395,0.3195591570810615,2.063011191037272
2304,Coum_Library4_Col001,A1,f31884,Plate 25,Transformant,Coum_Library4,Col001,f31884,1,A1,0.3773620977186766,-0.0022774452127966517,0.0074601135264818035,0.38984944106400343,0.9679688053130319
2305,SHK0058,A2,f31884,Plate 25,Control,nan,,f31884,2,A2,0.38202273844144,1.6930935491639088e-05,0.012404564540154667,0.38984944106400343,0.9799237813418374
2306,Coum_Library4_Col002,A3,f31884,Plate 25,Transformant,Coum_Library4,Col002,f31884,3,A3,0.5757499130093067,-0.00020936740803009234,0.013195918920910847,0.38984944106400343,1.4768519647942322
2307,Coum_Library4_Col003,A4,f31884,Plate 25,Transformant,Coum_Library4,Col003,f31884,4,A4,0.4109567769250294,-0.006719667446363956,0.023652658079255488,0.38984944106400343,1.0541422755498082
2308,Coum_Library4_Col004,A5,f31884,Plate 25,Transformant,Coum_Library4,Col004,f31884,5,A5,0.5953142715234696,0.004594720762101219,0.037303331160016474,0.38984944106400343,1.5270363602387056
2309,Coum_Library4_Col005,A6,f31884,Plate 25,Transformant,Coum_Library4,Col005,f31884,6,A6,0.46089698248956945,0.0027148908076208684,0.026592449861497836,0.38984944106400343,1.1822435379967668
2310,Coum_Library4_Col006,A7,f31884,Plate 25,Transformant,Coum_Library4,Col006,f31884,7,A7,0.6557488850449474,0.0018671497643509014,0.027648095677950266,0.38984944106400343,1.6820567531281647
2311,Coum_Library4_Col007,A8,f31884,Plate 25,Transformant,Coum_Library4,Col007,f31884,8,A8,0.6777485034865267,-0.0014792883350269505,0.005254142856518038,0.38984944106400343,1.7384878163138306
2313,Coum_Library4_Col009,A10,f31884,Plate 25,Transformant,Coum_Library4,Col009,f31884,10,A10,0.32415295673192446,0.06319375647087662,0.03583279230614634,0.38984944106400343,0.8314824201035772
2314,Coum_Library4_Col010,A11,f31884,Plate 25,Transformant,Coum_Library4,Col010,f31884,11,A11,0.45416237112226987,0.0004223458422684823,0.018561306537483387,0.38984944106400343,1.1649686347702315
2315,SHK0066,A12,f31884,Plate 25,Control,nan,,f31884,12,A12,0.37358690754002166,0.0037386628970719565,0.010790592694945767,0.38984944106400343,0.958285092112491
2317,Coum_Library4_Col012,B2,f31884,Plate 25,Transformant,Coum_Library4,Col012,f31884,14,B2,0.2168744948938796,0.1579921619825826,0.018953693188553916,0.38984944106400343,0.5563032084949797
2318,Coum_Library4_Col013,B3,f31884,Plate 25,Transformant,Coum_Library4,Col013,f31884,15,B3,0.48753666184460814,0.00043282753401370456,0.016228359016642005,0.38984944106400343,1.2505767880902692
2319,Coum_Library4_Col014,B4,f31884,Plate 25,Transformant,Coum_Library4,Col014,f31884,16,B4,0.4918544931445966,0.0033224277113330578,0.05370787417860913,0.38984944106400343,1.2616524261319808
2320,SHK0046,B5,f31884,Plate 25,Control,nan,,f31884,17,B5,0.007081502132750887,-0.0013732045605001357,0.003745035723379429,0.38984944106400343,0.01816471023640196
2321,Coum_Library4_Col015,B6,f31884,Plate 25,Transformant,Coum_Library4,Col015,f31884,18,B6,0.44894931386478976,-0.0014232380182326422,0.005298310721180837,0.38984944106400343,1.1515966590576274
2322,Coum_Library4_Col016,B7,f31884,Plate 25,Transformant,Coum_Library4,Col016,f31884,19,B7,0.39859037225912314,0.0015211975062083146,0.018399857305873075,0.38984944106400343,1.0224212998004136
2323,Coum_Library4_Col017,B8,f31884,Plate 25,Transformant,Coum_Library4,Col017,f31884,20,B8,0.4435756491686152,0.005151143910291441,0.021535675176867653,0.38984944106400343,1.137812710358077
2324,SHK0066,B9,f31884,Plate 25,Control,nan,,f31884,21,B9,0.38571278607362847,0.009946063168333958,0.01110812993438906,0.38984944106400343,0.989389096008231
2326,Coum_Library4_Col019,B11,f31884,Plate 25,Transformant,Coum_Library4,Col019,f31884,23,B11,0.5153590242914821,0.008647081006859148,0.015821921010760347,0.38984944106400343,1.3219437300844383
2327,Coum_Library4_Col020,B12,f31884,Plate 25,Transformant,Coum_Library4,Col020,f31884,24,B12,0.4339985073766356,0.0018734078645582736,0.026392071694525558,0.38984944106400343,1.1132464527642711
2328,Coum_Library4_Col021,C1,f31884,Plate 25,Transformant,Coum_Library4,Col021,f31884,25,C1,0.4056768482337669,0.0030333359803605166,0.014628566851026753,0.38984944106400343,1.0405987684029152
2330,Coum_Library4_Col023,C3,f31884,Plate 25,Transformant,Coum_Library4,Col023,f31884,27,C3,0.5441935429019862,0.1512274358918433,0.025561975429481812,0.38984944106400343,1.3959069465810607
2331,Coum_Library4_Col024,C4,f31884,Plate 25,Transformant,Coum_Library4,Col024,f31884,28,C4,0.7597101452219682,0.004808971072682361,0.034436320104145185,0.38984944106400343,1.948727034591908
2332,Coum_Library4_Col025,C5,f31884,Plate 25,Transformant,Coum_Library4,Col025,f31884,29,C5,0.1826973380904767,0.002281445137169901,0.005994533862757988,0.38984944106400343,0.468635629159418
2333,Coum_Library4_Col026,C6,f31884,Plate 25,Transformant,Coum_Library4,Col026,f31884,30,C6,0.6325900713258659,0.004678813101108526,0.02775986161617794,0.38984944106400343,1.6226522464656055
2334,Coum_Library4_Col027,C7,f31884,Plate 25,Transformant,Coum_Library4,Col027,f31884,31,C7,0.36842559515495854,0.00338918348898787,0.003734830819483178,0.38984944106400343,0.9450458468003097
2335,Coum_Library4_Col028,C8,f31884,Plate 25,Transformant,Coum_Library4,Col028,f31884,32,C8,0.6591955852483765,-0.0016199731203051634,0.01579214763097872,0.38984944106400343,1.690897859053627
2336,Coum_Library4_Col029,C9,f31884,Plate 25,Transformant,Coum_Library4,Col029,f31884,33,C9,0.4213771232583236,-7.435189684562552e-05,0.022429516345916167,0.38984944106400343,1.0808714310536722
2337,Coum_Library4_Col030,C10,f31884,Plate 25,Transformant,Coum_Library4,Col030,f31884,34,C10,0.43647010684395315,0.0011742645812741273,0.016179944972960745,0.38984944106400343,1.1195863347981452
2338,Coum_Library4_Col031,C11,f31884,Plate 25,Transformant,Coum_Library4,Col031,f31884,35,C11,0.49045367356010683,0.0080277439285578,0.012223988770096993,0.38984944106400343,1.2580591938814316
2339,Coum_Library4_Col032,C12,f31884,Plate 25,Transformant,Coum_Library4,Col032,f31884,36,C12,0.4773990592896764,0.0015907885793626792,0.012006069813357025,0.38984944106400343,1.2245728966206202
2340,Coum_Library4_Col033,D1,f31884,Plate 25,Transformant,Coum_Library4,Col033,f31884,37,D1,0.5584320122283996,0.0005702151902540363,0.018048031958142332,0.38984944106400343,1.4324299419393527
2341,Coum_Library4_Col034,D2,f31884,Plate 25,Transformant,Coum_Library4,Col034,f31884,38,D2,0.7361454078441787,0.0048632384919877125,0.02870067307609548,0.38984944106400343,1.888281296069172
2342,Coum_Library4_Col035,D3,f31884,Plate 25,Transformant,Coum_Library4,Col035,f31884,39,D3,0.5021283466848983,0.005584960640059105,0.02068479391760088,0.38984944106400343,1.2880058140251673
2344,Coum_Library4_Col037,D5,f31884,Plate 25,Transformant,Coum_Library4,Col037,f31884,41,D5,0.4802773948916181,0.14146612826325858,0.053553299325017956,0.38984944106400343,1.2319560945908055
2345,Coum_Library4_Col038,D6,f31884,Plate 25,Transformant,Coum_Library4,Col038,f31884,42,D6,0.4090347349037666,0.0028875267508613905,0.011752239828020683,0.38984944106400343,1.0492120593719496
2346,Coum_Library4_Col039,D7,f31884,Plate 25,Transformant,Coum_Library4,Col039,f31884,43,D7,0.3735772173693384,-0.0021107979739814725,0.00466026702105604,0.38984944106400343,0.9582602359253004
2347,Coum_Library4_Col040,D8,f31884,Plate 25,Transformant,Coum_Library4,Col040,f31884,44,D8,0.4213251913689565,0.00014780941896555568,0.012379875040444577,0.38984944106400343,1.0807382209374146
2348,Coum_Library4_Col041,D9,f31884,Plate 25,Transformant,Coum_Library4,Col041,f31884,45,D9,0.5987895796346169,-0.005641920537969538,0.02545011419804871,0.38984944106400343,1.535950848102693
2349,Coum_Library4_Col042,D10,f31884,Plate 25,Transformant,Coum_Library4,Col042,f31884,46,D10,0.46367405637505354,0.012205696643395164,0.0143566264331955,0.38984944106400343,1.1893669902656856
2350,Coum_Library4_Col043,D11,f31884,Plate 25,Transformant,Coum_Library4,Col043,f31884,47,D11,0.5728699004156234,0.0016615416694745727,0.029507456477797126,0.38984944106400343,1.4694644651845803
2352,Coum_Library4_Col045,E1,f31884,Plate 25,Transformant,Coum_Library4,Col045,f31884,49,E1,0.33408739373172697,0.14169759057152184,0.02292505775889768,0.38984944106400343,0.8569651730676158
2353,Coum_Library4_Col046,E2,f31884,Plate 25,Transformant,Coum_Library4,Col046,f31884,50,E2,0.7890130940971601,0.012349079824877303,0.01631923923235077,0.38984944106400343,2.023891818194563
2354,Coum_Library4_Col047,E3,f31884,Plate 25,Transformant,Coum_Library4,Col047,f31884,51,E3,0.424229766650383,-0.003490391496311943,0.02007495682964031,0.38984944106400343,1.0881887261209005
2355,Coum_Library4_Col048,E4,f31884,Plate 25,Transformant,Coum_Library4,Col048,f31884,52,E4,0.45319948753034706,0.007626331421972213,0.029103590649400143,0.38984944106400343,1.1624987489874152
2356,Coum_Library4_Col049,E5,f31884,Plate 25,Transformant,Coum_Library4,Col049,f31884,53,E5,0.4473568448966177,0.002142644607366128,0.016768121563988617,0.38984944106400343,1.1475118283500962
2357,Coum_Library4_Col050,E6,f31884,Plate 25,Transformant,Coum_Library4,Col050,f31884,54,E6,0.545196087853314,0.007480638414998154,0.02241497525017998,0.38984944106400343,1.3984785674318987
2358,Coum_Library4_Col051,E7,f31884,Plate 25,Transformant,Coum_Library4,Col051,f31884,55,E7,0.4153112298870618,0.001527606457544923,0.04952015447745023,0.38984944106400343,1.0653118515536828
2360,Coum_Library4_Col052,E9,f31884,Plate 25,Transformant,Coum_Library4,Col052,f31884,57,E9,0.49871282518768995,0.16998700328453353,0.021538201173348672,0.38984944106400343,1.2792446843749967
2361,Coum_Library4_Col053,E10,f31884,Plate 25,Transformant,Coum_Library4,Col053,f31884,58,E10,0.50481033258669,-0.0001222482190794339,0.014797392945974005,0.38984944106400343,1.294885356790374
2362,SHK0058,E11,f31884,Plate 25,Control,nan,,f31884,59,E11,0.4037145315828891,-0.004848155612185337,0.007621785645831718,0.38984944106400343,1.035565244062026
2363,Coum_Library4_Col054,E12,f31884,Plate 25,Transformant,Coum_Library4,Col054,f31884,60,E12,0.3909206977231994,-0.0007257622418866368,0.03200196602905872,0.38984944106400343,1.002747872758961
2365,Coum_Library4_Col056,F2,f31884,Plate 25,Transformant,Coum_Library4,Col056,f31884,62,F2,0.4143408793026857,0.05520992717531533,0.02152557523280144,0.38984944106400343,1.0628228122421788
2366,Coum_Library4_Col057,F3,f31884,Plate 25,Transformant,Coum_Library4,Col057,f31884,63,F3,0.573076496284398,-0.0033769935097052502,0.01656085289774336,0.38984944106400343,1.4699944027630742
2367,SHK0066,F4,f31884,Plate 25,Control,nan,,f31884,64,F4,0.39698414624507444,0.0001906808578336653,0.017157799377647064,0.38984944106400343,1.018301180993356
2368,Coum_Library4_Col058,F5,f31884,Plate 25,Transformant,Coum_Library4,Col058,f31884,65,F5,0.5774320557067673,0.0005685786465641819,0.04596091600905835,0.38984944106400343,1.4811668169404082
2369,Coum_Library4_Col059,F6,f31884,Plate 25,Transformant,Coum_Library4,Col059,f31884,66,F6,0.16674137652561413,-0.0014655344646122969,0.005643726720567361,0.38984944106400343,0.4277071068013649
2370,Coum_Library4_Col060,F7,f31884,Plate 25,Transformant,Coum_Library4,Col060,f31884,67,F7,0.48934334789882217,-0.003346371767846671,0.05535252217475263,0.38984944106400343,1.255211105505944
2371,Coum_Library4_Col061,F8,f31884,Plate 25,Transformant,Coum_Library4,Col061,f31884,68,F8,0.43407929952200014,0.0004252196367407223,0.048599919186864016,0.38984944106400343,1.1134536921158116
2372,Coum_Library4_Col062,F9,f31884,Plate 25,Transformant,Coum_Library4,Col062,f31884,69,F9,0.41749730219648284,-0.003995674432464477,0.02240575641152243,0.38984944106400343,1.0709193299264994
2373,Coum_Library4_Col063,F10,f31884,Plate 25,Transformant,Coum_Library4,Col063,f31884,70,F10,0.42583024113920975,-0.001239948965304596,0.004746538516455718,0.38984944106400343,1.092294091731939
2374,Coum_Library4_Col064,F11,f31884,Plate 25,Transformant,Coum_Library4,Col064,f31884,71,F11,0.485857679364632,0.0038441508214735773,0.013021099292055846,0.38984944106400343,1.2462700421952546
2375,Coum_Library4_Col065,F12,f31884,Plate 25,Transformant,Coum_Library4,Col065,f31884,72,F12,0.41167861528421207,-0.004857588604138137,0.005079125021941135,0.38984944106400343,1.0559938579381594
2376,SHK0046,G1,f31884,Plate 25,Control,nan,,f31884,73,G1,0.005200355499620258,-0.0023738525711375566,0.0010620487590258,0.38984944106400343,0.013339394524786533
2377,Coum_Library4_Col066,G2,f31884,Plate 25,Transformant,Coum_Library4,Col066,f31884,74,G2,0.3921814114472993,-0.000889878178120744,0.011686591741413132,0.38984944106400343,1.0059817204737584
2378,Coum_Library4_Col067,G3,f31884,Plate 25,Transformant,Coum_Library4,Col067,f31884,75,G3,0.40396092382214954,-0.0011405992425811533,0.008127595788537199,0.38984944106400343,1.036197263024495
2379,Coum_Library4_Col068,G4,f31884,Plate 25,Transformant,Coum_Library4,Col068,f31884,76,G4,0.29806420865602123,0.003927142227483086,0.015869327198486095,0.38984944106400343,0.7645623598754541
2380,Coum_Library4_Col069,G5,f31884,Plate 25,Transformant,Coum_Library4,Col069,f31884,77,G5,0.40970845953053886,-0.0008142331174780303,0.0319170625283504,0.38984944106400343,1.0509402255710174
2381,Coum_Library4_Col070,G6,f31884,Plate 25,Transformant,Coum_Library4,Col070,f31884,78,G6,0.45275285245405344,0.001837524396494503,0.00564662234941374,0.38984944106400343,1.1613530885625225
2382,SHK0058,G7,f31884,Plate 25,Control,nan,,f31884,79,G7,0.3939860960543784,-0.005159546008157593,0.012300818512929735,0.38984944106400343,1.010610903991769
2383,Coum_Library4_Col071,G8,f31884,Plate 25,Transformant,Coum_Library4,Col071,f31884,80,G8,0.4261625555781953,0.00034005407890534895,0.01616001216580428,0.38984944106400343,1.0931465091115269
2384,Coum_Library4_Col072,G9,f31884,Plate 25,Transformant,Coum_Library4,Col072,f31884,81,G9,0.6953455121129624,0.0010247889389045342,0.01251710131695045,0.38984944106400343,1.7836257766977386
2385,Coum_Library4_Col073,G10,f31884,Plate 25,Transformant,Coum_Library4,Col073,f31884,82,G10,0.39255940131233363,0.0016458021839376618,0.03751763249617338,0.38984944106400343,1.0069512995605021
2387,Coum_Library4_Col075,G12,f31884,Plate 25,Transformant,Coum_Library4,Col075,f31884,84,G12,0.4053347066445035,0.10444126614480165,0.00787523335041975,0.38984944106400343,1.039721143470763
2388,Coum_Library4_Col076,H1,f31884,Plate 25,Transformant,Coum_Library4,Col076,f31884,85,H1,0.3908271158514335,-0.0024329478386810833,0.008509000114475652,0.38984944106400343,1.0025078265721292
2389,Coum_Library4_Col077,H2,f31884,Plate 25,Transformant,Coum_Library4,Col077,f31884,86,H2,0.7376416218867524,-0.0014972689733976853,0.014208599115592455,0.38984944106400343,1.892119223958693
2390,Coum_Library4_Col078,H3,f31884,Plate 25,Transformant,Coum_Library4,Col078,f31884,87,H3,0.42409099442465353,-0.0008066174017938079,0.01905078656435891,0.38984944106400343,1.0878327624818334
2391,Coum_Library4_Col079,H4,f31884,Plate 25,Transformant,Coum_Library4,Col079,f31884,88,H4,0.4600934629792406,0.003298659331356029,0.015257668639206327,0.38984944106400343,1.1801824358745325
2392,Coum_Library4_Col080,H5,f31884,Plate 25,Transformant,Coum_Library4,Col080,f31884,89,H5,0.2146896889387859,0.0029390988803676354,0.006550194716780737,0.38984944106400343,0.5506989784385488
2393,Coum_Library4_Col081,H6,f31884,Plate 25,Transformant,Coum_Library4,Col081,f31884,90,H6,0.38899095344888424,-0.00032224691996482463,0.005960450166632019,0.38984944106400343,0.9977978995871428
2394,Coum_Library4_Col082,H7,f31884,Plate 25,Transformant,Coum_Library4,Col082,f31884,91,H7,0.4879173851942531,-0.0006274069643056083,0.02741688021606585,0.38984944106400343,1.251553378818746
2395,Coum_Library4_Col083,H8,f31884,Plate 25,Transformant,Coum_Library4,Col083,f31884,92,H8,0.4446972482372872,0.0017463848285126575,0.0157943558762489,0.38984944106400343,1.1406897160698484
2396,Coum_Library4_Col084,H9,f31884,Plate 25,Transformant,Coum_Library4,Col084,f31884,93,H9,0.43747974875406137,0.008567071016369106,0.01437745387705974,0.38984944106400343,1.1221761600069557
2397,SHK0046,H10,f31884,Plate 25,Control,nan,,f31884,94,H10,-0.001114137493301036,-0.0041816827294961405,-0.0011827551880904217,0.38984944106400343,-0.002857866078402618
2398,Coum_Library4_Col085,H11,f31884,Plate 25,Transformant,Coum_Library4,Col085,f31884,95,H11,0.4143288822018501,-0.0007535024088346468,0.011246261761980247,0.38984944106400343,1.062792038565031
2399,Coum_Library4_Col086,H12,f31884,Plate 25,Transformant,Coum_Library4,Col086,f31884,96,H12,0.41772084563013034,0.0017543255129898406,0.010768233533283296,0.38984944106400343,1.0714927395818714
2400,Coum_Library4_Col087,A1,f31885,Plate 26,Transformant,Coum_Library4,Col087,f31885,1,A1,0.5763702841577695,0.0019761865232954486,0.020654247418182798,0.3759523044678569,1.5330941646270662
2401,SHK0058,A2,f31885,Plate 26,Control,nan,,f31885,2,A2,0.36275539841313,0.001161858139547427,0.017623230194135937,0.3759523044678569,0.9648973928397473
2402,Coum_Library4_Col088,A3,f31885,Plate 26,Transformant,Coum_Library4,Col088,f31885,3,A3,0.43957570995824063,0.0031134438558722615,0.030604066534926228,0.3759523044678569,1.1692326519462084
2403,Coum_Library4_Col089,A4,f31885,Plate 26,Transformant,Coum_Library4,Col089,f31885,4,A4,0.3415502647622149,0.005512502035500121,0.02367313967766627,0.3759523044678569,0.9084936059792572
2404,Coum_Library4_Col090,A5,f31885,Plate 26,Transformant,Coum_Library4,Col090,f31885,5,A5,0.4392959112527987,0.005211497497371605,0.02420702683646283,0.3759523044678569,1.1684884120463146
2405,Coum_Library4_Col091,A6,f31885,Plate 26,Transformant,Coum_Library4,Col091,f31885,6,A6,0.460841077859973,0.0025191010949843417,0.024952246885732554,0.3759523044678569,1.2257966566058753
2406,Coum_Library4_Col092,A7,f31885,Plate 26,Transformant,Coum_Library4,Col092,f31885,7,A7,0.42389590707509595,0.011371932793734461,0.07442454261579586,0.3759523044678569,1.127525758021622
2407,Coum_Library4_Col093,A8,f31885,Plate 26,Transformant,Coum_Library4,Col093,f31885,8,A8,0.438795947776807,0.007565488625557101,0.04033372913498458,0.3759523044678569,1.167158553258245
2408,Coum_Library4_Col094,A9,f31885,Plate 26,Transformant,Coum_Library4,Col094,f31885,9,A9,0.6043113245671018,0.019757684360959784,0.014437166439799637,0.3759523044678569,1.6074148698795092
2409,Coum_Library4_Col095,A10,f31885,Plate 26,Transformant,Coum_Library4,Col095,f31885,10,A10,0.8423443310968474,0.0120456076891202,0.05688686197623908,0.3759523044678569,2.240561691167572
2410,Coum_Library4_Col096,A11,f31885,Plate 26,Transformant,Coum_Library4,Col096,f31885,11,A11,0.5692542892091123,0.008568890984432352,0.07276853835474102,0.3759523044678569,1.5141662451434243
2411,SHK0066,A12,f31885,Plate 26,Control,nan,,f31885,12,A12,0.38732629038210664,0.0031179378552421526,0.011479422983047253,0.3759523044678569,1.0302538002269972
2412,Coum_Library4_Col097,B1,f31885,Plate 26,Transformant,Coum_Library4,Col097,f31885,13,B1,0.4524178756905045,0.001970042569439005,0.02697815075026922,0.3759523044678569,1.2033916811093395
2413,Coum_Library4_Col098,B2,f31885,Plate 26,Transformant,Coum_Library4,Col098,f31885,14,B2,0.4528018622922987,-0.00031572406343594907,0.014216531922286411,0.3759523044678569,1.2044130516322245
2414,Coum_Library4_Col099,B3,f31885,Plate 26,Transformant,Coum_Library4,Col099,f31885,15,B3,0.5477547915153,0.007256031738322295,0.040340299913428204,0.3759523044678569,1.4569794758689447
2415,Coum_Library4_Col100,B4,f31885,Plate 26,Transformant,Coum_Library4,Col100,f31885,16,B4,0.6103264759213359,0.008651456350582797,0.08068190302341881,0.3759523044678569,1.623414642411156
2416,SHK0046,B5,f31885,Plate 26,Control,nan,,f31885,17,B5,0.24534798497634355,0.005487066492176341,0.01732641178576609,0.3759523044678569,0.6526040193412893
2417,Coum_Library4_Col101,B6,f31885,Plate 26,Transformant,Coum_Library4,Col101,f31885,18,B6,0.32928718013951924,0.003766853256635677,0.05462426230790641,0.3759523044678569,0.87587488153746
2419,Coum_Library4_Col103,B8,f31885,Plate 26,Transformant,Coum_Library4,Col103,f31885,20,B8,0.42903164010050426,0.213949418626695,0.021647719258738523,0.3759523044678569,1.1411863552951982
2420,SHK0066,B9,f31885,Plate 26,Control,nan,,f31885,21,B9,0.3761636452507062,0.011421253392289703,0.011144618044598043,0.3759523044678569,1.0005621478584856
2421,Coum_Library4_Col104,B10,f31885,Plate 26,Transformant,Coum_Library4,Col104,f31885,22,B10,0.40086857023261324,0.0033963853399926924,0.05652820366266192,0.3759523044678569,1.0662750712487963
2422,Coum_Library4_Col105,B11,f31885,Plate 26,Transformant,Coum_Library4,Col105,f31885,23,B11,0.3790187255610706,0.018193808463705958,0.05248592871412994,0.3759523044678569,1.008156409887031
2423,Coum_Library4_Col106,B12,f31885,Plate 26,Transformant,Coum_Library4,Col106,f31885,24,B12,0.4033958979136873,0.0036485988337570554,0.0659641963297977,0.3759523044678569,1.0729975401658345
2424,Coum_Library4_Col107,C1,f31885,Plate 26,Transformant,Coum_Library4,Col107,f31885,25,C1,0.3264682792368702,0.20888317957503974,0.029539083337673036,0.3759523044678569,0.868376853545215
2426,Coum_Library4_Col109,C3,f31885,Plate 26,Transformant,Coum_Library4,Col109,f31885,27,C3,0.3758396727152157,0.17645856814242514,0.06196686559976297,0.3759523044678569,0.9997004094633742
2427,Coum_Library4_Col110,C4,f31885,Plate 26,Transformant,Coum_Library4,Col110,f31885,28,C4,0.5625044465388409,-0.0019320904336114233,0.04570585930300658,0.3759523044678569,1.4962122584540078
2428,Coum_Library4_Col111,C5,f31885,Plate 26,Transformant,Coum_Library4,Col111,f31885,29,C5,0.3661162393442317,0.0003406735209675007,0.013017451663942173,0.3759523044678569,0.9738369335505267
2431,Coum_Library4_Col114,C8,f31885,Plate 26,Transformant,Coum_Library4,Col114,f31885,32,C8,0.3207894009247193,0.18208030711869366,0.04047570200104116,0.3759523044678569,0.8532715376722637
2432,Coum_Library4_Col115,C9,f31885,Plate 26,Transformant,Coum_Library4,Col115,f31885,33,C9,0.49647052998049607,0.011629535123935154,0.03847652529160618,0.3759523044678569,1.3205678594874612
2433,Coum_Library4_Col116,C10,f31885,Plate 26,Transformant,Coum_Library4,Col116,f31885,34,C10,0.39882518311244974,0.006082204962931179,0.027205244446035823,0.3759523044678569,1.0608398415776925
2434,Coum_Library4_Col117,C11,f31885,Plate 26,Transformant,Coum_Library4,Col117,f31885,35,C11,0.3725635265174884,0.0027592386039513666,0.023946886878697827,0.3759523044678569,0.9909861492798532
2435,Coum_Library4_Col118,C12,f31885,Plate 26,Transformant,Coum_Library4,Col118,f31885,36,C12,0.45476016501579536,0.003608932173079556,0.01963886305942765,0.3759523044678569,1.2096219643060504
2438,Coum_Library4_Col121,D3,f31885,Plate 26,Transformant,Coum_Library4,Col121,f31885,39,D3,0.5916883348616028,0.056659604518378474,0.014343834486256528,0.3759523044678569,1.573838829633217
2440,Coum_Library4_Col123,D5,f31885,Plate 26,Transformant,Coum_Library4,Col123,f31885,41,D5,0.4836987499812693,0.1438396946750269,0.0566662226031102,0.3759523044678569,1.286596050171637
2441,Coum_Library4_Col124,D6,f31885,Plate 26,Transformant,Coum_Library4,Col124,f31885,42,D6,0.3341839838726325,0.020959782820860303,0.04910460833727547,0.3759523044678569,0.8888999479485954
2442,Coum_Library4_Col125,D7,f31885,Plate 26,Transformant,Coum_Library4,Col125,f31885,43,D7,0.393196310902195,0.0132411064428999,0.024426567483600475,0.3759523044678569,1.0458675375291187
2443,Coum_Library4_Col126,D8,f31885,Plate 26,Transformant,Coum_Library4,Col126,f31885,44,D8,0.3496603525134221,0.542155246442466,0.014723597498822906,0.3759523044678569,0.9300657247156662
2444,Coum_Library4_Col127,D9,f31885,Plate 26,Transformant,Coum_Library4,Col127,f31885,45,D9,0.5752463143633922,0.01024398713443888,0.03128913362144522,0.3759523044678569,1.5301045040211332
2445,Coum_Library4_Col128,D10,f31885,Plate 26,Transformant,Coum_Library4,Col128,f31885,46,D10,0.30563604489833385,0.003795964595326907,0.013006979935046582,0.3759523044678569,0.8129649459948053
2446,Coum_Library4_Col129,D11,f31885,Plate 26,Transformant,Coum_Library4,Col129,f31885,47,D11,0.5733996112156537,0.007545129288391693,0.034006836039392196,0.3759523044678569,1.5251924363843823
2447,Coum_Library4_Col130,D12,f31885,Plate 26,Transformant,Coum_Library4,Col130,f31885,48,D12,0.4650135178812693,0.0030097707023840382,0.012039406584533873,0.3759523044678569,1.236894979376372
2448,Coum_Library4_Col131,E1,f31885,Plate 26,Transformant,Coum_Library4,Col131,f31885,49,E1,0.4447065044748794,0.0004801824182639178,0.011770196973484009,0.3759523044678569,1.1828801132216518
2449,Coum_Library4_Col132,E2,f31885,Plate 26,Transformant,Coum_Library4,Col132,f31885,50,E2,0.43854015739558094,0.004131062798619459,0.03344623150658538,0.3759523044678569,1.1664781733850902
2450,Coum_Library4_Col133,E3,f31885,Plate 26,Transformant,Coum_Library4,Col133,f31885,51,E3,0.6388146124424126,0.007198774358069093,0.0371583339764567,0.3759523044678569,1.6991905751093217
2451,Coum_Library4_Col134,E4,f31885,Plate 26,Transformant,Coum_Library4,Col134,f31885,52,E4,0.3174907283438973,0.00374543352524429,0.02984989885403712,0.3759523044678569,0.8444973592947934
2452,Coum_Library4_Col135,E5,f31885,Plate 26,Transformant,Coum_Library4,Col135,f31885,53,E5,0.4234294493393543,0.0026159397329220345,0.05226659971300694,0.3759523044678569,1.126285021550005
2453,Coum_Library4_Col136,E6,f31885,Plate 26,Transformant,Coum_Library4,Col136,f31885,54,E6,0.3635675227521948,0.008263648244207137,0.029846728473987946,0.3759523044678569,0.9670575720151731
2454,Coum_Library4_Col137,E7,f31885,Plate 26,Transformant,Coum_Library4,Col137,f31885,55,E7,0.29076250908747536,0.0025327471385625244,0.05088754510807145,0.3759523044678569,0.773402651432171
2456,Coum_Library4_Col138,E9,f31885,Plate 26,Transformant,Coum_Library4,Col138,f31885,57,E9,0.3154249327018446,0.1626740764825887,0.07061267640024,0.3759523044678569,0.839002524930161
2457,Coum_Library4_Col139,E10,f31885,Plate 26,Transformant,Coum_Library4,Col139,f31885,58,E10,0.5315245642883666,0.008089779602716974,0.04228803630491182,0.3759523044678569,1.4138085016946897
2458,SHK0058,E11,f31885,Plate 26,Control,nan,,f31885,59,E11,0.4255493162242221,0.004294864117023156,0.012011891547411469,0.3759523044678569,1.1319236806556285
2459,Coum_Library4_Col140,E12,f31885,Plate 26,Transformant,Coum_Library4,Col140,f31885,60,E12,0.5228433850661689,0.0008640539549850909,0.034045350564420866,0.3759523044678569,1.390717329971496
2460,Coum_Library4_Col141,F1,f31885,Plate 26,Transformant,Coum_Library4,Col141,f31885,61,F1,0.46509587692950677,0.0019001805025683218,0.04571201365226762,0.3759523044678569,1.2371140471869921
2461,Coum_Library4_Col142,F2,f31885,Plate 26,Transformant,Coum_Library4,Col142,f31885,62,F2,0.7076090762138767,0.005342907428986027,0.02585290780458693,0.3759523044678569,1.8821777863962417
2462,Coum_Library4_Col143,F3,f31885,Plate 26,Transformant,Coum_Library4,Col143,f31885,63,F3,0.780023732841823,0.012504654966964351,0.028081253423613905,0.3759523044678569,2.074794391660694
2463,SHK0066,F4,f31885,Plate 26,Control,nan,,f31885,64,F4,0.3757409636850076,0.0076357121246447175,0.021913726655702,0.3759523044678569,0.9994378521415145
2464,Coum_Library4_Col144,F5,f31885,Plate 26,Transformant,Coum_Library4,Col144,f31885,65,F5,0.3667727977833696,0.010641399632482952,0.06136241109923685,0.3759523044678569,0.9755833211410142
2465,Coum_Library4_Col145,F6,f31885,Plate 26,Transformant,Coum_Library4,Col145,f31885,66,F6,0.3047199177922272,0.0036380196329913483,0.04126166146852687,0.3759523044678569,0.8105281286240396
2466,Coum_Library4_Col146,F7,f31885,Plate 26,Transformant,Coum_Library4,Col146,f31885,67,F7,0.21295243159835778,0.008080602649874572,0.009829870970921892,0.3759523044678569,0.5664347021353735
2467,Coum_Library4_Col147,F8,f31885,Plate 26,Transformant,Coum_Library4,Col147,f31885,68,F8,0.30682819310614295,0.0017896170371392932,0.02334378787032365,0.3759523044678569,0.8161359551724097
2469,Coum_Library4_Col149,F10,f31885,Plate 26,Transformant,Coum_Library4,Col149,f31885,70,F10,0.3980710814410043,0.14400064619165923,0.14153599328331865,0.3759523044678569,1.0588339975850274
2470,Coum_Library4_Col150,F11,f31885,Plate 26,Transformant,Coum_Library4,Col150,f31885,71,F11,0.23409445934509307,0.04715988677680356,0.008332328796254678,0.3759523044678569,0.6226706328518001
2471,Coum_Library4_Col151,F12,f31885,Plate 26,Transformant,Coum_Library4,Col151,f31885,72,F12,0.660535322632689,0.003924811410965558,0.022893456549090363,0.3759523044678569,1.7569657501305818
2472,SHK0046,G1,f31885,Plate 26,Control,nan,,f31885,73,G1,0.25683837368345613,-0.002062899881992222,0.012848241275851935,0.3759523044678569,0.6831674407395879
2473,Coum_Library4_Col152,G2,f31885,Plate 26,Transformant,Coum_Library4,Col152,f31885,74,G2,0.5643031257855163,0.012328457217965738,0.02788427480934904,0.3759523044678569,1.5009965867459207
2474,Coum_Library4_Col153,G3,f31885,Plate 26,Transformant,Coum_Library4,Col153,f31885,75,G3,0.47395918204893606,0.007203764415301186,0.018540782170902586,0.3759523044678569,1.2606896577474194
2476,Coum_Library4_Col155,G5,f31885,Plate 26,Transformant,Coum_Library4,Col155,f31885,77,G5,0.397946850149075,0.21317067157126143,0.09823400786307594,0.3759523044678569,1.0585035532960767
2477,Coum_Library4_Col156,G6,f31885,Plate 26,Transformant,Coum_Library4,Col156,f31885,78,G6,0.6995145161633689,0.7201845985467148,0.04924630855170696,0.3759523044678569,1.860646969975352
2478,SHK0058,G7,f31885,Plate 26,Control,nan,,f31885,79,G7,0.3267789116207627,0.011405076081022439,0.015021593712242242,0.3759523044678569,0.869203108312644
2479,Coum_Library4_Col157,G8,f31885,Plate 26,Transformant,Coum_Library4,Col157,f31885,80,G8,0.39830772562673966,0.012797926686204305,0.035395606748162896,0.3759523044678569,1.059463450265389
2480,Coum_Library4_Col158,G9,f31885,Plate 26,Transformant,Coum_Library4,Col158,f31885,81,G9,0.7065144319574926,0.006922541787819993,0.026583649505922496,0.3759523044678569,1.8792661291371286
2481,Coum_Library4_Col159,G10,f31885,Plate 26,Transformant,Coum_Library4,Col159,f31885,82,G10,0.7086392250058279,0.011297357995645635,0.10528984886610208,0.3759523044678569,1.8849178914034692
2482,Coum_Library4_Col160,G11,f31885,Plate 26,Transformant,Coum_Library4,Col160,f31885,83,G11,0.470170703816034,0.004470492187309376,0.03917014176077875,0.3759523044678569,1.2506126394983506
2483,Coum_Library4_Col161,G12,f31885,Plate 26,Transformant,Coum_Library4,Col161,f31885,84,G12,0.4342748837239664,0.0014409288324534733,0.010496976795271683,0.3759523044678569,1.155132921285487
2484,Coum_Library4_Col162,H1,f31885,Plate 26,Transformant,Coum_Library4,Col162,f31885,85,H1,0.4807333321149607,0.008638731699617758,0.029479493093375612,0.3759523044678569,1.2787082999675092
2486,Coum_Library4_Col164,H3,f31885,Plate 26,Transformant,Coum_Library4,Col164,f31885,87,H3,0.6443294781344978,0.21224466642589002,0.029085124087484888,0.3759523044678569,1.7138596318661123
2487,Coum_Library4_Col165,H4,f31885,Plate 26,Transformant,Coum_Library4,Col165,f31885,88,H4,0.6589493549448489,0.008093074376371112,0.031128536705069737,0.3759523044678569,1.7527472158404807
2488,Coum_Library4_Col166,H5,f31885,Plate 26,Transformant,Coum_Library4,Col166,f31885,89,H5,0.4124210624125532,0.000935589584808332,0.022462684799826254,0.3759523044678569,1.097003682412098
2489,Coum_Library4_Col167,H6,f31885,Plate 26,Transformant,Coum_Library4,Col167,f31885,90,H6,0.4245403039266493,0.008115847301640647,0.020410162720066582,0.3759523044678569,1.1292397968608452
2490,Coum_Library4_Col168,H7,f31885,Plate 26,Transformant,Coum_Library4,Col168,f31885,91,H7,0.473679508530495,0.005776515645601792,0.04996158714887475,0.3759523044678569,1.2599457508339162
2491,Coum_Library4_Col169,H8,f31885,Plate 26,Transformant,Coum_Library4,Col169,f31885,92,H8,0.41604525322370345,0.006606873322681991,0.013244646214586282,0.3759523044678569,1.1066437105967373
2492,Coum_Library4_Col170,H9,f31885,Plate 26,Transformant,Coum_Library4,Col170,f31885,93,H9,0.8100436514365302,0.012642367729662124,0.018472758774366663,0.3759523044678569,2.1546447296901388
2493,SHK0046,H10,f31885,Plate 26,Control,nan,,f31885,94,H10,0.23135095036515538,0.002476241565138553,0.0074271538214857186,0.3759523044678569,0.615373140730237
2494,Coum_Library4_Col171,H11,f31885,Plate 26,Transformant,Coum_Library4,Col171,f31885,95,H11,0.4269592153660631,0.004164178308642751,0.02912437421837417,0.3759523044678569,1.1356738881289854
2495,Coum_Library4_Col172,H12,f31885,Plate 26,Transformant,Coum_Library4,Col172,f31885,96,H12,0.26324599605488136,0.010688574621841133,0.007929070160079564,0.3759523044678569,0.7002111515914071
2498,Coum_Library4_Col174,A3,f31886,Plate 27,Transformant,Coum_Library4,Col174,f31886,3,A3,0.4588235483305819,0.0002600756996473246,0.04661085294574933,0.43488195370387706,1.0550530883675329
2501,Coum_Library4_Col177,A6,f31886,Plate 27,Transformant,Coum_Library4,Col177,f31886,6,A6,0.45497827382648226,0.1464918758336999,0.062242447521912526,0.43488195370387706,1.0462109773731594
2502,Coum_Library4_Col178,A7,f31886,Plate 27,Transformant,Coum_Library4,Col178,f31886,7,A7,0.8263449044762967,0.004451189495347431,0.04046728810718908,0.43488195370387706,1.9001591062547916
2503,Coum_Library4_Col179,A8,f31886,Plate 27,Transformant,Coum_Library4,Col179,f31886,8,A8,0.4748540618584825,0.002037177216802739,0.06872467761617258,0.43488195370387706,1.0919148468088045
2504,Coum_Library4_Col180,A9,f31886,Plate 27,Transformant,Coum_Library4,Col180,f31886,9,A9,0.45555130354322154,0.0007344692095727674,0.07353457777394466,0.43488195370387706,1.0475286446432284
2505,Coum_Library4_Col181,A10,f31886,Plate 27,Transformant,Coum_Library4,Col181,f31886,10,A10,0.49421165105530657,0.006758024499204937,0.05925616808368789,0.43488195370387706,1.1364271311930059
2506,Coum_Library4_Col182,A11,f31886,Plate 27,Transformant,Coum_Library4,Col182,f31886,11,A11,0.47446012793969744,0.0006172327805588773,0.05643691442063249,0.43488195370387706,1.0910090057744044
2507,SHK0066,A12,f31886,Plate 27,Control,nan,,f31886,12,A12,0.42099603783548517,0.0027807162568773925,0.05428153882169559,0.43488195370387706,0.9680696893717342
2508,Coum_Library4_Col183,B1,f31886,Plate 27,Transformant,Coum_Library4,Col183,f31886,13,B1,0.5762916003128336,-0.00033153752367398424,0.05454173911665962,0.43488195370387706,1.3251678884455302
2509,Coum_Library4_Col184,B2,f31886,Plate 27,Transformant,Coum_Library4,Col184,f31886,14,B2,0.7528148618777588,0.005757326912589529,0.07125941878037685,0.43488195370387706,1.7310786420683966
2510,Coum_Library4_Col185,B3,f31886,Plate 27,Transformant,Coum_Library4,Col185,f31886,15,B3,0.47190659045731065,0.002152842535134057,0.05647942721869025,0.43488195370387706,1.085137211231912
2511,Coum_Library4_Col186,B4,f31886,Plate 27,Transformant,Coum_Library4,Col186,f31886,16,B4,0.45815787484124215,0.0010620411773099873,0.06043446227677023,0.43488195370387706,1.053522389096914
2512,SHK0046,B5,f31886,Plate 27,Control,nan,,f31886,17,B5,0.2048550125778904,0.008471006325124335,0.06458289170434256,0.43488195370387706,0.4710588950246065
2513,Coum_Library4_Col187,B6,f31886,Plate 27,Transformant,Coum_Library4,Col187,f31886,18,B6,0.4746503819600054,0.01093318259916979,0.07063616848980017,0.43488195370387706,1.091446490058789
2514,Coum_Library4_Col188,B7,f31886,Plate 27,Transformant,Coum_Library4,Col188,f31886,19,B7,0.4745887141266903,0.0015826781369125997,0.05994752008309784,0.43488195370387706,1.0913046864433713
2515,Coum_Library4_Col189,B8,f31886,Plate 27,Transformant,Coum_Library4,Col189,f31886,20,B8,0.43859379492458894,0.0014309029484959128,0.06785590930615902,0.43488195370387706,1.0085352845504354
2516,SHK0066,B9,f31886,Plate 27,Control,nan,,f31886,21,B9,0.44758275685551824,0.0017089098118564176,0.05844828917402056,0.43488195370387706,1.0292051740557842
2517,Coum_Library4_Col190,B10,f31886,Plate 27,Transformant,Coum_Library4,Col190,f31886,22,B10,0.4488540204254752,0.001331346443592686,0.0564051564445095,0.43488195370387706,1.0321284123256862
2518,Coum_Library4_Col191,B11,f31886,Plate 27,Transformant,Coum_Library4,Col191,f31886,23,B11,0.4621665916453398,0.0023027425143659634,0.07387115122969974,0.43488195370387706,1.0627403315062405
2519,Coum_Library4_Col192,B12,f31886,Plate 27,Transformant,Coum_Library4,Col192,f31886,24,B12,0.6573171834444489,0.006903738544874308,0.06576992576620158,0.43488195370387706,1.5114841575882774
2522,Coum_Library4_Col195,C3,f31886,Plate 27,Transformant,Coum_Library4,Col195,f31886,27,C3,0.6902141186687955,0.1625401473285612,0.06508709213598969,0.43488195370387706,1.5871298240597516
2523,Coum_Library4_Col196,C4,f31886,Plate 27,Transformant,Coum_Library4,Col196,f31886,28,C4,0.473215481840404,0.0017234954537362307,0.04964320913329187,0.43488195370387706,1.088146973701809
2524,Coum_Library4_Col197,C5,f31886,Plate 27,Transformant,Coum_Library4,Col197,f31886,29,C5,0.4550521556421795,-8.140177172351416e-05,0.04289769416028143,0.43488195370387706,1.0463808667306458
2526,Coum_Library4_Col199,C7,f31886,Plate 27,Transformant,Coum_Library4,Col199,f31886,31,C7,0.3450254528314686,0.012925075208044296,0.021025496285773423,0.43488195370387706,0.7933772599504229
2528,Coum_Library4_Col201,C9,f31886,Plate 27,Transformant,Coum_Library4,Col201,f31886,33,C9,0.8922887608248828,0.11995868122832704,0.05347065329789775,0.43488195370387706,2.0517953279626466
2530,Coum_Library4_Col203,C11,f31886,Plate 27,Transformant,Coum_Library4,Col203,f31886,35,C11,0.6928771091661227,0.12196196680815831,0.09224699580587138,0.43488195370387706,1.5932533030283467
2531,Coum_Library4_Col204,C12,f31886,Plate 27,Transformant,Coum_Library4,Col204,f31886,36,C12,0.41743524274405663,0.012403127078552362,0.0472635753199886,0.43488195370387706,0.9598817315567425
2532,Coum_Library4_Col205,D1,f31886,Plate 27,Transformant,Coum_Library4,Col205,f31886,37,D1,0.4380464810983062,0.0005794736851306707,0.058748477048621815,0.43488195370387706,1.007276750316901
2533,Coum_Library4_Col206,D2,f31886,Plate 27,Transformant,Coum_Library4,Col206,f31886,38,D2,0.47972197829814317,0.0016524836789820576,0.0716581471656021,0.43488195370387706,1.1031084969435152
2534,Coum_Library4_Col207,D3,f31886,Plate 27,Transformant,Coum_Library4,Col207,f31886,39,D3,0.44582241092520153,0.011347631936617345,0.048027529167728185,0.43488195370387706,1.0251573033282824
2536,Coum_Library4_Col209,D5,f31886,Plate 27,Transformant,Coum_Library4,Col209,f31886,41,D5,0.6227037084017936,0.12673250930375654,0.06400607691058019,0.43488195370387706,1.4318913514305296
2537,Coum_Library4_Col210,D6,f31886,Plate 27,Transformant,Coum_Library4,Col210,f31886,42,D6,0.6219665648436581,0.006359075463342356,0.09459282428091875,0.43488195370387706,1.43019630855313
2538,Coum_Library4_Col211,D7,f31886,Plate 27,Transformant,Coum_Library4,Col211,f31886,43,D7,0.4371964392153313,0.0012196947217035716,0.06346857287396622,0.43488195370387706,1.0053221006108481
2539,Coum_Library4_Col212,D8,f31886,Plate 27,Transformant,Coum_Library4,Col212,f31886,44,D8,0.5444344064622456,0.043330698976110055,0.0940289371710007,0.43488195370387706,1.2519130808379457
2540,Coum_Library4_Col213,D9,f31886,Plate 27,Transformant,Coum_Library4,Col213,f31886,45,D9,0.4326536958874536,-0.0013663696015089157,0.062185585596967186,0.43488195370387706,0.9948761777823949
2541,Coum_Library4_Col214,D10,f31886,Plate 27,Transformant,Coum_Library4,Col214,f31886,46,D10,0.4807077157217308,0.008106689150512795,0.04272700131692484,0.43488195370387706,1.1053751750964993
2542,Coum_Library4_Col215,D11,f31886,Plate 27,Transformant,Coum_Library4,Col215,f31886,47,D11,0.44908031683622995,0.0024325994325647663,0.0716100875203301,0.43488195370387706,1.0326487751708846
2543,Coum_Library4_Col216,D12,f31886,Plate 27,Transformant,Coum_Library4,Col216,f31886,48,D12,0.3854069707092989,0.010357642679006454,0.04895318314149514,0.43488195370387706,0.8862335340126185
2544,Coum_Library4_Col217,E1,f31886,Plate 27,Transformant,Coum_Library4,Col217,f31886,49,E1,0.500775571802746,0.003361299906074129,0.0591283838853482,0.43488195370387706,1.1515207001294372
2546,Coum_Library4_Col219,E3,f31886,Plate 27,Transformant,Coum_Library4,Col219,f31886,51,E3,0.42363875776481363,0.11947973595295662,0.04075671871159629,0.43488195370387706,0.9741465566843934
2547,Coum_Library4_Col220,E4,f31886,Plate 27,Transformant,Coum_Library4,Col220,f31886,52,E4,0.6869156732133883,0.004760413736884425,0.050430953279963026,0.43488195370387706,1.5795451325651648
2548,Coum_Library4_Col221,E5,f31886,Plate 27,Transformant,Coum_Library4,Col221,f31886,53,E5,0.4573247470401636,0.00010103449905222565,0.05895716470176265,0.43488195370387706,1.0516066328923102
2549,Coum_Library4_Col222,E6,f31886,Plate 27,Transformant,Coum_Library4,Col222,f31886,54,E6,0.6713307033940537,0.0016771811456864328,0.06896134054949088,0.43488195370387706,1.5437078905582295
2550,Coum_Library4_Col223,E7,f31886,Plate 27,Transformant,Coum_Library4,Col223,f31886,55,E7,0.27065204767807816,0.009197893768863078,0.01793206436582832,0.43488195370387706,0.622357505003237
2552,Coum_Library4_Col224,E9,f31886,Plate 27,Transformant,Coum_Library4,Col224,f31886,57,E9,0.4080922882711484,0.1481933282424976,0.04972617116469665,0.43488195370387706,0.9383978451978477
2553,Coum_Library4_Col225,E10,f31886,Plate 27,Transformant,Coum_Library4,Col225,f31886,58,E10,0.6220975958201748,0.005705642298622572,0.1128661233522262,0.43488195370387706,1.4304976109534726
2554,SHK0058,E11,f31886,Plate 27,Control,nan,,f31886,59,E11,0.4566773505256101,-0.00036334547210354636,0.060060826565646215,0.43488195370387706,1.0501179610607023
2555,Coum_Library4_Col226,E12,f31886,Plate 27,Transformant,Coum_Library4,Col226,f31886,60,E12,0.8788543175325448,0.009800229082621516,0.03487663783011435,0.43488195370387706,2.0209031670488233
2556,Coum_Library4_Col227,F1,f31886,Plate 27,Transformant,Coum_Library4,Col227,f31886,61,F1,0.7710044751268692,0.002184253972624217,0.070914584892939,0.43488195370387706,1.7729051954449853
2557,Coum_Library4_Col228,F2,f31886,Plate 27,Transformant,Coum_Library4,Col228,f31886,62,F2,0.4835310321466405,0.0011449410022553064,0.06015951101313164,0.43488195370387706,1.1118673194608806
2558,Coum_Library4_Col229,F3,f31886,Plate 27,Transformant,Coum_Library4,Col229,f31886,63,F3,0.48827955682118007,3.219032075679455e-05,0.048271931177983965,0.43488195370387706,1.1227864312660416
2559,SHK0066,F4,f31886,Plate 27,Control,nan,,f31886,64,F4,0.43222631294415836,0.001896267352917016,0.06475800582697723,0.43488195370387706,0.9938934215662418
2560,Coum_Library4_Col230,F5,f31886,Plate 27,Transformant,Coum_Library4,Col230,f31886,65,F5,0.4078119044204732,0.5686640063261051,0.013464371219930186,0.43488195370387706,0.9377531096591868
2561,Coum_Library4_Col231,F6,f31886,Plate 27,Transformant,Coum_Library4,Col231,f31886,66,F6,0.5529399905370505,0.004458964488600469,0.05028706071395655,0.43488195370387706,1.2714714552482036
2562,Coum_Library4_Col232,F7,f31886,Plate 27,Transformant,Coum_Library4,Col232,f31886,67,F7,0.4163020912319858,0.003713568474200723,0.03699608182084248,0.43488195370387706,0.9572760784538261
2563,Coum_Library4_Col233,F8,f31886,Plate 27,Transformant,Coum_Library4,Col233,f31886,68,F8,0.44280936169987234,-0.0037326710962368483,0.05079933385300038,0.43488195370387706,1.018228873211403
2564,Coum_Library4_Col234,F9,f31886,Plate 27,Transformant,Coum_Library4,Col234,f31886,69,F9,0.5419724235019601,0.003402773919730714,0.06369526732176138,0.43488195370387706,1.2462518135921634
2565,Coum_Library4_Col235,F10,f31886,Plate 27,Transformant,Coum_Library4,Col235,f31886,70,F10,0.4192316696289192,-0.0003497324481263186,0.05424235200095119,0.43488195370387706,0.9640125695222237
2566,Coum_Library4_Col236,F11,f31886,Plate 27,Transformant,Coum_Library4,Col236,f31886,71,F11,0.29111552650694017,0.008995211027794579,0.0083959101042456,0.43488195370387706,0.6694127544900809
2567,Coum_Library4_Col237,F12,f31886,Plate 27,Transformant,Coum_Library4,Col237,f31886,72,F12,0.44882784194653075,0.0029477890862615267,0.06090351847247339,0.43488195370387706,1.0320682155786804
2568,SHK0046,G1,f31886,Plate 27,Control,nan,,f31886,73,G1,0.14261277761227037,0.0042740455419655226,0.041757198518371404,0.43488195370387706,0.3279344576100283
2569,Coum_Library4_Col238,G2,f31886,Plate 27,Transformant,Coum_Library4,Col238,f31886,74,G2,0.46379783798941354,0.0006171124710826933,0.08946791063041062,0.43488195370387706,1.0664913410162475
2571,Coum_Library4_Col240,G4,f31886,Plate 27,Transformant,Coum_Library4,Col240,f31886,76,G4,0.4263470872738256,0.07430515015672301,0.06927063389471705,0.43488195370387706,0.9803742915580648
2573,Coum_Library4_Col242,G6,f31886,Plate 27,Transformant,Coum_Library4,Col242,f31886,78,G6,0.718278383214718,0.11430664560431915,0.04973144397384982,0.43488195370387706,1.6516628871287065
2574,SHK0058,G7,f31886,Plate 27,Control,nan,,f31886,79,G7,0.43488195370387706,0.00157325829865417,0.0609106099069262,0.43488195370387706,1.0
2576,Coum_Library4_Col244,G9,f31886,Plate 27,Transformant,Coum_Library4,Col244,f31886,81,G9,0.26103510512103867,0.11382642813181083,0.008231599265462772,0.43488195370387706,0.6002435900083004
2578,Coum_Library4_Col246,G11,f31886,Plate 27,Transformant,Coum_Library4,Col246,f31886,83,G11,0.49085897926237765,0.12448942064267435,0.04971706426961774,0.43488195370387706,1.128717747613452
2579,Coum_Library4_Col247,G12,f31886,Plate 27,Transformant,Coum_Library4,Col247,f31886,84,G12,0.46550596392272947,0.004277099586237241,0.10198351416599478,0.43488195370387706,1.0704191331878194
2580,Coum_Library4_Col248,H1,f31886,Plate 27,Transformant,Coum_Library4,Col248,f31886,85,H1,0.4809478853706642,0.006458679585269111,0.09763245257641336,0.43488195370387706,1.1059274391003004
2581,Coum_Library4_Col249,H2,f31886,Plate 27,Transformant,Coum_Library4,Col249,f31886,86,H2,0.4724862722740625,0.0019754224923027386,0.06799100811256106,0.43488195370387706,1.0864701748368966
2582,Coum_Library4_Col250,H3,f31886,Plate 27,Transformant,Coum_Library4,Col250,f31886,87,H3,0.48582179791332936,-0.001434200618551982,0.0626113530360561,0.43488195370387706,1.1171348771214789
2584,Coum_Library4_Col252,H5,f31886,Plate 27,Transformant,Coum_Library4,Col252,f31886,89,H5,0.5292659561908131,0.031170044961803606,0.09843929355397414,0.43488195370387706,1.2170336149455505
2585,Coum_Library4_Col253,H6,f31886,Plate 27,Transformant,Coum_Library4,Col253,f31886,90,H6,0.41421351127103134,0.010624265012911078,0.059123283586539045,0.43488195370387706,0.9524734419149538
2586,Coum_Library4_Col254,H7,f31886,Plate 27,Transformant,Coum_Library4,Col254,f31886,91,H7,0.5044306834097309,0.0026905290182859193,0.07511144402586022,0.43488195370387706,1.1599255363748926
2587,Coum_Library4_Col255,H8,f31886,Plate 27,Transformant,Coum_Library4,Col255,f31886,92,H8,0.3712490521771003,0.002720793627896849,0.08098181221409691,0.43488195370387706,0.8536777601718877
2588,Coum_Library4_Col256,H9,f31886,Plate 27,Transformant,Coum_Library4,Col256,f31886,93,H9,0.20980834362466658,0.0024634198822567842,0.06803004178649553,0.43488195370387706,0.4824489538775637
2589,SHK0046,H10,f31886,Plate 27,Control,nan,,f31886,94,H10,0.028536074848455932,0.002749918902820377,0.07995476081985538,0.43488195370387706,0.06561797886855274
2590,Coum_Library4_Col257,H11,f31886,Plate 27,Transformant,Coum_Library4,Col257,f31886,95,H11,0.3301183012945638,0.008469066966983425,0.007770088164033171,0.43488195370387706,0.7590986438571565
2591,Coum_Library4_Col258,H12,f31886,Plate 27,Transformant,Coum_Library4,Col258,f31886,96,H12,0.5275429849196634,-0.00028675876825151993,0.06536926587860831,0.43488195370387706,1.213071686296925
2592,Coum_Library4_Col259,A1,f31887,Plate 28,Transformant,Coum_Library4,Col259,f31887,1,A1,0.4039737768949759,0.011430745237019205,0.08048492876449692,0.45394349376416676,0.8899208435507368
2593,SHK0058,A2,f31887,Plate 28,Control,nan,,f31887,2,A2,0.4529691082018224,-0.002160406832020259,0.05614604068341079,0.45394349376416676,0.9978535091355433
2594,Coum_Library4_Col260,A3,f31887,Plate 28,Transformant,Coum_Library4,Col260,f31887,3,A3,0.30524397779531776,0.044796328907534995,0.004606606414001192,0.45394349376416676,0.6724272557894584
2596,Coum_Library4_Col262,A5,f31887,Plate 28,Transformant,Coum_Library4,Col262,f31887,5,A5,0.47418553738847097,0.16950978862984334,0.06123409804319843,0.45394349376416676,1.044591549173784
2597,Coum_Library4_Col263,A6,f31887,Plate 28,Transformant,Coum_Library4,Col263,f31887,6,A6,0.5236407059857296,0.0013835816028648028,0.051001806117072244,0.45394349376416676,1.1535371983055056
2598,Coum_Library4_Col264,A7,f31887,Plate 28,Transformant,Coum_Library4,Col264,f31887,7,A7,0.6126779954878706,0.005510060320279411,0.1229931941538441,0.45394349376416676,1.3496789884737719
2599,Coum_Library4_Col265,A8,f31887,Plate 28,Transformant,Coum_Library4,Col265,f31887,8,A8,0.7424212209565823,0.002038784072377336,0.04592969333878968,0.45394349376416676,1.6354925913802958
2600,Coum_Library4_Col266,A9,f31887,Plate 28,Transformant,Coum_Library4,Col266,f31887,9,A9,0.6146659382833775,0.004191215557250802,0.07150007259836773,0.45394349376416676,1.354058262156103
2601,Coum_Library4_Col267,A10,f31887,Plate 28,Transformant,Coum_Library4,Col267,f31887,10,A10,0.522253510898656,0.002923269639141612,0.04255429748764253,0.45394349376416676,1.1504813221752612
2602,Coum_Library4_Col268,A11,f31887,Plate 28,Transformant,Coum_Library4,Col268,f31887,11,A11,0.4417113584257222,0.007999960082596418,0.033962707030191386,0.45394349376416676,0.9730536167904646
2603,SHK0066,A12,f31887,Plate 28,Control,nan,,f31887,12,A12,0.44385365658928044,0.001059918720141999,0.055257332998713826,0.45394349376416676,0.9777729225917088
2605,Coum_Library4_Col270,B2,f31887,Plate 28,Transformant,Coum_Library4,Col270,f31887,14,B2,0.7784091718584208,0.15223611230316025,0.0602105679175602,0.45394349376416676,1.7147710729450851
2606,Coum_Library4_Col271,B3,f31887,Plate 28,Transformant,Coum_Library4,Col271,f31887,15,B3,0.4445962994100497,0.004032690594344434,0.05049938410006775,0.45394349376416676,0.9794089033491619
2607,Coum_Library4_Col272,B4,f31887,Plate 28,Transformant,Coum_Library4,Col272,f31887,16,B4,0.48656729745188587,0.005655475494692638,0.05441636350843323,0.45394349376416676,1.0718675432864953
2608,SHK0046,B5,f31887,Plate 28,Control,nan,,f31887,17,B5,0.18454777458208155,0.007161510293172828,0.06965907366936325,0.45394349376416676,0.4065434952085865
2609,Coum_Library4_Col273,B6,f31887,Plate 28,Transformant,Coum_Library4,Col273,f31887,18,B6,0.6456164478702331,0.006083723884905882,0.0682482471177557,0.45394349376416676,1.4222396768300076
2610,Coum_Library4_Col274,B7,f31887,Plate 28,Transformant,Coum_Library4,Col274,f31887,19,B7,0.6881032275946436,-0.0004477759498937928,0.05788442145925155,0.45394349376416676,1.5158345411865903
2611,Coum_Library4_Col275,B8,f31887,Plate 28,Transformant,Coum_Library4,Col275,f31887,20,B8,0.3044172644550777,0.16411609780224704,0.014869066684387866,0.45394349376416676,0.6706060746257306
2612,SHK0066,B9,f31887,Plate 28,Control,nan,,f31887,21,B9,0.43934927411034946,0.0016755593634809193,0.05814555337090906,0.45394349376416676,0.9678501402612915
2613,Coum_Library4_Col276,B10,f31887,Plate 28,Transformant,Coum_Library4,Col276,f31887,22,B10,0.25018629084437904,0.004189943348274731,0.004375235281767791,0.45394349376416676,0.5511397217521441
2614,Coum_Library4_Col277,B11,f31887,Plate 28,Transformant,Coum_Library4,Col277,f31887,23,B11,0.46818870280434205,0.0014582972266894544,0.06852133303683701,0.45394349376416676,1.0313810182013006
2615,Coum_Library4_Col278,B12,f31887,Plate 28,Transformant,Coum_Library4,Col278,f31887,24,B12,0.46649235248649884,0.0008711453011456609,0.0560458760436179,0.45394349376416676,1.0276440986482152
2616,Coum_Library4_Col279,C1,f31887,Plate 28,Transformant,Coum_Library4,Col279,f31887,25,C1,0.47385130751607024,0.003981724572550329,0.045958142392192626,0.45394349376416676,1.0438552683877567
2617,Coum_Library4_Col280,C2,f31887,Plate 28,Transformant,Coum_Library4,Col280,f31887,26,C2,0.6308167167172637,-0.00017164727101455043,0.05086006527502241,0.45394349376416676,1.3896370922434376
2618,Coum_Library4_Col281,C3,f31887,Plate 28,Transformant,Coum_Library4,Col281,f31887,27,C3,0.3770281471480503,0.0022782720904514883,0.04983048164690217,0.45394349376416676,0.830561848175589
2619,Coum_Library4_Col282,C4,f31887,Plate 28,Transformant,Coum_Library4,Col282,f31887,28,C4,0.4791588080890919,0.004557226624673917,0.06128040041197428,0.45394349376416676,1.055547253504695
2620,Coum_Library4_Col283,C5,f31887,Plate 28,Transformant,Coum_Library4,Col283,f31887,29,C5,0.4695381931417886,0.005922537467760942,0.06816202905276367,0.45394349376416676,1.0343538338842755
2621,Coum_Library4_Col284,C6,f31887,Plate 28,Transformant,Coum_Library4,Col284,f31887,30,C6,0.611699494957424,0.005462641557604115,0.06570326672891552,0.45394349376416676,1.347523432674673
2622,Coum_Library4_Col285,C7,f31887,Plate 28,Transformant,Coum_Library4,Col285,f31887,31,C7,0.24946177623943108,0.00408170570344636,0.01188562163632226,0.45394349376416676,0.5495436759559148
2623,Coum_Library4_Col286,C8,f31887,Plate 28,Transformant,Coum_Library4,Col286,f31887,32,C8,0.4162636647821626,0.0029824209168506466,0.05038912230041065,0.45394349376416676,0.916994450852115
2624,Coum_Library4_Col287,C9,f31887,Plate 28,Transformant,Coum_Library4,Col287,f31887,33,C9,0.42563572870754385,0.0029082986609701403,0.0625516276176657,0.45394349376416676,0.9376403331130694
2625,Coum_Library4_Col288,C10,f31887,Plate 28,Transformant,Coum_Library4,Col288,f31887,34,C10,0.29706628416844805,0.007487550781980063,0.012999199993043125,0.45394349376416676,0.6544124725858066
2627,Coum_Library4_Col290,C12,f31887,Plate 28,Transformant,Coum_Library4,Col290,f31887,36,C12,0.6289013559218999,0.15496775505113566,0.09341429196404102,0.45394349376416676,1.3854177107087857
2628,Coum_Library4_Col291,D1,f31887,Plate 28,Transformant,Coum_Library4,Col291,f31887,37,D1,0.44630521198367984,0.009935217733833228,0.054002939583157945,0.45394349376416676,0.9831734965135216
2630,Coum_Library4_Col293,D3,f31887,Plate 28,Transformant,Coum_Library4,Col293,f31887,39,D3,0.3845025717331575,0.25214508651081224,0.01643818147905359,0.45394349376416676,0.8470273878028411
2631,Coum_Library4_Col294,D4,f31887,Plate 28,Transformant,Coum_Library4,Col294,f31887,40,D4,0.219850154446495,0.006136316995482711,0.004632073948811579,0.45394349376416676,0.48431172043785653
2632,Coum_Library4_Col295,D5,f31887,Plate 28,Transformant,Coum_Library4,Col295,f31887,41,D5,0.551577005188078,0.0017648902767590702,0.05720133187828413,0.45394349376416676,1.2150785566157576
2633,Coum_Library4_Col296,D6,f31887,Plate 28,Transformant,Coum_Library4,Col296,f31887,42,D6,1.0044768466706087,0.005649909991434127,0.05407485383845886,0.45394349376416676,2.212779476893341
2634,Coum_Library4_Col297,D7,f31887,Plate 28,Transformant,Coum_Library4,Col297,f31887,43,D7,0.6689952009917719,0.0008662815981193064,0.0656736573795181,0.45394349376416676,1.4737411377886804
2635,Coum_Library4_Col298,D8,f31887,Plate 28,Transformant,Coum_Library4,Col298,f31887,44,D8,0.27650462075932386,0.003114128599088597,0.0909712710327922,0.45394349376416676,0.6091168274414653
2636,Coum_Library4_Col299,D9,f31887,Plate 28,Transformant,Coum_Library4,Col299,f31887,45,D9,0.7735590550482672,0.005406028503783573,0.046108568973890124,0.45394349376416676,1.704086666456657
2637,Coum_Library4_Col300,D10,f31887,Plate 28,Transformant,Coum_Library4,Col300,f31887,46,D10,0.6654432521416602,0.004452255292172229,0.07719746244432356,0.45394349376416676,1.465916488027411
2638,Coum_Library4_Col301,D11,f31887,Plate 28,Transformant,Coum_Library4,Col301,f31887,47,D11,0.3633468944396974,0.0020893594633334673,0.029761225969135104,0.45394349376416676,0.8004231791643738
2640,Coum_Library4_Col303,E1,f31887,Plate 28,Transformant,Coum_Library4,Col303,f31887,49,E1,0.45211452514108785,0.04008137527854398,0.07972148100999946,0.45394349376416676,0.9959709332808963
2641,Coum_Library4_Col304,E2,f31887,Plate 28,Transformant,Coum_Library4,Col304,f31887,50,E2,0.4840423620587399,0.0034272650730453754,0.06519573311481039,0.45394349376416676,1.0663053192920309
2642,Coum_Library4_Col305,E3,f31887,Plate 28,Transformant,Coum_Library4,Col305,f31887,51,E3,0.40855220247871643,0.000703384928158589,0.06528213666183783,0.45394349376416676,0.9000067367216589
2644,Coum_Library4_Col307,E5,f31887,Plate 28,Transformant,Coum_Library4,Col307,f31887,53,E5,0.6023657666097426,0.22785649777126624,0.06297000281328996,0.45394349376416676,1.3269620005230967
2645,Coum_Library4_Col308,E6,f31887,Plate 28,Transformant,Coum_Library4,Col308,f31887,54,E6,0.42041889866295884,0.0010509021788408781,0.04063435165171909,0.45394349376416676,0.9261480876766908
2646,Coum_Library4_Col309,E7,f31887,Plate 28,Transformant,Coum_Library4,Col309,f31887,55,E7,0.5538248934238137,0.0013884754470272148,0.04931875758271229,0.45394349376416676,1.2200304686193773
2649,Coum_Library4_Col311,E10,f31887,Plate 28,Transformant,Coum_Library4,Col311,f31887,58,E10,0.5100379745086293,0.1683167699466424,0.05187565665831505,0.45394349376416676,1.1235715050772483
2650,SHK0058,E11,f31887,Plate 28,Control,nan,,f31887,59,E11,0.46276404381146957,0.0043052730412073345,0.05778932710454843,0.45394349376416676,1.0194309427681438
2651,Coum_Library4_Col312,E12,f31887,Plate 28,Transformant,Coum_Library4,Col312,f31887,60,E12,0.6797432375066779,0.0038671492480495027,0.05202552776656482,0.45394349376416676,1.497418173945277
2652,Coum_Library4_Col313,F1,f31887,Plate 28,Transformant,Coum_Library4,Col313,f31887,61,F1,0.46048289855893415,-2.2707183196389544e-05,0.05734826277155786,0.45394349376416676,1.014405768305085
2653,Coum_Library4_Col314,F2,f31887,Plate 28,Transformant,Coum_Library4,Col314,f31887,62,F2,0.45305307394422606,0.02151218084547699,0.05773551490273291,0.45394349376416676,0.9980384787265983
2654,Coum_Library4_Col315,F3,f31887,Plate 28,Transformant,Coum_Library4,Col315,f31887,63,F3,0.22938653523808547,0.005200411694254962,0.006323735966310279,0.45394349376416676,0.5053195791748843
2655,SHK0066,F4,f31887,Plate 28,Control,nan,,f31887,64,F4,0.45491787932651107,0.001842841660106375,0.06067492217563047,0.45394349376416676,1.0021464908644566
2656,Coum_Library4_Col316,F5,f31887,Plate 28,Transformant,Coum_Library4,Col316,f31887,65,F5,0.4962067254247831,0.008955360494467476,0.04069948345786796,0.45394349376416676,1.0931024064474708
2657,Coum_Library4_Col317,F6,f31887,Plate 28,Transformant,Coum_Library4,Col317,f31887,66,F6,0.3990985639957205,0.003425993229361682,0.0372112786882295,0.45394349376416676,0.879181152452117
2658,Coum_Library4_Col318,F7,f31887,Plate 28,Transformant,Coum_Library4,Col318,f31887,67,F7,0.9831717759104329,0.0035900453293140943,0.039940270229501244,0.45394349376416676,2.1658461667945206
2659,Coum_Library4_Col319,F8,f31887,Plate 28,Transformant,Coum_Library4,Col319,f31887,68,F8,0.7119256690629383,0.00410736901594607,0.04530247553583486,0.45394349376416676,1.5683134109039543
2660,Coum_Library4_Col320,F9,f31887,Plate 28,Transformant,Coum_Library4,Col320,f31887,69,F9,0.4829013993097096,0.0025115125919291195,0.0828819646122212,0.45394349376416676,1.0637918726522977
2661,Coum_Library4_Col321,F10,f31887,Plate 28,Transformant,Coum_Library4,Col321,f31887,70,F10,0.42723270827128773,0.0005973573273041097,0.0560709550139532,0.45394349376416676,0.9411583471075018
2663,Coum_Library4_Col323,F12,f31887,Plate 28,Transformant,Coum_Library4,Col323,f31887,72,F12,0.44550533106873924,0.1313008578237254,0.049077174987047695,0.45394349376416676,0.9814114249651272
2664,SHK0046,G1,f31887,Plate 28,Control,nan,,f31887,73,G1,0.1838112452748258,0.009448320392710253,0.07039319830031114,0.45394349376416676,0.4049209820161441
2665,Coum_Library4_Col324,G2,f31887,Plate 28,Transformant,Coum_Library4,Col324,f31887,74,G2,0.5607055213220938,0.002908440689797255,0.07327184171443231,0.45394349376416676,1.2351879232206646
2666,Coum_Library4_Col325,G3,f31887,Plate 28,Transformant,Coum_Library4,Col325,f31887,75,G3,0.46355247705982067,0.003807161433199061,0.0533433300331621,0.45394349376416676,1.0211677960531493
2667,Coum_Library4_Col326,G4,f31887,Plate 28,Transformant,Coum_Library4,Col326,f31887,76,G4,0.4571594473965961,0.002991940240791284,0.0466962352125196,0.45394349376416676,1.0070844800654861
2668,Coum_Library4_Col327,G5,f31887,Plate 28,Transformant,Coum_Library4,Col327,f31887,77,G5,0.423074977180704,0.002540099344327574,0.05154378272006968,0.45394349376416676,0.9319992091361495
2669,Coum_Library4_Col328,G6,f31887,Plate 28,Transformant,Coum_Library4,Col328,f31887,78,G6,0.4904111596461151,0.0026290691322694844,0.04489913006552737,0.45394349376416676,1.08033525401929
2670,SHK0058,G7,f31887,Plate 28,Control,nan,,f31887,79,G7,0.4566743141041069,0.003554048411680062,0.0583854004970976,0.45394349376416676,1.0060157715166171
2671,Coum_Library4_Col329,G8,f31887,Plate 28,Transformant,Coum_Library4,Col329,f31887,80,G8,0.5754674993431037,0.010754633281888222,0.07308402905365992,0.45394349376416676,1.2677073407776855
2672,Coum_Library4_Col330,G9,f31887,Plate 28,Transformant,Coum_Library4,Col330,f31887,81,G9,0.4598852391903711,0.003639549745749086,0.055430516052704375,0.45394349376416676,1.0130891741104924
2673,Coum_Library4_Col331,G10,f31887,Plate 28,Transformant,Coum_Library4,Col331,f31887,82,G10,0.4812367602409064,0.003484970554423885,0.05376465514670533,0.45394349376416676,1.0601248103600291
2674,Coum_Library4_Col332,G11,f31887,Plate 28,Transformant,Coum_Library4,Col332,f31887,83,G11,0.5324755098263275,0.0044573737577580895,0.08286785902148366,0.45394349376416676,1.172999541002255
2675,Coum_Library4_Col333,G12,f31887,Plate 28,Transformant,Coum_Library4,Col333,f31887,84,G12,0.4554836372651171,0.00404436524468999,0.08628884415504406,0.45394349376416676,1.00339280884539
2676,Coum_Library4_Col334,H1,f31887,Plate 28,Transformant,Coum_Library4,Col334,f31887,85,H1,0.547010454867882,0.009086063251719673,0.07562664220669539,0.45394349376416676,1.2050188236689774
2678,Coum_Library4_Col336,H3,f31887,Plate 28,Transformant,Coum_Library4,Col336,f31887,87,H3,0.30903038369171815,0.1978336101888475,0.034203280701493734,0.45394349376416676,0.6807683950466883
2679,Coum_Library4_Col337,H4,f31887,Plate 28,Transformant,Coum_Library4,Col337,f31887,88,H4,0.4535384629573273,0.0060539307653647385,0.05873879853706897,0.45394349376416676,0.9991077506068412
2680,Coum_Library4_Col338,H5,f31887,Plate 28,Transformant,Coum_Library4,Col338,f31887,89,H5,0.44681795897618104,0.007780829306314686,0.04878569579330363,0.45394349376416676,0.9843030357613461
2681,Coum_Library4_Col339,H6,f31887,Plate 28,Transformant,Coum_Library4,Col339,f31887,90,H6,0.5353118063178346,0.004208406748844899,0.06434460566846727,0.45394349376416676,1.1792476677635573
2682,Coum_Library4_Col340,H7,f31887,Plate 28,Transformant,Coum_Library4,Col340,f31887,91,H7,0.6150188064079006,0.004053353330748584,0.05638936357544856,0.45394349376416676,1.354835601471173
2683,Coum_Library4_Col341,H8,f31887,Plate 28,Transformant,Coum_Library4,Col341,f31887,92,H8,0.4606427440919445,0.004244247880692297,0.06167713653772489,0.45394349376416676,1.0147578948036606
2684,Coum_Library4_Col342,H9,f31887,Plate 28,Transformant,Coum_Library4,Col342,f31887,93,H9,0.4681165705869492,0.0003713201659768525,0.06354546646209978,0.45394349376416676,1.031222116887847
2685,SHK0046,H10,f31887,Plate 28,Control,nan,,f31887,94,H10,0.17088915809737668,0.0039050340144606344,0.059626593890981426,0.45394349376416676,0.37645469192726705
2686,Coum_Library4_Col343,H11,f31887,Plate 28,Transformant,Coum_Library4,Col343,f31887,95,H11,0.4496225042798027,0.0028583517067377866,0.08679521257801064,0.45394349376416676,0.9904812172798563
2687,Coum_Library4_Col344,H12,f31887,Plate 28,Transformant,Coum_Library4,Col344,f31887,96,H12,0.5048823509758562,0.0005057288220433505,0.051546754380407456,0.45394349376416676,1.1122140925278978
2688,Coum_Library4_Col345,A1,f31888,Plate 29,Transformant,Coum_Library4,Col345,f31888,1,A1,0.4354873604807104,0.0028242395451839935,0.060400912826022224,0.374952125424669,1.1614479048157935
2689,SHK0058,A2,f31888,Plate 29,Control,nan,,f31888,2,A2,0.3764769546692909,-0.002083370469460606,0.023191675473773554,0.374952125424669,1.0040667305003135
2690,Coum_Library4_Col346,A3,f31888,Plate 29,Transformant,Coum_Library4,Col346,f31888,3,A3,0.46048723298720323,0.0025712539330694493,0.058937539488688954,0.374952125424669,1.2281227435786837
2691,Coum_Library4_Col347,A4,f31888,Plate 29,Transformant,Coum_Library4,Col347,f31888,4,A4,0.3785577280278423,0.005535989565727307,0.05400349734837206,0.374952125424669,1.0096161679283446
2694,Coum_Library4_Col350,A7,f31888,Plate 29,Transformant,Coum_Library4,Col350,f31888,7,A7,0.48331547206516495,0.16481899474974737,0.01724841322748667,0.374952125424669,1.2890058204571162
2695,Coum_Library4_Col351,A8,f31888,Plate 29,Transformant,Coum_Library4,Col351,f31888,8,A8,0.7034778495680934,0.005751262674763927,0.03173125756029374,0.374952125424669,1.876180455761753
2696,Coum_Library4_Col352,A9,f31888,Plate 29,Transformant,Coum_Library4,Col352,f31888,9,A9,0.49514847126206507,0.00912682310071206,0.041198019019428045,0.374952125424669,1.3205645139396456
2697,Coum_Library4_Col353,A10,f31888,Plate 29,Transformant,Coum_Library4,Col353,f31888,10,A10,0.4148263482722521,0.002419754431316522,0.007630350146208571,0.374952125424669,1.1063448374973786
2698,Coum_Library4_Col354,A11,f31888,Plate 29,Transformant,Coum_Library4,Col354,f31888,11,A11,0.6543925227293564,0.0006391648260177352,0.037848192921003276,0.374952125424669,1.7452695380462095
2699,SHK0066,A12,f31888,Plate 29,Control,nan,,f31888,12,A12,0.2807654434493802,-0.0006046062539114682,0.010755712163537922,0.374952125424669,0.7488034455902512
2700,Coum_Library4_Col355,B1,f31888,Plate 29,Transformant,Coum_Library4,Col355,f31888,13,B1,0.6625313898222066,0.0027398979222122283,0.013748581768759231,0.374952125424669,1.7669759547884325
2701,Coum_Library4_Col356,B2,f31888,Plate 29,Transformant,Coum_Library4,Col356,f31888,14,B2,0.4039284401546616,0.0021015162121627833,0.029651482516897802,0.374952125424669,1.077280038610727
2703,Coum_Library4_Col358,B4,f31888,Plate 29,Transformant,Coum_Library4,Col358,f31888,16,B4,0.4556332268207061,0.029916380542203646,0.028551110255762756,0.374952125424669,1.2151770744189223
2704,SHK0046,B5,f31888,Plate 29,Control,nan,,f31888,17,B5,0.15808238505854627,0.0035494062151472305,0.018990886248756444,0.374952125424669,0.42160685148671423
2705,Coum_Library4_Col359,B6,f31888,Plate 29,Transformant,Coum_Library4,Col359,f31888,18,B6,0.38832060170935245,-0.0012186222903212698,0.0200424083186654,0.374952125424669,1.0356538218567035
2706,Coum_Library4_Col360,B7,f31888,Plate 29,Transformant,Coum_Library4,Col360,f31888,19,B7,0.4464352203192953,-0.0010175394181269203,0.029225291707122507,0.374952125424669,1.1906459252995696
2707,Coum_Library4_Col361,B8,f31888,Plate 29,Transformant,Coum_Library4,Col361,f31888,20,B8,0.2597528479522989,0.005520284217320133,0.003630273829975612,0.374952125424669,0.6927627031267101
2708,SHK0066,B9,f31888,Plate 29,Control,nan,,f31888,21,B9,0.3885225564254349,0.0003122937147568181,0.011503549185854221,0.374952125424669,1.0361924365287865
2709,Coum_Library4_Col362,B10,f31888,Plate 29,Transformant,Coum_Library4,Col362,f31888,22,B10,0.6189827201622196,0.0006297945984108865,0.03782410927012713,0.374952125424669,1.650831341364348
2710,Coum_Library4_Col363,B11,f31888,Plate 29,Transformant,Coum_Library4,Col363,f31888,23,B11,0.629827903840025,0.002175349758335374,0.01853291883736495,0.374952125424669,1.6797555237930306
2711,Coum_Library4_Col364,B12,f31888,Plate 29,Transformant,Coum_Library4,Col364,f31888,24,B12,0.9306309713618545,0.005148119424592278,0.029108920855351425,0.374952125424669,2.4819994560847634
2712,Coum_Library4_Col365,C1,f31888,Plate 29,Transformant,Coum_Library4,Col365,f31888,25,C1,0.571681063321466,0.001367558588411922,0.05433452861184292,0.374952125424669,1.5246774842894482
2713,Coum_Library4_Col366,C2,f31888,Plate 29,Transformant,Coum_Library4,Col366,f31888,26,C2,0.4875465807585759,-0.00017614843640427222,0.022218797443885423,0.374952125424669,1.3002902176014683
2714,Coum_Library4_Col367,C3,f31888,Plate 29,Transformant,Coum_Library4,Col367,f31888,27,C3,0.5699680180212358,0.0016372327035538456,0.021334451873418567,0.374952125424669,1.520108780222789
2715,Coum_Library4_Col368,C4,f31888,Plate 29,Transformant,Coum_Library4,Col368,f31888,28,C4,0.4758389300549939,0.02937468429283888,0.021372124834566273,0.374952125424669,1.2690658294470554
2716,Coum_Library4_Col369,C5,f31888,Plate 29,Transformant,Coum_Library4,Col369,f31888,29,C5,0.4286237088319355,0.0007989968277643212,0.012088287758176093,0.374952125424669,1.1431424967826982
2719,Coum_Library4_Col372,C8,f31888,Plate 29,Transformant,Coum_Library4,Col372,f31888,32,C8,0.5238672927542045,0.07636733031311221,0.06950328078232064,0.374952125424669,1.3971578162435403
2721,Coum_Library4_Col374,C10,f31888,Plate 29,Transformant,Coum_Library4,Col374,f31888,34,C10,0.4414591514003717,0.2105620069364754,0.017900699930448842,0.374952125424669,1.1773747139061477
2722,Coum_Library4_Col375,C11,f31888,Plate 29,Transformant,Coum_Library4,Col375,f31888,35,C11,0.39895589774034074,0.0005685298490081946,0.008950056016494361,0.374952125424669,1.0640182324303007
2723,Coum_Library4_Col376,C12,f31888,Plate 29,Transformant,Coum_Library4,Col376,f31888,36,C12,0.3819190999021454,0.0007158872727523578,0.009369377118433187,0.374952125424669,1.0185809707561615
2725,Coum_Library4_Col378,D2,f31888,Plate 29,Transformant,Coum_Library4,Col378,f31888,38,D2,0.3196799125375883,0.21012473908557644,0.026430474772037024,0.374952125424669,0.8525886129476407
2726,Coum_Library4_Col379,D3,f31888,Plate 29,Transformant,Coum_Library4,Col379,f31888,39,D3,0.4122810943597901,0.0054941761022571905,0.03462018452361911,0.374952125424669,1.0995566271103077
2728,Coum_Library4_Col381,D5,f31888,Plate 29,Transformant,Coum_Library4,Col381,f31888,41,D5,0.42450995684147314,0.2219228230119829,0.023293496845093947,0.374952125424669,1.1321710908043932
2729,Coum_Library4_Col382,D6,f31888,Plate 29,Transformant,Coum_Library4,Col382,f31888,42,D6,0.44246912081037276,0.0032587038819944696,0.019841543028132912,0.374952125424669,1.180068309545477
2730,Coum_Library4_Col383,D7,f31888,Plate 29,Transformant,Coum_Library4,Col383,f31888,43,D7,0.5478890197751564,0.004106879164398688,0.06185204023834428,0.374952125424669,1.4612239340012272
2732,Coum_Library4_Col385,D9,f31888,Plate 29,Transformant,Coum_Library4,Col385,f31888,45,D9,0.41296315412448664,0.15834107070295594,0.05502080394916312,0.374952125424669,1.1013756853805443
2733,Coum_Library4_Col386,D10,f31888,Plate 29,Transformant,Coum_Library4,Col386,f31888,46,D10,0.3880328263486307,0.007183118567436896,0.02380260867102294,0.374952125424669,1.0348863229116159
2734,Coum_Library4_Col387,D11,f31888,Plate 29,Transformant,Coum_Library4,Col387,f31888,47,D11,0.43064629208459204,0.003563310754122483,0.01587832331811998,0.374952125424669,1.1485367407821574
2735,Coum_Library4_Col388,D12,f31888,Plate 29,Transformant,Coum_Library4,Col388,f31888,48,D12,0.46787712604680914,-0.0013867266399489899,0.03107220824148618,0.374952125424669,1.2478316412179122
2737,Coum_Library4_Col390,E2,f31888,Plate 29,Transformant,Coum_Library4,Col390,f31888,50,E2,0.7268663078434602,0.06772398478519992,0.04177957553159809,0.374952125424669,1.9385576412461054
2738,Coum_Library4_Col391,E3,f31888,Plate 29,Transformant,Coum_Library4,Col391,f31888,51,E3,0.6118399223177081,0.00795178829790881,0.08340168135512822,0.374952125424669,1.6317814484308928
2739,Coum_Library4_Col392,E4,f31888,Plate 29,Transformant,Coum_Library4,Col392,f31888,52,E4,0.23910584958379905,0.01045869131379161,0.0045339607937864524,0.374952125424669,0.637697010819685
2741,Coum_Library4_Col394,E6,f31888,Plate 29,Transformant,Coum_Library4,Col394,f31888,54,E6,0.7892676725553095,0.21946199207397005,0.047004779703855484,0.374952125424669,2.1049825271996756
2742,Coum_Library4_Col395,E7,f31888,Plate 29,Transformant,Coum_Library4,Col395,f31888,55,E7,0.7459677773624351,0.005450377510990816,0.039154592398973904,0.374952125424669,1.989501397058506
2744,Coum_Library4_Col396,E9,f31888,Plate 29,Transformant,Coum_Library4,Col396,f31888,57,E9,0.43411741224570066,0.15476098256740392,0.011535933599856668,0.374952125424669,1.1577942430757562
2745,Coum_Library4_Col397,E10,f31888,Plate 29,Transformant,Coum_Library4,Col397,f31888,58,E10,0.5914016497020673,0.002612856399439329,0.0302901763107447,0.374952125424669,1.5772724291994575
2746,SHK0058,E11,f31888,Plate 29,Control,nan,,f31888,59,E11,0.3573366318523227,0.00011423419819431386,0.015054636553349793,0.374952125424669,0.9530193526643033
2747,Coum_Library4_Col398,E12,f31888,Plate 29,Transformant,Coum_Library4,Col398,f31888,60,E12,0.4929071690317287,0.004528634191888749,0.05644772317946783,0.374952125424669,1.3145869448625325
2748,Coum_Library4_Col399,F1,f31888,Plate 29,Transformant,Coum_Library4,Col399,f31888,61,F1,0.36949992829485206,-0.0007623894698060247,0.03794536583529725,0.374952125424669,0.9854589512630665
2749,Coum_Library4_Col400,F2,f31888,Plate 29,Transformant,Coum_Library4,Col400,f31888,62,F2,0.5791625195951811,0.0014017993820311713,0.0335831534331232,0.374952125424669,1.5446305816755255
2750,Coum_Library4_Col401,F3,f31888,Plate 29,Transformant,Coum_Library4,Col401,f31888,63,F3,0.5766439788928669,0.00805178638636599,0.017508904382141637,0.374952125424669,1.53791361561096
2751,SHK0066,F4,f31888,Plate 29,Control,nan,,f31888,64,F4,0.4208332147989396,0.001407452884488619,0.014937153709804191,0.374952125424669,1.122365193482517
2752,Coum_Library4_Col402,F5,f31888,Plate 29,Transformant,Coum_Library4,Col402,f31888,65,F5,0.3513919813209026,0.16476057977457226,0.014958949358262613,0.374952125424669,0.9371649271834843
2753,Coum_Library4_Col403,F6,f31888,Plate 29,Transformant,Coum_Library4,Col403,f31888,66,F6,0.4222132786000535,0.016482107447065124,0.016449720646740832,0.374952125424669,1.1260458335096961
2755,Coum_Library4_Col405,F8,f31888,Plate 29,Transformant,Coum_Library4,Col405,f31888,68,F8,0.4552228846822221,0.016641273887407135,0.004784154969753381,0.374952125424669,1.2140826890009992
2756,Coum_Library4_Col406,F9,f31888,Plate 29,Transformant,Coum_Library4,Col406,f31888,69,F9,0.6930791883233102,0.01558769954321965,0.022673782373627452,0.374952125424669,1.848447151855272
2757,Coum_Library4_Col407,F10,f31888,Plate 29,Transformant,Coum_Library4,Col407,f31888,70,F10,0.6719789708158217,0.00802353785715696,0.033914436834128835,0.374952125424669,1.792172720863341
2758,Coum_Library4_Col408,F11,f31888,Plate 29,Transformant,Coum_Library4,Col408,f31888,71,F11,0.5724544517431676,0.00021572470404719488,0.043264043409085316,0.374952125424669,1.5267401167410597
2759,Coum_Library4_Col409,F12,f31888,Plate 29,Transformant,Coum_Library4,Col409,f31888,72,F12,0.43051628935606295,-2.087449469687844e-05,0.056301130041299795,0.374952125424669,1.1481900225754482
2760,SHK0046,G1,f31888,Plate 29,Control,nan,,f31888,73,G1,0.22925058541304283,0.0015221639746394553,0.018800339460233698,0.374952125424669,0.6114129507957708
2761,Coum_Library4_Col410,G2,f31888,Plate 29,Transformant,Coum_Library4,Col410,f31888,74,G2,0.6213494122646146,0.002171606508654769,0.044768418500538795,0.374952125424669,1.6571433261269748
2762,Coum_Library4_Col411,G3,f31888,Plate 29,Transformant,Coum_Library4,Col411,f31888,75,G3,0.4103152116578918,0.003190212214960277,0.012094593493274016,0.374952125424669,1.094313603885218
2763,Coum_Library4_Col412,G4,f31888,Plate 29,Transformant,Coum_Library4,Col412,f31888,76,G4,0.46947685815443335,0.003504901487078037,0.02417069721478136,0.374952125424669,1.252098138189525
2764,Coum_Library4_Col413,G5,f31888,Plate 29,Transformant,Coum_Library4,Col413,f31888,77,G5,0.650024174374574,0.0017169974630881293,0.0379169854941015,0.374952125424669,1.733619121743502
2765,Coum_Library4_Col414,G6,f31888,Plate 29,Transformant,Coum_Library4,Col414,f31888,78,G6,0.43805895273823786,0.007007398954516091,0.04524439859885051,0.374952125424669,1.168306359757514
2766,SHK0058,G7,f31888,Plate 29,Control,nan,,f31888,79,G7,0.3734272961800471,0.0025907316094624724,0.0164441152888928,0.374952125424669,0.9959332694996865
2769,Coum_Library4_Col417,G10,f31888,Plate 29,Transformant,Coum_Library4,Col417,f31888,82,G10,0.37404685057051384,0.15624596157552925,0.010310882722745421,0.374952125424669,0.9975856254898413
2770,Coum_Library4_Col418,G11,f31888,Plate 29,Transformant,Coum_Library4,Col418,f31888,83,G11,0.4446011018019849,0.00895792954048552,0.04350953929800249,0.374952125424669,1.1857543180970953
2771,Coum_Library4_Col419,G12,f31888,Plate 29,Transformant,Coum_Library4,Col419,f31888,84,G12,0.5965767977884865,0.0032503311944234847,0.05347624251278079,0.374952125424669,1.5910745861563165
2772,Coum_Library4_Col420,H1,f31888,Plate 29,Transformant,Coum_Library4,Col420,f31888,85,H1,0.5333704350346925,0.004520031615783368,0.05244789066135117,0.374952125424669,1.4225027646678885
2784,Coum_Library4_Col431,A1,f31889,Plate 30,Transformant,Coum_Library4,Col431,f31889,1,A1,0.5119576963329361,0.004041436392889664,0.04649863640280392,0.4357761038815624,1.1748181962544664
2785,SHK0058,A2,f31889,Plate 30,Control,nan,,f31889,2,A2,0.4425288577778537,-0.0011024500595581011,0.022090133859985234,0.4357761038815624,1.0154959251692393
2787,Coum_Library4_Col433,A4,f31889,Plate 30,Transformant,Coum_Library4,Col433,f31889,4,A4,0.6454019863941896,0.12149164055689454,0.021722899926336935,0.4357761038815624,1.4810403338903604
2788,Coum_Library4_Col434,A5,f31889,Plate 30,Transformant,Coum_Library4,Col434,f31889,5,A5,0.4633618472933713,0.0007338545684668209,0.025608685640998614,0.4357761038815624,1.0633025610309883
2789,Coum_Library4_Col435,A6,f31889,Plate 30,Transformant,Coum_Library4,Col435,f31889,6,A6,0.8242753363345807,0.003943676530332284,0.011703695250830426,0.4357761038815624,1.891511097080731
2790,Coum_Library4_Col436,A7,f31889,Plate 30,Transformant,Coum_Library4,Col436,f31889,7,A7,0.5352007220641568,-0.0001289854222386695,0.01546589654370757,0.4357761038815624,1.228155278127909
2791,Coum_Library4_Col437,A8,f31889,Plate 30,Transformant,Coum_Library4,Col437,f31889,8,A8,0.47090382451643975,0.002526455906601217,0.017225884914821396,0.4357761038815624,1.0806095614743128
2792,Coum_Library4_Col438,A9,f31889,Plate 30,Transformant,Coum_Library4,Col438,f31889,9,A9,0.7990563163885824,0.006652840564698399,0.01784871577789316,0.4357761038815624,1.8336395898517517
2793,Coum_Library4_Col439,A10,f31889,Plate 30,Transformant,Coum_Library4,Col439,f31889,10,A10,0.8105260371072422,0.0004984939458125803,0.021777642532123432,0.4357761038815624,1.8599598047889552
2794,Coum_Library4_Col440,A11,f31889,Plate 30,Transformant,Coum_Library4,Col440,f31889,11,A11,0.48005719892063364,0.001368856383635543,0.024502581986485115,0.4357761038815624,1.101614325899582
2795,SHK0066,A12,f31889,Plate 30,Control,nan,,f31889,12,A12,0.4290233499852711,0.0007797911416647299,0.012975245916226695,0.4357761038815624,0.9845040748307607
2797,Coum_Library4_Col442,B2,f31889,Plate 30,Transformant,Coum_Library4,Col442,f31889,14,B2,0.4740112019003832,0.06212018252442303,0.05335058890310006,0.4357761038815624,1.0877402355894497
2798,Coum_Library4_Col443,B3,f31889,Plate 30,Transformant,Coum_Library4,Col443,f31889,15,B3,0.2676174273535201,0.028700294046239194,0.0068941487863737475,0.4357761038815624,0.6141168021141762
2799,Coum_Library4_Col444,B4,f31889,Plate 30,Transformant,Coum_Library4,Col444,f31889,16,B4,0.6605433438150389,0.03798242743512167,0.047270571730911204,0.4357761038815624,1.5157860606201687
2800,SHK0046,B5,f31889,Plate 30,Control,nan,,f31889,17,B5,0.00708027656683125,0.001076180025188036,-0.0014274572050861868,0.4357761038815624,0.016247509911088576
2801,Coum_Library4_Col445,B6,f31889,Plate 30,Transformant,Coum_Library4,Col445,f31889,18,B6,0.49010160528406355,0.03162858418315915,0.0546608412320046,0.4357761038815624,1.1246637916090645
2802,Coum_Library4_Col446,B7,f31889,Plate 30,Transformant,Coum_Library4,Col446,f31889,19,B7,0.45368075547123604,0.006667876380391909,0.017783538110324223,0.4357761038815624,1.0410868136875624
2803,Coum_Library4_Col447,B8,f31889,Plate 30,Transformant,Coum_Library4,Col447,f31889,20,B8,0.005385987839462688,0.000740382574133787,0.0006296764771573582,0.4357761038815624,0.012359530023533646
2804,SHK0066,B9,f31889,Plate 30,Control,nan,,f31889,21,B9,0.3463530691941,-0.00010298595799010821,0.011474930028741455,0.4357761038815624,0.7947959195308096
2805,Coum_Library4_Col448,B10,f31889,Plate 30,Transformant,Coum_Library4,Col448,f31889,22,B10,0.312046860880201,0.011528912211611925,0.028935558783101337,0.4357761038815624,0.7160715287064268
2806,Coum_Library4_Col449,B11,f31889,Plate 30,Transformant,Coum_Library4,Col449,f31889,23,B11,0.007059768924156131,-2.5247634696140328e-05,-0.0009415252888624099,0.4357761038815624,0.01620044986696855
2807,Coum_Library4_Col450,B12,f31889,Plate 30,Transformant,Coum_Library4,Col450,f31889,24,B12,0.8133929543321287,0.01242153452132702,0.029333046728498468,0.4357761038815624,1.866538681416999
2808,Coum_Library4_Col451,C1,f31889,Plate 30,Transformant,Coum_Library4,Col451,f31889,25,C1,0.4032616672131045,0.0027064145537838034,0.018532417895632,0.4357761038815624,0.9253872886125605
2810,Coum_Library4_Col453,C3,f31889,Plate 30,Transformant,Coum_Library4,Col453,f31889,27,C3,0.0020462098752240167,0.21449616516735492,0.0012710943309307903,0.4357761038815624,0.004695553191186791
2811,Coum_Library4_Col454,C4,f31889,Plate 30,Transformant,Coum_Library4,Col454,f31889,28,C4,0.6692658791123787,0.024169258716699928,0.08402274766177974,0.4357761038815624,1.5358021542509255
2812,Coum_Library4_Col455,C5,f31889,Plate 30,Transformant,Coum_Library4,Col455,f31889,29,C5,0.4722725484721562,0.026426198502715964,0.02288271265598472,0.4357761038815624,1.0837504495210069
2814,Coum_Library4_Col457,C7,f31889,Plate 30,Transformant,Coum_Library4,Col457,f31889,31,C7,0.5237502412141147,0.0073929482833848485,0.022178232469164217,0.4357761038815624,1.2018792140022034
2815,Coum_Library4_Col458,C8,f31889,Plate 30,Transformant,Coum_Library4,Col458,f31889,32,C8,0.475336529050703,0.018965571152056767,0.030456953801671544,0.4357761038815624,1.0907815385395536
2816,Coum_Library4_Col459,C9,f31889,Plate 30,Transformant,Coum_Library4,Col459,f31889,33,C9,0.656718940117438,-0.000549498813867227,0.020779376806468873,0.4357761038815624,1.507009985788309
2817,Coum_Library4_Col460,C10,f31889,Plate 30,Transformant,Coum_Library4,Col460,f31889,34,C10,0.7418564443529032,-0.00017628602049815336,0.01284364255321516,0.4357761038815624,1.7023798178583216
2818,Coum_Library4_Col461,C11,f31889,Plate 30,Transformant,Coum_Library4,Col461,f31889,35,C11,0.46911958161557393,0.005384018768667078,0.013459878189712957,0.4357761038815624,1.0765151586721098
2819,Coum_Library4_Col462,C12,f31889,Plate 30,Transformant,Coum_Library4,Col462,f31889,36,C12,0.4779743210081005,0.0022374979455670884,0.05834715704596409,0.4357761038815624,1.0968346284953867
2820,Coum_Library4_Col463,D1,f31889,Plate 30,Transformant,Coum_Library4,Col463,f31889,37,D1,0.5813335651627747,0.014507161563665553,0.03220918284196905,0.4357761038815624,1.334018914724091
2821,Coum_Library4_Col464,D2,f31889,Plate 30,Transformant,Coum_Library4,Col464,f31889,38,D2,0.6969015459225555,0.03380947855695574,0.026891017602428912,0.4357761038815624,1.5992192773194447
2822,Coum_Library4_Col465,D3,f31889,Plate 30,Transformant,Coum_Library4,Col465,f31889,39,D3,0.5699384619062715,0.018397245565854838,0.031453291102795426,0.4357761038815624,1.3078699286851498
2823,Coum_Library4_Col466,D4,f31889,Plate 30,Transformant,Coum_Library4,Col466,f31889,40,D4,0.4550010284298699,0.025611803400439455,0.014877701189502332,0.4357761038815624,1.0441165184989871
2825,Coum_Library4_Col468,D6,f31889,Plate 30,Transformant,Coum_Library4,Col468,f31889,42,D6,0.2927574828612,0.1947579726222182,0.007388086694061336,0.4357761038815624,0.6718071051935588
2826,Coum_Library4_Col469,D7,f31889,Plate 30,Transformant,Coum_Library4,Col469,f31889,43,D7,0.4999142121543292,0.007765201197660633,0.015575269379173542,0.4357761038815624,1.147181333949873
2827,Coum_Library4_Col470,D8,f31889,Plate 30,Transformant,Coum_Library4,Col470,f31889,44,D8,0.6657844314207554,0.0076727231512184425,0.05336754055787421,0.4357761038815624,1.5278130799060654
2829,Coum_Library4_Col472,D10,f31889,Plate 30,Transformant,Coum_Library4,Col472,f31889,46,D10,0.5696607059326655,0.20238768936738216,0.02568204881355979,0.4357761038815624,1.307232546389214
2830,Coum_Library4_Col473,D11,f31889,Plate 30,Transformant,Coum_Library4,Col473,f31889,47,D11,0.7418654394096474,0.003911072617778781,0.04510107938491025,0.4357761038815624,1.7024004593222846
2831,Coum_Library4_Col474,D12,f31889,Plate 30,Transformant,Coum_Library4,Col474,f31889,48,D12,0.6833895337447377,0.0030931764004894593,0.07195801496750467,0.4357761038815624,1.5682125010013697
2832,Coum_Library4_Col475,E1,f31889,Plate 30,Transformant,Coum_Library4,Col475,f31889,49,E1,0.5448218715047416,0.022673173002033312,0.04502648286063018,0.4357761038815624,1.2502334723081012
2833,Coum_Library4_Col476,E2,f31889,Plate 30,Transformant,Coum_Library4,Col476,f31889,50,E2,0.6007174240695393,0.09467578467579722,0.05159701852783593,0.4357761038815624,1.3785001488581061
2834,Coum_Library4_Col477,E3,f31889,Plate 30,Transformant,Coum_Library4,Col477,f31889,51,E3,0.5094956593489602,0.07852290566419456,0.0650138204554959,0.4357761038815624,1.1691684211473736
2835,Coum_Library4_Col478,E4,f31889,Plate 30,Transformant,Coum_Library4,Col478,f31889,52,E4,0.4534069161925408,0.013600455339412326,0.019789908536139246,0.4357761038815624,1.0404584192523099
2836,Coum_Library4_Col479,E5,f31889,Plate 30,Transformant,Coum_Library4,Col479,f31889,53,E5,0.5519047030067916,0.025472426747140814,0.04976085625271483,0.4357761038815624,1.266486845173115
2837,Coum_Library4_Col480,E6,f31889,Plate 30,Transformant,Coum_Library4,Col480,f31889,54,E6,0.4825250491730141,0.03126830497472164,0.016572259460622712,0.4357761038815624,1.1072774410415065
2838,Coum_Library4_Col481,E7,f31889,Plate 30,Transformant,Coum_Library4,Col481,f31889,55,E7,0.008430832076186365,0.005132086077903634,0.0010156048540135108,0.4357761038815624,0.019346705799356413
2841,Coum_Library4_Col483,E10,f31889,Plate 30,Transformant,Coum_Library4,Col483,f31889,58,E10,0.8753457882278063,0.10349774335604382,0.03639308437222699,0.4357761038815624,2.008705343021086
2842,SHK0058,E11,f31889,Plate 30,Control,nan,,f31889,59,E11,0.45904974358677353,0.0014653281677077133,0.01314995738357143,0.4357761038815624,1.0534073334859513
2843,Coum_Library4_Col484,E12,f31889,Plate 30,Transformant,Coum_Library4,Col484,f31889,60,E12,0.7332295093219954,0.0020879385861944655,0.021852521493185666,0.4357761038815624,1.6825831035500662
2844,Coum_Library4_Col485,F1,f31889,Plate 30,Transformant,Coum_Library4,Col485,f31889,61,F1,0.7299738300581201,0.005157745335731341,0.02683811374058013,0.4357761038815624,1.6751121127479638
2845,Coum_Library4_Col486,F2,f31889,Plate 30,Transformant,Coum_Library4,Col486,f31889,62,F2,0.4712374803192149,0.002051330545604481,0.02386193816363505,0.4357761038815624,1.081375220260564
2846,Coum_Library4_Col487,F3,f31889,Plate 30,Transformant,Coum_Library4,Col487,f31889,63,F3,0.7395385946865033,0.017560689308476186,0.018532958249983893,0.4357761038815624,1.697060917519927
2847,SHK0066,F4,f31889,Plate 30,Control,nan,,f31889,64,F4,0.46182534074483766,0.021651892138197234,0.014773625570648456,0.4357761038815624,1.0597766528069081
2848,Coum_Library4_Col488,F5,f31889,Plate 30,Transformant,Coum_Library4,Col488,f31889,65,F5,0.4997979301460732,0.05158507060058896,0.023430969379974374,0.4357761038815624,1.1469144950681165
2849,Coum_Library4_Col489,F6,f31889,Plate 30,Transformant,Coum_Library4,Col489,f31889,66,F6,0.8817551509617051,0.03709458709993317,0.025157252712100366,0.4357761038815624,2.023413269125361
2850,Coum_Library4_Col490,F7,f31889,Plate 30,Transformant,Coum_Library4,Col490,f31889,67,F7,0.8682650046081453,0.01693981234307968,0.014138113281477904,0.4357761038815624,1.9924566695472752
2851,Coum_Library4_Col491,F8,f31889,Plate 30,Transformant,Coum_Library4,Col491,f31889,68,F8,0.5201942650238623,0.007978881969390221,0.07921230968984436,0.4357761038815624,1.1937191149087045
2852,Coum_Library4_Col492,F9,f31889,Plate 30,Transformant,Coum_Library4,Col492,f31889,69,F9,0.4892996977471133,-0.00023265769556550246,0.01606440558215617,0.4357761038815624,1.122823609162603
2853,Coum_Library4_Col493,F10,f31889,Plate 30,Transformant,Coum_Library4,Col493,f31889,70,F10,0.704820816907518,0.002186846444438804,0.02745984917691638,0.4357761038815624,1.6173920750346558
2855,Coum_Library4_Col495,F12,f31889,Plate 30,Transformant,Coum_Library4,Col495,f31889,72,F12,0.24271677250732707,0.15221369455750236,0.005747457726194797,0.4357761038815624,0.5569758652330646
2856,SHK0046,G1,f31889,Plate 30,Control,nan,,f31889,73,G1,0.0030671895947697496,0.005092847331104464,-0.0004045924470454381,0.4357761038815624,0.0070384529290375385
2857,Coum_Library4_Col496,G2,f31889,Plate 30,Transformant,Coum_Library4,Col496,f31889,74,G2,0.5878724104953562,0.008624171080520207,0.019187859931922284,0.4357761038815624,1.3490239718493866
2858,Coum_Library4_Col497,G3,f31889,Plate 30,Transformant,Coum_Library4,Col497,f31889,75,G3,0.8090399935198777,0.021134909052411208,0.02118283821090206,0.4357761038815624,1.8565496967675927
2860,Coum_Library4_Col499,G5,f31889,Plate 30,Transformant,Coum_Library4,Col499,f31889,77,G5,0.5043754449831467,0.12192839030233607,0.022909963158408455,0.4357761038815624,1.157418776501404
2861,Coum_Library4_Col500,G6,f31889,Plate 30,Transformant,Coum_Library4,Col500,f31889,78,G6,0.3462030924234309,0.010743742275035911,0.006829115344252665,0.4357761038815624,0.794451759377618
2862,SHK0058,G7,f31889,Plate 30,Control,nan,,f31889,79,G7,0.4249036220496393,0.0005557707165109022,0.015777508112713938,0.4357761038815624,0.9750503028158742
2863,Coum_Library4_Col501,G8,f31889,Plate 30,Transformant,Coum_Library4,Col501,f31889,80,G8,0.4543592326196717,0.006015049910743394,0.038569923830174435,0.4357761038815624,1.0426437534609743
2864,Coum_Library4_Col502,G9,f31889,Plate 30,Transformant,Coum_Library4,Col502,f31889,81,G9,0.8741039108611574,0.00529504225173579,0.02169449981712108,0.4357761038815624,2.0058555369954982
2865,Coum_Library4_Col503,G10,f31889,Plate 30,Transformant,Coum_Library4,Col503,f31889,82,G10,0.7637573233649948,0.00443666087352994,0.01811148534917005,0.4357761038815624,1.752636999968619
2866,Coum_Library4_Col504,G11,f31889,Plate 30,Transformant,Coum_Library4,Col504,f31889,83,G11,0.4933383460612275,0.0029222150646375255,0.010389072002424971,0.4357761038815624,1.1320913231977257
2868,Coum_Library4_Col506,H1,f31889,Plate 30,Transformant,Coum_Library4,Col506,f31889,85,H1,0.47642212689406,0.1358687176819623,0.015961833559791416,0.4357761038815624,1.0932727211300797
2869,Coum_Library4_Col507,H2,f31889,Plate 30,Transformant,Coum_Library4,Col507,f31889,86,H2,0.7024342224986535,0.010905688523720581,0.03889029754267873,0.4357761038815624,1.6119154222590528
2870,Coum_Library4_Col508,H3,f31889,Plate 30,Transformant,Coum_Library4,Col508,f31889,87,H3,0.793349413413659,0.018359167504013008,0.06051844695000057,0.4357761038815624,1.8205436377697293
2872,Coum_Library4_Col510,H5,f31889,Plate 30,Transformant,Coum_Library4,Col510,f31889,89,H5,0.4464771407287596,0.052672669030539875,0.017888856942983304,0.4357761038815624,1.0245562727094957
2873,Coum_Library4_Col511,H6,f31889,Plate 30,Transformant,Coum_Library4,Col511,f31889,90,H6,0.44657285177378603,0.007847348332213271,0.02051336682919962,0.4357761038815624,1.0247759062418853
2874,Coum_Library4_Col512,H7,f31889,Plate 30,Transformant,Coum_Library4,Col512,f31889,91,H7,0.361158457654497,0.0026035981440614277,0.01749188299753245,0.4357761038815624,0.8287706793410008
2876,Coum_Library4_Col514,H9,f31889,Plate 30,Transformant,Coum_Library4,Col514,f31889,93,H9,0.4934984138576756,0.030200448280608035,0.03777713187558563,0.4357761038815624,1.1324586397968286
2877,SHK0046,H10,f31889,Plate 30,Control,nan,,f31889,94,H10,0.0028414811070931,0.0021289088833999696,-0.0004763470875272846,0.4357761038815624,0.006520506934141972
2878,Coum_Library4_Col515,H11,f31889,Plate 30,Transformant,Coum_Library4,Col515,f31889,95,H11,0.40026702951619053,-0.000427898375557527,0.055260899782397,0.4357761038815624,0.9185153246149019
2879,Coum_Library4_Col516,H12,f31889,Plate 30,Transformant,Coum_Library4,Col516,f31889,96,H12,0.46221484399041635,0.000964883242674042,0.010288414838925833,0.4357761038815624,1.060670467869527
2880,Coum_Library4_Col517,A1,f31890,Plate 31,Transformant,Coum_Library4,Col517,f31890,1,A1,0.6733155797402635,0.004269543078870439,0.07530384284017339,0.4362991722699756,1.5432428538361413
2881,SHK0058,A2,f31890,Plate 31,Control,nan,,f31890,2,A2,0.383592705993254,0.006742500433606011,0.030158844419599904,0.4362991722699756,0.8791965017891264
2882,Coum_Library4_Col518,A3,f31890,Plate 31,Transformant,Coum_Library4,Col518,f31890,3,A3,0.003549674162608141,0.002486427440159507,0.0009857702044826291,0.4362991722699756,0.008135871870074633
2883,Coum_Library4_Col519,A4,f31890,Plate 31,Transformant,Coum_Library4,Col519,f31890,4,A4,0.4479316590758619,0.02382338288019511,0.04467321223931769,0.4362991722699756,1.0266617210052562
2884,Coum_Library4_Col520,A5,f31890,Plate 31,Transformant,Coum_Library4,Col520,f31890,5,A5,0.4957365155073562,0.007322612750223691,0.09942544826740374,0.4362991722699756,1.1362307036434203
2885,Coum_Library4_Col521,A6,f31890,Plate 31,Transformant,Coum_Library4,Col521,f31890,6,A6,0.4580192226646118,0.002953826825239481,0.06318004205882524,0.4362991722699756,1.049782469862666
2886,Coum_Library4_Col522,A7,f31890,Plate 31,Transformant,Coum_Library4,Col522,f31890,7,A7,0.5798977677674017,0.005164378951219408,0.06821758150463027,0.4362991722699756,1.3291287369405536
2887,Coum_Library4_Col523,A8,f31890,Plate 31,Transformant,Coum_Library4,Col523,f31890,8,A8,0.4399060119586071,0.0010918081899882167,0.06171110554396625,0.4362991722699756,1.0082668955567022
2888,Coum_Library4_Col524,A9,f31890,Plate 31,Transformant,Coum_Library4,Col524,f31890,9,A9,0.33069202657467106,0.006706378108936074,0.005587229641463313,0.4362991722699756,0.7579478660345558
2889,Coum_Library4_Col525,A10,f31890,Plate 31,Transformant,Coum_Library4,Col525,f31890,10,A10,0.5017783485873191,0.010692344160431598,0.06738897431220556,0.4362991722699756,1.1500786168735289
2890,Coum_Library4_Col526,A11,f31890,Plate 31,Transformant,Coum_Library4,Col526,f31890,11,A11,0.3827713328757905,0.0030017268590301735,0.03229173680812023,0.4362991722699756,0.8773139102792915
2891,SHK0066,A12,f31890,Plate 31,Control,nan,,f31890,12,A12,0.42675430447934615,0.003751383469186626,0.07259989489623833,0.4362991722699756,0.9781231127692279
2892,Coum_Library4_Col527,B1,f31890,Plate 31,Transformant,Coum_Library4,Col527,f31890,13,B1,0.46324944413032326,0.004522400429224498,0.06648548321942875,0.4362991722699756,1.0617701649996971
2893,Coum_Library4_Col528,B2,f31890,Plate 31,Transformant,Coum_Library4,Col528,f31890,14,B2,0.2348391778277735,0.004842968223056088,0.007554117455097361,0.4362991722699756,0.5382526320321745
2894,Coum_Library4_Col529,B3,f31890,Plate 31,Transformant,Coum_Library4,Col529,f31890,15,B3,0.43361026661847407,0.010587776847507033,0.06385452634436393,0.4362991722699756,0.9938370140894109
2895,Coum_Library4_Col530,B4,f31890,Plate 31,Transformant,Coum_Library4,Col530,f31890,16,B4,0.54544836600255,0.0029422028025554406,0.07105698528822506,0.4362991722699756,1.2501705267160912
2896,SHK0046,B5,f31890,Plate 31,Control,nan,,f31890,17,B5,0.004383357932761219,0.0008590941027120148,0.0027992579391843565,0.4362991722699756,0.010046679460690933
2897,Coum_Library4_Col531,B6,f31890,Plate 31,Transformant,Coum_Library4,Col531,f31890,18,B6,0.004576286049154619,0.0017592089229803312,-0.0015659994535212386,0.4362991722699756,0.010488871719249743
2898,Coum_Library4_Col532,B7,f31890,Plate 31,Transformant,Coum_Library4,Col532,f31890,19,B7,0.23242356384622948,0.0026077044478193066,0.017029044171854222,0.4362991722699756,0.5327160320680351
2899,Coum_Library4_Col533,B8,f31890,Plate 31,Transformant,Coum_Library4,Col533,f31890,20,B8,0.3817247658628611,0.0024282376893885148,0.06591964532150937,0.4362991722699756,0.8749151731753809
2900,SHK0066,B9,f31890,Plate 31,Control,nan,,f31890,21,B9,0.41506868119429063,0.005093181731922866,0.04726241492714393,0.4362991722699756,0.9513396026739472
2901,Coum_Library4_Col534,B10,f31890,Plate 31,Transformant,Coum_Library4,Col534,f31890,22,B10,0.2541102715205932,0.4105996544380771,0.030377143932489626,0.4362991722699756,0.5824220802402839
2902,Coum_Library4_Col535,B11,f31890,Plate 31,Transformant,Coum_Library4,Col535,f31890,23,B11,0.48032462876904747,-0.0002343961138472625,0.04742103820409654,0.4362991722699756,1.1009065780941467
2903,Coum_Library4_Col536,B12,f31890,Plate 31,Transformant,Coum_Library4,Col536,f31890,24,B12,0.5015136981281866,0.011856045120068378,0.0804947407963409,0.4362991722699756,1.149472036627787
2904,Coum_Library4_Col537,C1,f31890,Plate 31,Transformant,Coum_Library4,Col537,f31890,25,C1,0.3349485939284983,0.004009372833395537,0.013894637208545715,0.4362991722699756,0.7677039408207654
2905,Coum_Library4_Col538,C2,f31890,Plate 31,Transformant,Coum_Library4,Col538,f31890,26,C2,0.5049862854151218,0.003767917796482673,0.07253288050733692,0.4362991722699756,1.1574312249729495
2906,Coum_Library4_Col539,C3,f31890,Plate 31,Transformant,Coum_Library4,Col539,f31890,27,C3,0.48527340909560424,0.0010784208706229113,0.050809381773756795,0.4362991722699756,1.1122492086584204
2908,Coum_Library4_Col541,C5,f31890,Plate 31,Transformant,Coum_Library4,Col541,f31890,29,C5,0.4082979939563667,0.1630749855632545,0.07090140610775332,0.4362991722699756,0.9358211518763042
2909,Coum_Library4_Col542,C6,f31890,Plate 31,Transformant,Coum_Library4,Col542,f31890,30,C6,0.4695461697075171,0.0029662314465959986,0.06692570744743132,0.4362991722699756,1.0762022931754927
2910,Coum_Library4_Col543,C7,f31890,Plate 31,Transformant,Coum_Library4,Col543,f31890,31,C7,0.2492923855231241,0.003491215341745308,0.0023650691059595294,0.4362991722699756,0.5713794601674503
2911,Coum_Library4_Col544,C8,f31890,Plate 31,Transformant,Coum_Library4,Col544,f31890,32,C8,0.44843214143545357,0.0009808362145663162,0.07978691703638849,0.4362991722699756,1.0278088292085281
2912,Coum_Library4_Col545,C9,f31890,Plate 31,Transformant,Coum_Library4,Col545,f31890,33,C9,0.3196719483774415,0.1261883142523654,0.02781643235038934,0.4362991722699756,0.7326897887847312
2913,Coum_Library4_Col546,C10,f31890,Plate 31,Transformant,Coum_Library4,Col546,f31890,34,C10,0.33276759883926876,0.006919891058047287,0.03203823430727495,0.4362991722699756,0.7627050885931018
2914,Coum_Library4_Col547,C11,f31890,Plate 31,Transformant,Coum_Library4,Col547,f31890,35,C11,0.5056620594784178,0.002904080446349816,0.0843671970056643,0.4362991722699756,1.1589801026840396
2915,Coum_Library4_Col548,C12,f31890,Plate 31,Transformant,Coum_Library4,Col548,f31890,36,C12,0.2331580450878667,0.005638188004226665,0.01893302264443981,0.4362991722699756,0.5343994669409822
2916,Coum_Library4_Col549,D1,f31890,Plate 31,Transformant,Coum_Library4,Col549,f31890,37,D1,0.6891350802277487,0.004479254698783072,0.05753067827360298,0.4362991722699756,1.5795012322446533
2917,Coum_Library4_Col550,D2,f31890,Plate 31,Transformant,Coum_Library4,Col550,f31890,38,D2,0.5163967578691286,0.0018906395293739019,0.06377911750917149,0.4362991722699756,1.183584087914771
2918,Coum_Library4_Col551,D3,f31890,Plate 31,Transformant,Coum_Library4,Col551,f31890,39,D3,0.48541199537184854,0.004019650513628815,0.06392378697493821,0.4362991722699756,1.1125668491332426
2920,Coum_Library4_Col553,D5,f31890,Plate 31,Transformant,Coum_Library4,Col553,f31890,41,D5,0.4582035502422292,0.14560416553798877,0.059347577817193145,0.4362991722699756,1.0502049496410675
2921,Coum_Library4_Col554,D6,f31890,Plate 31,Transformant,Coum_Library4,Col554,f31890,42,D6,0.4714393596952344,0.002106122799864936,0.056213561098896525,0.4362991722699756,1.0805414945951686
2922,Coum_Library4_Col555,D7,f31890,Plate 31,Transformant,Coum_Library4,Col555,f31890,43,D7,0.6051681570943415,0.004748405028453412,0.07551155793619607,0.4362991722699756,1.3870486023289363
2923,Coum_Library4_Col556,D8,f31890,Plate 31,Transformant,Coum_Library4,Col556,f31890,44,D8,0.2970268751663251,0.005138639990245152,0.016023529588315776,0.4362991722699756,0.6807871617563582
2924,Coum_Library4_Col557,D9,f31890,Plate 31,Transformant,Coum_Library4,Col557,f31890,45,D9,0.5046608971178427,0.0034753038742226516,0.04710711250294868,0.4362991722699756,1.156685433282385
2925,Coum_Library4_Col558,D10,f31890,Plate 31,Transformant,Coum_Library4,Col558,f31890,46,D10,0.6300005747339787,0.005372553151247052,0.09191460733507656,0.4362991722699756,1.4439646343040584
2926,Coum_Library4_Col559,D11,f31890,Plate 31,Transformant,Coum_Library4,Col559,f31890,47,D11,0.017220609618754476,0.004853174727900153,0.0019038421855259284,0.4362991722699756,0.039469727914355546
2927,Coum_Library4_Col560,D12,f31890,Plate 31,Transformant,Coum_Library4,Col560,f31890,48,D12,0.3939846720040963,0.007276859963351441,0.05724865029150401,0.4362991722699756,0.9030149426006802
2928,Coum_Library4_Col561,E1,f31890,Plate 31,Transformant,Coum_Library4,Col561,f31890,49,E1,0.493788230495163,0.0006544510381004714,0.04860146310444986,0.4362991722699756,1.1317652241375649
2929,Coum_Library4_Col562,E2,f31890,Plate 31,Transformant,Coum_Library4,Col562,f31890,50,E2,0.4905878144174175,0.001537026565654133,0.09522229527811521,0.4362991722699756,1.1244298536368729
2930,Coum_Library4_Col563,E3,f31890,Plate 31,Transformant,Coum_Library4,Col563,f31890,51,E3,0.47359322979773605,0.0024423130609663103,0.0600485087936582,0.4362991722699756,1.0854781762104362
2932,Coum_Library4_Col565,E5,f31890,Plate 31,Transformant,Coum_Library4,Col565,f31890,53,E5,0.5205225448458491,0.06083450797909191,0.08060882026410218,0.4362991722699756,1.1930404133880808
2933,Coum_Library4_Col566,E6,f31890,Plate 31,Transformant,Coum_Library4,Col566,f31890,54,E6,0.44633712078039495,0.000943322469773877,0.0644326847916886,0.4362991722699756,1.0230070308366481
2936,Coum_Library4_Col568,E9,f31890,Plate 31,Transformant,Coum_Library4,Col568,f31890,57,E9,0.4828216819597967,0.1330854920069913,0.09220440893385785,0.4362991722699756,1.1066298371545698
2937,Coum_Library4_Col569,E10,f31890,Plate 31,Transformant,Coum_Library4,Col569,f31890,58,E10,0.7145871057575961,-0.001990351500413256,0.043807715184809755,0.4362991722699756,1.6378374087664322
2938,SHK0058,E11,f31890,Plate 31,Control,nan,,f31890,59,E11,0.465055702179847,0.0033311441095483937,0.06412920683856868,0.4362991722699756,1.0659101179593282
2939,Coum_Library4_Col570,E12,f31890,Plate 31,Transformant,Coum_Library4,Col570,f31890,60,E12,0.5383055676878499,0.000870649958697826,0.06038173880491145,0.4362991722699756,1.2337991953712766
2940,Coum_Library4_Col571,F1,f31890,Plate 31,Transformant,Coum_Library4,Col571,f31890,61,F1,0.47010570781730426,0.0031466958680531525,0.0706644952043478,0.4362991722699756,1.077484757469147
2941,Coum_Library4_Col572,F2,f31890,Plate 31,Transformant,Coum_Library4,Col572,f31890,62,F2,0.4716900995536361,0.0027288542795886033,0.05622420578863589,0.4362991722699756,1.081116191670795
2942,Coum_Library4_Col573,F3,f31890,Plate 31,Transformant,Coum_Library4,Col573,f31890,63,F3,0.5735964287107638,0.006185387909807528,0.08109839652244825,0.4362991722699756,1.3146860346455818
2943,SHK0066,F4,f31890,Plate 31,Control,nan,,f31890,64,F4,0.45334573447127036,0.0047487713086250185,0.06585440369854148,0.4362991722699756,1.0390708103171613
2944,Coum_Library4_Col574,F5,f31890,Plate 31,Transformant,Coum_Library4,Col574,f31890,65,F5,0.4663158515096342,0.002350524804478171,0.05041891943062849,0.4362991722699756,1.0687983868580084
2945,Coum_Library4_Col575,F6,f31890,Plate 31,Transformant,Coum_Library4,Col575,f31890,66,F6,0.4698958622351295,-0.0006337546354610433,0.06206055737348575,0.4362991722699756,1.0770037902899452
2946,Coum_Library4_Col576,F7,f31890,Plate 31,Transformant,Coum_Library4,Col576,f31890,67,F7,0.43572035456167163,0.004300130038271106,0.06394646034898155,0.4362991722699756,0.9986733467650363
2947,Coum_Library4_Col577,F8,f31890,Plate 31,Transformant,Coum_Library4,Col577,f31890,68,F8,0.7118270070976043,0.003584359348064458,0.05781151725874567,0.4362991722699756,1.6315112481055454
2948,Coum_Library4_Col578,F9,f31890,Plate 31,Transformant,Coum_Library4,Col578,f31890,69,F9,0.48690811230993064,0.00288697204552395,0.07642018204329634,0.4362991722699756,1.1159959570325266
2949,Coum_Library4_Col579,F10,f31890,Plate 31,Transformant,Coum_Library4,Col579,f31890,70,F10,0.3220762745420201,0.0020871911235469253,0.03583153889864323,0.4362991722699756,0.7382005170129545
2950,Coum_Library4_Col580,F11,f31890,Plate 31,Transformant,Coum_Library4,Col580,f31890,71,F11,0.5811879752960282,0.0009011899978590423,0.06860262031392249,0.4362991722699756,1.3320858993892326
2951,Coum_Library4_Col581,F12,f31890,Plate 31,Transformant,Coum_Library4,Col581,f31890,72,F12,0.5751495668256571,0.009320807639547011,0.13143232564664384,0.4362991722699756,1.3182458353823392
2952,SHK0046,G1,f31890,Plate 31,Control,nan,,f31890,73,G1,0.0014371189097015014,-0.0024924510227615406,0.006167550572255799,0.4362991722699756,0.0032938841076054874
2953,Coum_Library4_Col582,G2,f31890,Plate 31,Transformant,Coum_Library4,Col582,f31890,74,G2,0.5650784525028182,0.0015713513972019592,0.07177493865935398,0.4362991722699756,1.2951627883290042
2954,Coum_Library4_Col583,G3,f31890,Plate 31,Transformant,Coum_Library4,Col583,f31890,75,G3,0.7311676465034276,0.004278636542456345,0.1234573091165276,0.4362991722699756,1.675840095454024
2955,Coum_Library4_Col584,G4,f31890,Plate 31,Transformant,Coum_Library4,Col584,f31890,76,G4,0.5390745836480589,0.0030915417172469395,0.04646326953140783,0.4362991722699756,1.235561784001019
2956,Coum_Library4_Col585,G5,f31890,Plate 31,Transformant,Coum_Library4,Col585,f31890,77,G5,0.49989570300157804,0.0027974280567816777,0.08479372203186439,0.4362991722699756,1.1457635832786999
2957,Coum_Library4_Col586,G6,f31890,Plate 31,Transformant,Coum_Library4,Col586,f31890,78,G6,0.006189240441557059,-0.0049135257906400154,-5.43513969603773e-05,0.4362991722699756,0.014185771678996553
2958,SHK0058,G7,f31890,Plate 31,Control,nan,,f31890,79,G7,0.4458440400606051,0.0003227598635049591,0.061094306979889386,0.4362991722699756,1.0218768872307722
2959,Coum_Library4_Col587,G8,f31890,Plate 31,Transformant,Coum_Library4,Col587,f31890,80,G8,0.007298780042545909,0.0023717012460671223,-0.0005328536528421795,0.4362991722699756,0.016728842286295995
2960,Coum_Library4_Col588,G9,f31890,Plate 31,Transformant,Coum_Library4,Col588,f31890,81,G9,0.5708596320713203,0.006948778921601799,0.055318189057834116,0.4362991722699756,1.308413282338479
2961,Coum_Library4_Col589,G10,f31890,Plate 31,Transformant,Coum_Library4,Col589,f31890,82,G10,0.47141416891363463,0.001892081010123439,0.08969728886579376,0.4362991722699756,1.0804837571911101
2962,Coum_Library4_Col590,G11,f31890,Plate 31,Transformant,Coum_Library4,Col590,f31890,83,G11,0.6465105170008424,0.0037162671869536428,0.076666830356498,0.4362991722699756,1.4818055089061481
2963,Coum_Library4_Col591,G12,f31890,Plate 31,Transformant,Coum_Library4,Col591,f31890,84,G12,0.4724510015187452,0.010345685727781117,0.08318220482288484,0.4362991722699756,1.0828601829810471
2964,Coum_Library4_Col592,H1,f31890,Plate 31,Transformant,Coum_Library4,Col592,f31890,85,H1,0.4485109436882272,0.0016757533955062528,0.05193933059769392,0.4362991722699756,1.0279894443867867
2965,Coum_Library4_Col593,H2,f31890,Plate 31,Transformant,Coum_Library4,Col593,f31890,86,H2,0.737311577198248,0.002520115943313172,0.055794889709403696,0.4362991722699756,1.68992201695494
2966,Coum_Library4_Col594,H3,f31890,Plate 31,Transformant,Coum_Library4,Col594,f31890,87,H3,0.43104591893449273,-0.0004787081381386565,0.06091480260543123,0.4362991722699756,0.9879595156961879
2967,Coum_Library4_Col595,H4,f31890,Plate 31,Transformant,Coum_Library4,Col595,f31890,88,H4,0.4198062975520676,0.011557087660458964,0.06310419779098042,0.4362991722699756,0.962198244309979
2968,Coum_Library4_Col596,H5,f31890,Plate 31,Transformant,Coum_Library4,Col596,f31890,89,H5,0.6697360620049595,0.002179240815669392,0.06537994704619192,0.4362991722699756,1.5350385803403186
2969,Coum_Library4_Col597,H6,f31890,Plate 31,Transformant,Coum_Library4,Col597,f31890,90,H6,0.22359169324885678,0.5405154956876905,0.024663211743923216,0.4362991722699756,0.5124733381582064
2970,Coum_Library4_Col598,H7,f31890,Plate 31,Transformant,Coum_Library4,Col598,f31890,91,H7,0.5243667891723108,-0.0015765471256578775,0.04614899799939818,0.4362991722699756,1.201851441624648
2971,Coum_Library4_Col599,H8,f31890,Plate 31,Transformant,Coum_Library4,Col599,f31890,92,H8,0.27247488593312635,0.26137880524191953,0.01790818137191017,0.4362991722699756,0.6245138731652757
2972,Coum_Library4_Col600,H9,f31890,Plate 31,Transformant,Coum_Library4,Col600,f31890,93,H9,0.3693406388223705,0.014771792225144,0.005123208596821557,0.4362991722699756,0.8465306887949534
2973,SHK0046,H10,f31890,Plate 31,Control,nan,,f31890,94,H10,0.00436163725257452,0.0001272335735607834,-0.0002577867556517198,0.4362991722699756,0.009996895547341544
2974,Coum_Library4_Col601,H11,f31890,Plate 31,Transformant,Coum_Library4,Col601,f31890,95,H11,0.0031543077581203736,0.00025026397486438597,0.001865087961411994,0.4362991722699756,0.007229689989346424
2975,Coum_Library4_Col602,H12,f31890,Plate 31,Transformant,Coum_Library4,Col602,f31890,96,H12,0.5788684682755123,0.005240810185935328,0.05505278024484065,0.4362991722699756,1.3267695770857821
2976,Coum_Library4_Col603,A1,f31891,Plate 32,Transformant,Coum_Library4,Col603,f31891,1,A1,0.5164979056010276,0.00016627569400736657,0.0575351224450541,0.47423607946604796,1.0891155860232378
2977,SHK0058,A2,f31891,Plate 32,Control,nan,,f31891,2,A2,0.48458809784058376,0.0014045934016934753,0.06522313850263867,0.47423607946604796,1.021828829190287
2978,Coum_Library4_Col604,A3,f31891,Plate 32,Transformant,Coum_Library4,Col604,f31891,3,A3,0.3833963893195398,0.009529832766692376,0.04218342002204832,0.47423607946604796,0.8084504868360366
2979,Coum_Library4_Col605,A4,f31891,Plate 32,Transformant,Coum_Library4,Col605,f31891,4,A4,0.6413376558123125,0.0046961433390303635,0.09203741633782773,0.47423607946604796,1.3523594757581658
2980,Coum_Library4_Col606,A5,f31891,Plate 32,Transformant,Coum_Library4,Col606,f31891,5,A5,0.756078072645668,0.0027830351710465486,0.08595411074102255,0.47423607946604796,1.5943073616350565
2981,Coum_Library4_Col607,A6,f31891,Plate 32,Transformant,Coum_Library4,Col607,f31891,6,A6,0.7881465936911979,0.004846727005206105,0.0901244695494627,0.47423607946604796,1.6619287899364135
2982,Coum_Library4_Col608,A7,f31891,Plate 32,Transformant,Coum_Library4,Col608,f31891,7,A7,0.3359693598788135,0.009740711656125991,0.04248860474235411,0.47423607946604796,0.708443272087371
2983,Coum_Library4_Col609,A8,f31891,Plate 32,Transformant,Coum_Library4,Col609,f31891,8,A8,0.30801504998703555,0.13433030296988446,0.023665348137087025,0.47423607946604796,0.6494972932760323
2985,Coum_Library4_Col611,A10,f31891,Plate 32,Transformant,Coum_Library4,Col611,f31891,10,A10,0.9665356461585147,0.14453177830386243,0.06384153189453053,0.47423607946604796,2.038089651986742
2986,Coum_Library4_Col612,A11,f31891,Plate 32,Transformant,Coum_Library4,Col612,f31891,11,A11,0.4051554353562593,0.012234025736677649,0.009404105480504299,0.47423607946604796,0.8543327952028282
2987,SHK0066,A12,f31891,Plate 32,Control,nan,,f31891,12,A12,0.4803223857163139,6.702973317811352e-05,0.07304588971396797,0.47423607946604796,1.012833916510778
2988,Coum_Library4_Col613,B1,f31891,Plate 32,Transformant,Coum_Library4,Col613,f31891,13,B1,0.5416060537124249,0.004619839172629801,0.08205128142618691,0.47423607946604796,1.142059993246887
2989,Coum_Library4_Col614,B2,f31891,Plate 32,Transformant,Coum_Library4,Col614,f31891,14,B2,0.7079117402569357,0.004520482220191439,0.08947281093707789,0.47423607946604796,1.4927412124652935
2990,Coum_Library4_Col615,B3,f31891,Plate 32,Transformant,Coum_Library4,Col615,f31891,15,B3,0.5109588974529629,0.004021254921842328,0.07376431358607476,0.47423607946604796,1.0774357320688503
2991,Coum_Library4_Col616,B4,f31891,Plate 32,Transformant,Coum_Library4,Col616,f31891,16,B4,0.7613469920180256,0.0089051286360665,0.07065746929752627,0.47423607946604796,1.6054176917016556
2992,SHK0046,B5,f31891,Plate 32,Control,nan,,f31891,17,B5,0.2900027961344696,0.0033946683407867157,0.14672918474439717,0.47423607946604796,0.6115156747689666
2993,Coum_Library4_Col617,B6,f31891,Plate 32,Transformant,Coum_Library4,Col617,f31891,18,B6,0.4864092566967464,0.000334338180384108,0.11447629699597926,0.47423607946604796,1.0256690238423118
2994,Coum_Library4_Col618,B7,f31891,Plate 32,Transformant,Coum_Library4,Col618,f31891,19,B7,0.29461284629740997,0.039485835962503615,0.009825400502007546,0.47423607946604796,0.6212366773719971
2996,SHK0066,B9,f31891,Plate 32,Control,nan,,f31891,21,B9,0.468149773215782,0.21443335399391314,0.08014797036997758,0.47423607946604796,0.987166083489222
2997,Coum_Library4_Col620,B10,f31891,Plate 32,Transformant,Coum_Library4,Col620,f31891,22,B10,0.5421791688538729,0.0018598089592712784,0.05674680215892289,0.47423607946604796,1.1432684950169194
2998,Coum_Library4_Col621,B11,f31891,Plate 32,Transformant,Coum_Library4,Col621,f31891,23,B11,0.5884356595893777,0.005010766064181607,0.08800528050066812,0.47423607946604796,1.2408074481636011
2999,Coum_Library4_Col622,B12,f31891,Plate 32,Transformant,Coum_Library4,Col622,f31891,24,B12,0.92617428173054,0.006361778552031576,0.07504813661211401,0.47423607946604796,1.952981482921625
3002,Coum_Library4_Col625,C3,f31891,Plate 32,Transformant,Coum_Library4,Col625,f31891,27,C3,0.8904177521870416,0.3124244236868766,0.05612325672653652,0.47423607946604796,1.8775833192396096
3003,Coum_Library4_Col626,C4,f31891,Plate 32,Transformant,Coum_Library4,Col626,f31891,28,C4,0.6317389029711209,0.016323718114963238,0.0747974449593407,0.47423607946604796,1.3321190232561144
3004,Coum_Library4_Col627,C5,f31891,Plate 32,Transformant,Coum_Library4,Col627,f31891,29,C5,0.45518939938663816,-0.0005427439273344174,0.07665186821138543,0.47423607946604796,0.9598371340686376
3006,Coum_Library4_Col629,C7,f31891,Plate 32,Transformant,Coum_Library4,Col629,f31891,31,C7,0.9681186903067924,0.012552042997261512,0.15910673270186929,0.47423607946604796,2.0414277450100737
3007,Coum_Library4_Col630,C8,f31891,Plate 32,Transformant,Coum_Library4,Col630,f31891,32,C8,0.5241395247920069,0.005132570756882807,0.08681249561768543,0.47423607946604796,1.1052291200242423
3008,Coum_Library4_Col631,C9,f31891,Plate 32,Transformant,Coum_Library4,Col631,f31891,33,C9,1.4598764542001066,0.01808943153921374,0.030660322264033507,0.47423607946604796,3.078374922135429
3009,Coum_Library4_Col632,C10,f31891,Plate 32,Transformant,Coum_Library4,Col632,f31891,34,C10,1.0643985985478497,-0.0055260978754518054,0.09609028425339122,0.47423607946604796,2.2444487980464873
3010,Coum_Library4_Col633,C11,f31891,Plate 32,Transformant,Coum_Library4,Col633,f31891,35,C11,0.6932458561793511,0.005548543867512689,0.0943755110387291,0.47423607946604796,1.461815931339283
3011,Coum_Library4_Col634,C12,f31891,Plate 32,Transformant,Coum_Library4,Col634,f31891,36,C12,0.33433939225184967,0.009289956083610154,0.02134260802705956,0.47423607946604796,0.7050062336638098
3012,Coum_Library4_Col635,D1,f31891,Plate 32,Transformant,Coum_Library4,Col635,f31891,37,D1,0.5888688298919028,0.0021689761381656317,0.07361368265731554,0.47423607946604796,1.2417208546319847
3013,Coum_Library4_Col636,D2,f31891,Plate 32,Transformant,Coum_Library4,Col636,f31891,38,D2,0.7147903282593362,0.013715010862108714,0.08488347290844094,0.47423607946604796,1.5072457773860926
3014,Coum_Library4_Col637,D3,f31891,Plate 32,Transformant,Coum_Library4,Col637,f31891,39,D3,0.5400146722827825,0.0074982751019091794,0.04956655602641026,0.47423607946604796,1.1387043197784446
3015,Coum_Library4_Col638,D4,f31891,Plate 32,Transformant,Coum_Library4,Col638,f31891,40,D4,0.5704011878975824,0.007651441240711053,0.08461121734787816,0.47423607946604796,1.20277897991188
3016,Coum_Library4_Col639,D5,f31891,Plate 32,Transformant,Coum_Library4,Col639,f31891,41,D5,0.5848974564364654,0.014697048252451564,0.09758641281832454,0.47423607946604796,1.233346600484327
3017,Coum_Library4_Col640,D6,f31891,Plate 32,Transformant,Coum_Library4,Col640,f31891,42,D6,0.2528685642639169,0.004105100863164845,0.004237368379113862,0.47423607946604796,0.5332124130003495
3018,Coum_Library4_Col641,D7,f31891,Plate 32,Transformant,Coum_Library4,Col641,f31891,43,D7,0.6870459776008567,0.0066754410510908415,0.12995488058566196,0.47423607946604796,1.4487425300378152
3019,Coum_Library4_Col642,D8,f31891,Plate 32,Transformant,Coum_Library4,Col642,f31891,44,D8,0.8485758079038971,0.003694705670721928,0.06297542450478076,0.47423607946604796,1.7893531189346155
3020,Coum_Library4_Col643,D9,f31891,Plate 32,Transformant,Coum_Library4,Col643,f31891,45,D9,0.4912573536101492,0.012245804789455758,0.06946205856837466,0.47423607946604796,1.0358919847753167
3021,Coum_Library4_Col644,D10,f31891,Plate 32,Transformant,Coum_Library4,Col644,f31891,46,D10,0.6311403030518075,0.005306047009365679,0.06789668330327556,0.47423607946604796,1.3308567828968667
3022,Coum_Library4_Col645,D11,f31891,Plate 32,Transformant,Coum_Library4,Col645,f31891,47,D11,0.2686437318639568,0.021144386685003812,0.027064771753316483,0.47423607946604796,0.5664767897171136
3023,Coum_Library4_Col646,D12,f31891,Plate 32,Transformant,Coum_Library4,Col646,f31891,48,D12,0.2562192200669306,0.7982944490643066,0.025531488112111325,0.47423607946604796,0.5402777881333133
3024,Coum_Library4_Col647,E1,f31891,Plate 32,Transformant,Coum_Library4,Col647,f31891,49,E1,0.5240407575383976,0.011249757356047494,0.09926540239636175,0.47423607946604796,1.105020854019428
3025,Coum_Library4_Col648,E2,f31891,Plate 32,Transformant,Coum_Library4,Col648,f31891,50,E2,0.7224226703422476,0.013175118775892142,0.0879728946718389,0.47423607946604796,1.5233397491722644
3026,Coum_Library4_Col649,E3,f31891,Plate 32,Transformant,Coum_Library4,Col649,f31891,51,E3,0.5702139936824958,0.08303188366351867,0.06804003842211558,0.47423607946604796,1.2023842520048482
3027,Coum_Library4_Col650,E4,f31891,Plate 32,Transformant,Coum_Library4,Col650,f31891,52,E4,0.5111604614151997,0.009592081660755654,0.08742120378757633,0.47423607946604796,1.0778607608065705
3028,Coum_Library4_Col651,E5,f31891,Plate 32,Transformant,Coum_Library4,Col651,f31891,53,E5,0.6081804892053315,0.021806085635725603,0.10567446946532284,0.47423607946604796,1.2824424701935253
3029,Coum_Library4_Col652,E6,f31891,Plate 32,Transformant,Coum_Library4,Col652,f31891,54,E6,0.5021461303040066,0.006755286023208402,0.05969866770227263,0.47423607946604796,1.0588526517623524
3032,Coum_Library4_Col654,E9,f31891,Plate 32,Transformant,Coum_Library4,Col654,f31891,57,E9,0.28198034945221934,0.2080162348506507,0.0060358772216225,0.47423607946604796,0.5945991071993231
3033,Coum_Library4_Col655,E10,f31891,Plate 32,Transformant,Coum_Library4,Col655,f31891,58,E10,0.4526086663883044,0.012871045380920824,0.05160092230849965,0.47423607946604796,0.9543952600525579
3034,SHK0058,E11,f31891,Plate 32,Control,nan,,f31891,59,E11,0.49680937881348697,0.005514462807520497,0.07080875747788429,0.47423607946604796,1.0475992872007014
3035,Coum_Library4_Col656,E12,f31891,Plate 32,Transformant,Coum_Library4,Col656,f31891,60,E12,0.6508542989420415,0.00831269236427169,0.03896018523588354,0.47423607946604796,1.372426787255098
3036,Coum_Library4_Col657,F1,f31891,Plate 32,Transformant,Coum_Library4,Col657,f31891,61,F1,0.5216953343949304,0.0032748753357153488,0.07210214107081711,0.47423607946604796,1.100075167166357
3037,Coum_Library4_Col658,F2,f31891,Plate 32,Transformant,Coum_Library4,Col658,f31891,62,F2,0.5273485416083635,0.0030971630394222784,0.09415764438827523,0.47423607946604796,1.1119958274834676
3038,Coum_Library4_Col659,F3,f31891,Plate 32,Transformant,Coum_Library4,Col659,f31891,63,F3,0.5423206187995271,0.001798012458046823,0.06488038333955953,0.47423607946604796,1.1435667640685139
3039,SHK0066,F4,f31891,Plate 32,Control,nan,,f31891,64,F4,0.46074809371118197,0.007115081793090153,0.07152821884629655,0.47423607946604796,0.9715584993658594
3040,Coum_Library4_Col660,F5,f31891,Plate 32,Transformant,Coum_Library4,Col660,f31891,65,F5,0.5162214173171139,-0.0020080608912457676,0.04645423198640447,0.47423607946604796,1.0885325677842523
3041,Coum_Library4_Col661,F6,f31891,Plate 32,Transformant,Coum_Library4,Col661,f31891,66,F6,0.4603046187166633,0.01888474754509584,0.15984984610518113,0.47423607946604796,0.9706233638632674
3042,Coum_Library4_Col662,F7,f31891,Plate 32,Transformant,Coum_Library4,Col662,f31891,67,F7,0.47055509975783516,0.016989024926929015,0.0687334241788977,0.47423607946604796,0.9922380859078515
3043,Coum_Library4_Col663,F8,f31891,Plate 32,Transformant,Coum_Library4,Col663,f31891,68,F8,0.5436146764812909,0.0010106649925798368,0.03580269752810728,0.47423607946604796,1.1462954845050122
3044,Coum_Library4_Col664,F9,f31891,Plate 32,Transformant,Coum_Library4,Col664,f31891,69,F9,0.6347103761949422,0.012062201129154987,0.0883413179783731,0.47423607946604796,1.3383848333715467
3045,Coum_Library4_Col665,F10,f31891,Plate 32,Transformant,Coum_Library4,Col665,f31891,70,F10,0.6710216279926461,0.006044203014200907,0.07067233822653084,0.47423607946604796,1.4149527145808116
3046,Coum_Library4_Col666,F11,f31891,Plate 32,Transformant,Coum_Library4,Col666,f31891,71,F11,1.1340634484340542,0.005212550375501136,0.06668452912766346,0.47423607946604796,2.391347890930018
3047,Coum_Library4_Col667,F12,f31891,Plate 32,Transformant,Coum_Library4,Col667,f31891,72,F12,0.4780119672135139,0.005438655303764546,0.07336320968185062,0.47423607946604796,1.0079620423475948
3048,SHK0046,G1,f31891,Plate 32,Control,nan,,f31891,73,G1,0.2846229747012547,0.00467421164216934,0.13257476555846662,0.47423607946604796,0.6001714905827441
3049,Coum_Library4_Col668,G2,f31891,Plate 32,Transformant,Coum_Library4,Col668,f31891,74,G2,0.5313817364506825,0.004657985945052489,0.06026264832732514,0.47423607946604796,1.1205004415711601
3050,Coum_Library4_Col669,G3,f31891,Plate 32,Transformant,Coum_Library4,Col669,f31891,75,G3,0.504384226665444,0.018901728182762617,0.057855391079531235,0.47423607946604796,1.063572023523264
3051,Coum_Library4_Col670,G4,f31891,Plate 32,Transformant,Coum_Library4,Col670,f31891,76,G4,0.5451690006083028,0.007308746188481765,0.08593580412394614,0.47423607946604796,1.1495730169288672
3052,Coum_Library4_Col671,G5,f31891,Plate 32,Transformant,Coum_Library4,Col671,f31891,77,G5,0.48997248811859795,0.030081032500580644,0.07698777640401275,0.47423607946604796,1.033182647491241
3053,Coum_Library4_Col672,G6,f31891,Plate 32,Transformant,Coum_Library4,Col672,f31891,78,G6,0.7157325409295582,0.004720995004823136,0.08865151486302005,0.47423607946604796,1.5092325782876241
3054,SHK0058,G7,f31891,Plate 32,Control,nan,,f31891,79,G7,0.46063898412064674,0.013459733253719386,0.0805977920564173,0.47423607946604796,0.9713284249466838
3055,Coum_Library4_Col673,G8,f31891,Plate 32,Transformant,Coum_Library4,Col673,f31891,80,G8,0.4761283249843954,0.006494924945319681,0.07867884486278447,0.47423607946604796,1.0039900918556808
3056,Coum_Library4_Col674,G9,f31891,Plate 32,Transformant,Coum_Library4,Col674,f31891,81,G9,0.7096980445972327,0.008961417496219079,0.08555728995793883,0.47423607946604796,1.4965079109887551
3057,Coum_Library4_Col675,G10,f31891,Plate 32,Transformant,Coum_Library4,Col675,f31891,82,G10,0.433514140077327,0.004705686871116608,0.05850419056498454,0.47423607946604796,0.9141315029540338
3058,Coum_Library4_Col676,G11,f31891,Plate 32,Transformant,Coum_Library4,Col676,f31891,83,G11,0.26138905183456834,0.054454245750266965,0.03029858279585353,0.47423607946604796,0.5511791766853159
3059,Coum_Library4_Col677,G12,f31891,Plate 32,Transformant,Coum_Library4,Col677,f31891,84,G12,0.4836633617842907,-0.002285195721773354,0.0882930170806597,0.47423607946604796,1.0198788804277759
3060,Coum_Library4_Col678,H1,f31891,Plate 32,Transformant,Coum_Library4,Col678,f31891,85,H1,0.5579301507512491,0.0019427317582887229,0.061021907362901195,0.47423607946604796,1.1764818724451205
3061,Coum_Library4_Col679,H2,f31891,Plate 32,Transformant,Coum_Library4,Col679,f31891,86,H2,0.5020494483468069,0.005264827444139816,0.07024417344490957,0.47423607946604796,1.0586487829270066
3062,Coum_Library4_Col680,H3,f31891,Plate 32,Transformant,Coum_Library4,Col680,f31891,87,H3,0.7166562000213422,0.006885006415140876,0.06545522940666615,0.47423607946604796,1.511180256104175
3063,Coum_Library4_Col681,H4,f31891,Plate 32,Transformant,Coum_Library4,Col681,f31891,88,H4,0.5461368096508584,0.008144048032837014,0.06302811262078871,0.47423607946604796,1.1516137917337816
3064,Coum_Library4_Col682,H5,f31891,Plate 32,Transformant,Coum_Library4,Col682,f31891,89,H5,0.5504102902567547,0.013830674922158243,0.049862535651207754,0.47423607946604796,1.1606250854563256
3065,Coum_Library4_Col683,H6,f31891,Plate 32,Transformant,Coum_Library4,Col683,f31891,90,H6,0.7551834186490363,0.008400260701371438,0.07665638021027309,0.47423607946604796,1.59242084554029
3066,Coum_Library4_Col684,H7,f31891,Plate 32,Transformant,Coum_Library4,Col684,f31891,91,H7,0.6645136391333739,0.011519054310187788,0.04147388005425144,0.47423607946604796,1.4012296151772412
3067,Coum_Library4_Col685,H8,f31891,Plate 32,Transformant,Coum_Library4,Col685,f31891,92,H8,0.44393915987617727,0.004411762092870087,0.07511650486439891,0.47423607946604796,0.9361142669195844
3069,SHK0046,H10,f31891,Plate 32,Control,nan,,f31891,94,H10,0.2633068156147197,0.20522888224643004,0.15476193454782208,0.47423607946604796,0.5552230777362662
3070,Coum_Library4_Col687,H11,f31891,Plate 32,Transformant,Coum_Library4,Col687,f31891,95,H11,0.750792360006449,0.004451755988165957,0.10041415317513042,0.47423607946604796,1.5831616203722445
3071,Coum_Library4_Col688,H12,f31891,Plate 32,Transformant,Coum_Library4,Col688,f31891,96,H12,0.48357372395513987,0.0011213158524163646,0.065639230872933,0.47423607946604796,1.0196898652240998
